LIMIT_BAL,SEX,EDUCATION,MARRIAGE,AGE,PAY_0,PAY_2,PAY_3,PAY_4,PAY_5,PAY_6,BILL_AMT1,BILL_AMT2,BILL_AMT3,BILL_AMT4,BILL_AMT5,BILL_AMT6,PAY_AMT1,PAY_AMT2,PAY_AMT3,PAY_AMT4,PAY_AMT5,PAY_AMT6,target
40000,2,2,2,26,0,0,0,0,-1,-1,36835,37528,35964,34258,516,38432,2000,2000,5000,516,39235,2000,1
80000,1,1,2,27,0,0,0,0,0,0,72565,63342,51529,41484,34097,29200,10000,4000,2000,3000,2500,0,1
340000,2,2,1,46,-2,-2,-2,-2,-2,-2,0,0,0,0,0,0,0,0,0,0,0,0,1
260000,1,3,2,31,0,0,0,0,0,0,257920,256117,232981,202190,202800,202490,10036,8185,6715,7033,6728,6882,1
50000,2,1,1,38,0,0,0,2,0,0,10379,11200,14568,14008,14827,19297,1000,3560,0,1000,4656,712,0
50000,1,1,2,25,-2,-2,-2,-2,-2,-2,0,0,0,0,0,0,0,0,0,0,0,0,1
170000,1,2,2,43,0,0,0,0,0,0,136485,87236,79244,59144,60228,61578,3602,3903,2265,2188,2353,2411,1
50000,2,3,1,39,0,0,2,-1,0,0,58300,59727,142,29886,30510,31276,7876,161,74354,927,1089,9100,1
50000,1,2,2,40,0,0,0,0,0,0,48331,49163,49754,19169,19480,19569,2300,2200,1000,1000,800,700,0
130000,1,3,2,43,1,-1,-1,-2,-1,-1,1018,6377,-2,935,4985,1212,6433,2,937,4990,1215,9546,0
310000,2,1,1,33,-2,-2,-2,-2,-2,-2,115,894,0,0,0,0,894,0,0,0,0,0,0
70000,1,2,2,32,0,0,0,0,0,0,66982,68817,60607,28622,24485,18419,3036,2264,858,797,814,2003,1
100000,2,2,1,36,0,0,0,0,0,0,21237,16723,15868,8275,5954,7075,3013,4031,3012,2006,3121,5781,1
90000,2,1,1,36,-1,-1,-2,-2,-2,-1,9999,0,0,0,0,1980,0,0,0,0,1980,0,1
300000,2,1,2,31,0,0,0,-1,-1,-1,11158,1616,3658,658,662,0,1000,2700,658,662,0,0,1
430000,2,2,1,36,1,-2,-2,-2,-2,-2,1821,2324,2250,3004,1074,1623,2324,2250,3004,1074,1623,2493,1
250000,1,2,2,42,0,0,0,0,0,0,212787,218035,223068,228051,233072,237879,9000,9000,9000,9000,9000,9000,1
20000,2,3,1,54,1,2,2,2,0,0,7189,6925,8402,9111,9802,10508,0,1600,1000,1000,866,0,1
30000,2,2,1,32,1,3,2,0,0,2,27807,27078,26363,27379,28953,28354,0,0,1758,2332,0,1400,0
50000,1,2,2,27,0,0,0,0,0,-1,50580,48956,49252,28838,2102,19366,3000,4063,1700,600,20000,1000,1
500000,1,1,2,31,1,-2,-1,0,0,0,0,0,399,35528,10389,0,0,399,35129,0,0,1307,1
170000,2,2,2,38,0,0,0,0,2,2,86401,88991,91571,94045,97965,101176,3991,4071,4000,5600,5000,4000,1
450000,2,1,2,35,1,2,2,0,0,0,131351,132453,128901,132982,141298,137347,4723,0,6270,12000,16309,5000,1
50000,2,1,2,24,0,0,0,2,0,0,27245,28300,31900,31090,31837,32555,1800,4400,0,1400,1400,1400,1
80000,1,1,2,43,0,0,0,0,0,0,84437,85065,77727,73713,74328,75649,3093,8000,3000,3000,3000,4000,1
230000,1,1,2,33,0,0,0,0,0,0,57171,56150,57074,50670,50652,51267,2100,2300,2000,2000,2000,2000,1
180000,2,3,1,61,0,0,0,0,0,0,20554,21560,22587,23599,24069,24573,1353,1380,1392,862,892,1000,0
170000,2,3,1,61,1,-2,-2,-2,-1,-1,0,0,0,0,200,0,0,0,0,200,0,0,1
30000,2,2,1,30,0,0,0,2,0,0,25156,25949,28478,27754,28186,30240,1500,3000,0,1001,2500,1200,1
10000,2,2,2,24,-1,-1,-1,-1,-1,2,5666,576,1709,1470,2010,780,576,1709,1470,2010,0,1080,0
490000,2,2,1,30,0,0,0,0,0,0,195330,200768,206026,203938,198453,200496,8683,10021,8017,16270,6599,6024,1
50000,1,3,2,26,0,0,0,0,0,0,49006,48814,49180,44941,20056,19783,2000,2000,2005,700,856,1000,1
160000,2,2,1,27,-1,0,0,0,0,0,86772,71275,54769,39137,26971,3426,2805,1487,958,539,1000,390,1
90000,2,1,2,29,-2,-2,-2,-2,-2,-2,-240,-240,-240,-240,-240,-240,0,0,0,0,0,0,1
10000,1,2,1,50,0,0,0,0,0,-1,3664,4526,6880,8830,5550,6195,1300,3000,2509,0,6195,0,1
280000,2,2,1,26,0,0,0,0,0,0,256455,245712,231025,182159,80747,51689,8354,5501,4293,2079,1892,20012,1
30000,1,2,1,48,0,0,0,0,0,0,26846,27879,28870,27806,25142,25667,1783,1774,1710,1046,1079,1089,1
110000,1,2,1,46,0,0,0,0,2,0,44953,47315,46997,50740,49115,49529,3087,1769,4512,0,1930,1601,0
150000,2,1,2,25,0,0,0,2,0,0,78823,80514,87096,84806,85822,87504,3000,7900,0,3300,3200,3300,1
30000,2,3,1,47,0,0,0,0,0,0,15979,17705,19107,20281,20941,21799,2000,2000,1500,1000,1200,2000,1
210000,2,2,1,25,0,0,0,0,0,0,7788,8801,9825,10838,12652,13060,1149,1173,1186,2000,1000,1000,1
360000,2,1,1,41,0,0,0,0,0,0,250180,141206,64277,32727,13004,0,4428,2017,305,1240,0,0,1
320000,2,2,2,36,0,0,0,0,0,0,262613,164486,169691,188527,145676,135254,10043,15005,21640,5004,11628,20020,1
130000,2,1,2,30,2,0,0,2,0,0,112822,115526,123658,120259,121205,124778,4527,10122,1,4355,8918,0,0
170000,2,1,1,45,0,0,0,0,0,0,165243,156688,151405,127090,126388,126399,7067,6443,4617,4711,4673,4603,1
230000,2,2,1,37,0,0,0,0,-1,0,53327,52513,43726,22738,29019,20328,1973,1890,1595,29019,567,506,1
280000,2,2,1,42,-2,-2,-2,-2,-2,-2,396,396,396,396,10948,61123,396,396,396,10948,61123,54802,1
50000,1,2,2,23,0,0,0,-1,0,0,51274,50474,49724,48437,18712,19129,4175,41000,51705,700,718,700,1
470000,1,2,2,27,2,2,2,2,0,0,296573,303320,307843,479978,305145,309959,13000,11001,0,10484,10838,10367,1
50000,2,1,2,28,-1,2,2,2,0,0,4917,4693,6945,6651,4060,4060,0,2500,0,1000,0,0,1
30000,1,3,1,51,0,0,0,0,0,-2,13386,13218,14453,15525,0,0,1218,1453,1525,0,0,0,1
120000,1,3,1,39,-1,-1,-1,-1,-1,-1,326,326,326,326,326,326,326,326,326,326,326,326,1
20000,1,2,2,26,1,2,2,2,0,0,16167,15615,18047,17322,17122,0,0,3000,0,0,0,0,1
170000,1,3,1,39,0,0,0,0,0,0,54397,55501,56823,56269,48558,45690,2009,2239,2067,1594,1576,1503,1
500000,2,2,2,31,0,0,0,0,0,0,43818,45021,49283,66144,75191,80619,5000,5040,17604,10000,10000,10200,1
270000,2,2,1,30,0,0,0,0,0,0,62599,59368,57856,49804,47310,42812,5000,5000,5000,5000,5240,5000,1
120000,2,1,2,26,1,-1,-1,-1,-1,-2,-93,936,0,680,0,0,1029,0,680,0,0,1381,1
20000,1,2,1,38,-1,0,0,0,0,0,18669,19304,19905,20302,20133,20000,1326,1317,714,925,400,0,1
230000,2,3,2,25,0,0,0,0,-1,-1,26214,26504,20010,0,104160,0,2000,1067,0,104160,0,0,1
130000,1,2,1,38,0,0,0,0,0,0,123044,122981,102151,90917,92729,93359,4949,4000,3250,3231,3324,3242,1
30000,2,3,2,47,2,2,2,0,0,2,11652,12461,11970,12981,14077,14367,1300,0,1214,1310,660,0,0
140000,1,2,2,61,0,0,0,0,0,0,131978,135760,127508,92126,69050,73537,6000,3600,2500,5000,5000,5000,1
290000,2,2,2,34,0,0,0,0,0,0,58481,41773,40597,38441,37454,35484,2000,2000,2000,2000,2000,2000,1
180000,1,1,2,38,1,-2,-2,-2,-2,-2,3999,2183,5828,0,2165,645,2183,5828,0,2165,645,4390,1
420000,1,1,2,31,-2,-2,-2,-2,-2,-2,1569,563,1914,1189,1208,4964,565,1923,1194,1214,4988,296,1
30000,1,2,2,25,2,2,2,2,2,2,14420,15390,14846,16098,15700,16784,1500,0,1500,0,1500,0,0
50000,1,2,1,43,0,0,0,0,0,0,27681,28287,28924,29521,29876,30201,1458,1485,1472,1217,1347,558,1
150000,2,1,1,35,-2,-2,-2,-2,-1,-1,329,-31,3189,0,150,880,0,3220,0,150,880,0,1
90000,1,3,1,55,0,0,0,0,0,0,30789,31791,32827,33877,35311,36738,1514,1550,1600,2000,2000,2500,1
70000,2,1,2,31,2,2,7,7,7,7,2400,2400,2400,2400,2400,2400,0,0,0,0,0,0,0
230000,2,2,2,34,-1,-1,-1,-1,-1,-1,316,316,316,316,316,466,316,316,316,316,466,466,1
80000,2,1,2,23,0,0,0,0,0,-1,53261,38091,19744,14556,0,1460,4500,2011,3105,0,1460,0,1
190000,1,3,1,49,2,2,2,2,2,2,178367,179062,177663,180312,185910,191895,5000,3000,7100,8700,9300,9500,0
350000,2,1,2,33,0,0,-1,-1,0,0,14118,4278,8621,970,1345,2267,3922,8621,970,1000,1917,454,1
130000,1,2,1,49,0,0,0,0,-1,-1,24008,21231,14323,7722,4689,-3614,3000,5000,2822,5000,0,6500,1
200000,1,2,2,27,-1,-1,-1,-1,-1,-1,1990,2035,1577,2424,671,1606,2035,1577,2424,671,1606,27124,0
30000,2,2,2,25,-1,-1,0,0,0,0,415,150,150,150,150,150,150,0,0,0,0,0,1
50000,2,1,2,25,-1,-1,-1,-1,-1,-1,2058,287,3423,0,3198,0,287,3423,0,3198,0,0,1
230000,1,2,2,31,0,0,0,0,0,0,14529,16597,18968,21435,27151,26815,5500,3000,4000,8000,4000,5000,0
230000,1,2,1,34,0,0,0,0,0,0,131887,133440,134272,136281,138687,118873,5005,5007,5000,5008,5000,4005,1
30000,2,1,2,24,-2,-2,-2,-2,-2,-2,0,0,0,745,0,0,0,0,745,0,0,930,1
240000,2,2,1,39,-1,-1,-1,0,0,0,9000,2831,68105,95615,123931,151559,2831,68116,30800,30000,30000,10000,1
480000,1,1,2,33,1,-2,-2,-2,-2,-2,-897,-897,-897,-897,-897,-897,0,0,0,0,0,0,1
70000,2,2,1,27,1,2,0,0,2,2,48098,47922,51806,55625,57072,58269,881,4700,4700,2500,2300,2300,0
30000,2,3,1,56,0,0,2,2,0,0,16088,24800,25098,24396,24907,25555,9000,1000,0,903,1061,942,1
50000,2,2,2,44,0,0,0,0,-1,-1,49006,49139,47608,3990,390,0,2000,1000,3600,390,0,4870,1
100000,2,1,2,25,-1,-1,-1,-1,0,0,12660,5000,0,6272,10135,11958,5000,0,6272,4000,2000,0,1
20000,2,2,2,21,-1,-1,2,2,-1,-1,18763,14410,13771,362,5308,0,14410,0,28,22073,0,0,1
20000,1,2,2,23,0,0,0,0,0,0,17728,18835,38099,18471,16408,17135,1700,1262,1244,595,1000,1000,1
370000,2,3,2,27,0,0,0,0,0,0,63412,159542,160885,162368,165591,121614,100000,6000,6000,8000,4500,3000,1
150000,2,1,1,36,0,0,0,0,0,0,38298,39292,40357,41284,42105,43146,1635,1700,1600,1507,1719,2000,1
20000,1,2,1,56,0,0,0,0,0,0,17768,18378,19077,19467,19155,19098,1600,1689,1469,547,500,547,1
90000,2,3,1,37,0,0,0,0,0,0,91193,91078,86785,79894,50546,34427,7006,5026,7031,6000,1345,1500,1
30000,1,3,1,48,0,0,0,0,0,0,29434,28960,29022,29201,29553,29693,1465,2000,1033,1200,1055,530,1
50000,1,2,2,27,0,0,0,0,0,0,6105,7347,8000,8000,10000,0,1500,1000,0,2000,0,2556,1
220000,2,2,1,34,-1,-1,-1,-1,-1,-1,3410,1619,1756,1986,4772,1115,1623,1756,2075,4774,1115,7160,1
200000,2,1,1,28,-1,-1,-1,-1,-1,-1,1878,576,4251,1358,300,0,576,4251,1358,300,8909,5670,1
160000,2,2,2,50,-2,-2,-2,-2,-2,-2,3,3,3,3,13333,0,13333,13333,13333,26663,0,11913,1
170000,1,2,2,27,0,0,0,0,0,0,21958,22572,14549,10849,12509,64218,1300,2000,1000,2000,52292,2200,1
390000,2,2,1,45,1,-2,-2,-2,-2,-2,0,0,0,0,0,0,0,0,0,0,0,3971,0
250000,2,2,2,38,1,-2,-2,-2,-2,-2,0,0,0,0,0,0,0,0,0,0,0,0,0
160000,1,1,2,34,0,0,0,0,0,0,83255,83912,85161,85715,86773,87526,4000,3924,3200,3300,3425,3013,1
30000,1,1,2,26,0,0,-1,-1,-1,-1,27172,27000,780,0,30525,0,1000,780,0,30525,0,0,1
60000,2,3,2,40,0,0,0,0,0,0,35602,35911,36246,29831,29667,30062,1654,1762,1044,1065,1266,979,1
90000,2,2,2,24,0,0,0,0,0,2,12750,15359,16404,17424,18925,18483,3155,1600,1600,2100,0,1500,1
250000,2,2,1,33,3,2,2,-2,-2,-2,2500,2500,0,0,0,0,0,0,0,0,0,0,0
20000,1,2,1,38,0,0,0,0,2,0,6715,7736,8745,9394,9101,9282,1287,1296,945,0,481,829,1
50000,1,3,1,44,0,0,0,0,0,0,19951,17221,15816,13983,13638,10657,1282,1253,1170,535,387,405,1
150000,2,1,1,36,-2,-2,-2,-2,-2,-2,14843,14528,11317,14037,12030,10738,14528,11322,14042,12030,10738,322,1
350000,2,1,1,41,-2,-2,-2,-2,-2,-2,5037,14994,3101,17321,-22,4443,15069,3116,17414,0,4465,9434,1
20000,1,3,1,53,3,4,3,2,3,2,15507,14974,14449,15116,14582,14206,0,0,1200,0,0,2230,0
400000,1,1,1,32,2,2,0,0,-2,-2,187698,190103,195498,0,0,0,7000,10000,0,0,0,4290,0
10000,1,3,2,34,0,0,0,0,0,0,7165,8647,9247,9431,8843,9075,2000,1141,325,331,389,1000,1
220000,1,1,1,33,-1,-1,-1,-1,-1,-1,586,-64,942,5378,126,3419,0,1006,6031,1003,4003,16,1
30000,1,2,2,30,0,-1,0,0,0,0,30210,27826,28672,29622,30271,24536,28000,1600,1500,1000,1000,1000,0
30000,2,2,2,25,0,0,0,0,0,0,24458,29022,28230,22204,21954,22606,5000,1518,529,535,750,347,1
30000,1,1,2,30,0,0,0,0,0,0,26061,27104,28076,25991,25429,26234,1780,1752,1666,800,1161,3128,1
420000,2,1,2,29,0,0,0,0,0,0,105582,97913,75353,78322,77048,23007,23004,20002,7096,20261,3068,10009,1
60000,1,3,2,31,2,2,2,2,0,0,31649,30841,34336,33489,35615,38027,0,4000,0,3000,3000,2000,0
260000,1,2,1,42,3,3,2,2,0,0,215521,210695,213758,208821,213083,217340,0,8000,0,7800,7800,8300,0
50000,2,1,2,27,0,0,0,0,0,0,39607,40399,36712,33485,37712,40065,5014,5000,5000,5000,5000,5000,1
200000,1,2,1,43,2,3,2,2,2,2,94529,92126,94772,92368,101837,103764,0,5000,0,12000,3700,0,0
210000,2,2,1,35,0,0,0,0,0,0,37148,35754,34232,32331,30337,28012,2000,2000,2444,1342,1038,2000,1
50000,1,3,1,37,-1,-1,2,2,-1,-1,3057,3427,3207,0,1250,5245,3000,0,0,1250,5245,0,0
10000,2,2,1,40,1,-1,0,0,0,0,0,1912,3071,4012,9882,5857,1912,1200,1000,1000,1000,0,1
380000,1,1,1,52,1,-1,-1,-1,-1,-2,0,2879,1395,3261,0,0,742,1395,3261,0,0,0,1
350000,2,1,2,33,-1,-1,-1,-1,0,-1,2383,9911,12149,14774,2154,67081,9911,12149,16928,0,67081,103202,1
170000,2,1,2,40,0,0,0,0,0,0,15442,16869,21014,18517,9058,5035,2000,5020,2000,3000,1000,464,1
610000,1,2,1,30,0,0,0,0,0,0,50724,8723,6245,7089,8059,8666,2134,1210,2000,2000,1666,1500,1
150000,1,1,2,28,0,0,0,0,0,0,28416,37392,44547,52871,57877,64020,10000,10008,10012,10002,8006,7005,1
50000,1,2,1,46,0,0,0,0,0,0,48885,48793,34440,30889,30182,29912,2000,2500,2000,1500,5000,1500,1
150000,1,1,2,33,0,0,0,0,0,0,45335,50262,54793,59244,64096,68837,6000,6000,6000,6000,6001,6000,1
360000,2,1,2,35,-2,-2,-2,-2,-2,-2,-3,-3,-3,-3,-3,597,0,0,0,0,600,590,1
10000,1,1,2,24,0,0,2,0,0,0,7680,10160,9844,9554,9515,9700,2616,0,400,499,500,900,0
50000,2,2,2,22,2,2,2,3,2,2,19091,18487,22219,21520,20108,18207,0,4042,0,648,0,921,1
20000,1,3,1,52,0,0,3,2,0,0,16049,19967,19368,18759,19131,19533,4519,0,0,683,709,1027,0
100000,2,2,1,28,0,0,0,0,0,0,95251,98226,98295,100406,100430,101392,5401,3576,3754,3806,3796,4000,1
320000,1,2,1,33,0,0,0,0,0,0,254065,136709,81130,103543,105623,107549,68000,12000,25000,3208,4031,94390,1
120000,1,1,2,34,1,2,2,-1,-1,-1,650,625,300,475,300,325,300,0,500,300,500,300,0
170000,1,3,1,44,1,-2,-2,-2,-2,-2,0,0,0,0,0,0,0,0,0,0,0,0,1
40000,2,2,2,33,-1,-1,-1,2,-1,-1,1860,1979,4167,1979,1979,1979,2279,4167,0,1979,1979,1775,1
380000,1,1,2,33,0,0,0,0,0,0,70591,76715,80080,81162,89571,96627,10000,5000,5000,10000,10000,10000,1
50000,1,2,1,42,0,0,0,0,0,-1,46100,46949,18755,11112,11374,5919,2133,1058,2000,2043,5919,16346,0
250000,2,1,1,50,-2,-2,-1,-1,-1,-2,18381,2749,5285,9138,1187,1235,2749,5674,9527,1187,1235,2678,1
260000,2,2,1,35,-2,-2,-2,-2,-2,-2,3439,10034,256,274,388,766,10127,258,274,388,766,1185,1
170000,2,2,2,56,-1,-1,-1,-1,-1,-1,4767,0,451,0,424,1482,0,451,0,424,1482,688,0
230000,2,1,1,34,-1,-1,0,0,-1,-1,3394,8338,11744,9359,19002,8443,8338,9359,0,19002,8740,0,1
80000,1,2,2,34,2,2,2,2,2,2,72557,77708,79384,77519,82607,81158,7000,3500,0,7000,0,4000,0
20000,1,2,1,50,1,2,0,0,2,0,1065,675,1285,1895,1340,950,0,1000,1000,0,0,450,0
180000,2,2,2,25,0,0,0,-2,-1,0,11393,2963,0,0,351,1351,2000,0,0,351,1000,0,1
220000,2,1,2,45,-1,-1,-1,-1,-1,-1,4624,2874,1210,632,15243,5471,2888,1216,640,15251,5472,4045,1
50000,1,2,2,42,-1,0,0,0,0,0,47612,97918,49376,19693,19677,19657,2113,1949,685,700,712,674,1
180000,2,1,2,33,-2,-2,-2,-2,-2,-2,8492,5199,9973,10069,13190,20127,5199,9973,10083,13279,20127,9422,1
170000,2,2,1,42,0,0,0,0,-2,-2,52262,36518,20533,-919,-919,-919,1985,1000,16000,16000,16000,24288,1
30000,2,2,1,29,0,0,0,0,0,0,15455,6570,11000,12460,28778,24244,2000,5000,2000,17000,1500,2000,1
270000,2,3,1,41,0,0,0,0,0,0,48872,43688,35638,41704,43869,45160,3688,2638,6704,2869,2000,1686,1
150000,1,1,2,29,-2,-2,-2,-2,-2,-2,4583,6917,831,6469,5138,7810,6989,833,6488,5153,7833,7130,1
280000,2,2,1,50,2,2,2,2,0,0,106341,108711,111510,108253,109065,111447,5600,6000,0,4100,4300,4300,0
250000,1,1,2,29,0,0,0,0,0,0,124442,93302,92934,94002,92826,88001,5000,5000,3500,4000,4000,5000,1
70000,2,2,2,34,2,2,2,0,0,2,64913,63387,58840,56431,56859,54449,3000,0,2000,4219,1700,323,1
150000,2,1,2,26,0,0,0,0,0,0,136736,125651,116684,101581,77741,77264,4486,4235,3161,2647,2669,2669,1
50000,2,3,1,61,2,0,0,0,2,0,5016,6065,6985,6354,4908,3724,1135,1055,656,0,133,50,1
200000,2,3,2,29,-1,-1,-1,-1,-1,-1,326,326,326,326,326,326,326,326,326,326,326,326,1
130000,1,2,1,44,0,0,0,-1,-1,-2,139892,131365,9910,12909,0,0,6179,1969,131000,0,0,1700,0
190000,2,2,2,26,-1,-1,-1,-1,-1,-1,11613,10000,10000,10000,10000,10941,10000,10000,10000,10000,10941,79027,1
70000,2,3,1,39,0,0,0,0,0,2,124493,125680,129498,131216,136744,133413,4800,5900,6000,9200,0,4859,1
180000,1,1,2,29,1,-1,-1,-1,-1,-1,0,100000,0,7632,0,6071,100000,0,7632,0,6071,0,1
50000,1,2,2,24,0,0,-1,-1,0,0,14937,12171,3847,11117,6479,6187,3027,3858,11139,3009,3016,3008,1
460000,2,1,2,34,1,-2,-2,-2,-2,-2,-258,-258,-258,1209,703,990,0,0,1467,703,990,3200,1
30000,1,2,1,49,0,0,0,0,0,0,29707,28853,30107,29923,29472,27729,2000,3000,4000,2000,4000,2000,1
180000,2,1,2,31,-1,-1,-1,-1,-1,-1,3920,1020,0,860,13335,15248,1020,0,860,13335,15248,17676,1
220000,1,1,2,39,3,2,0,0,0,2,184140,187089,189680,193561,205161,205477,7500,7100,7203,15000,3500,4500,0
290000,2,1,2,29,0,0,0,0,0,0,10370,5681,7124,8038,4029,6059,1400,1507,2580,2050,2030,0,1
20000,2,2,2,23,0,0,0,0,0,-1,17772,19058,19681,19507,14656,756,1877,1500,500,0,756,23750,1
210000,2,2,1,42,-1,-1,-1,-2,-1,-1,1708,2928,-2,-2,918,-164,2928,0,0,920,0,0,1
410000,2,2,1,41,0,0,0,0,0,0,354506,363666,369776,368779,369358,368043,14600,15500,14000,13580,14000,19000,0
220000,2,2,1,32,-2,-2,-2,-2,-2,-1,183718,172250,175771,180794,184650,167856,6243,6376,7942,8270,170000,6002,0
50000,1,1,2,32,0,0,0,2,0,0,13185,5070,6815,6068,7798,8511,1255,2000,0,2000,1000,500,1
30000,2,1,2,27,0,0,-1,0,0,-2,1512,2458,664,1814,0,0,1000,664,1500,0,0,0,1
180000,2,2,2,31,0,0,0,-1,-1,-1,6903,11489,5488,1635,1680,782,8000,3003,1635,1680,782,4374,1
10000,2,2,1,25,0,0,0,0,0,2,6991,8008,9018,9198,9896,9703,1126,1136,316,833,100,292,1
400000,1,1,1,38,1,2,2,2,-1,0,36838,26214,16199,3320,111353,103569,65,3383,20,112679,3699,3567,1
20000,1,1,2,23,1,-2,-2,-2,-2,-2,-348,-738,-738,-1518,-1518,-1518,0,0,0,0,0,0,0
50000,1,2,2,21,0,0,0,0,0,0,21023,27270,11342,8305,7288,0,3000,1000,0,0,0,0,1
20000,2,3,1,26,0,0,0,2,0,0,15271,16707,20601,19952,19586,18528,2000,4500,0,671,700,2000,0
200000,2,3,1,41,0,0,0,0,-2,-2,98184,103228,119034,0,0,0,5143,19034,0,0,0,0,1
150000,2,5,1,45,0,0,0,0,0,0,232587,259740,241615,139741,144692,124197,30032,25099,80000,120000,95000,30000,1
160000,2,1,2,26,-1,0,0,0,0,-2,157453,155081,137027,70845,0,0,5937,5000,1417,0,0,0,1
260000,2,1,1,36,-1,-1,-1,-1,-1,-1,416,416,416,3541,416,416,416,416,3541,416,416,1644,1
30000,2,1,2,25,2,2,2,2,2,2,7593,9634,4476,8830,8153,6422,2379,7,7002,13,155,1,1
280000,1,2,1,25,-1,-1,0,0,0,0,3863,84601,67765,63628,60860,60316,89295,2192,1899,1673,2125,1511,1
180000,2,1,1,44,-1,-1,-1,-1,-1,-1,1210,1071,6554,0,21398,298,1071,6557,0,21398,298,0,1
500000,1,1,1,46,-1,-1,-1,-1,-1,-2,991,4073,6738,2500,0,0,4082,6738,2510,0,0,1000,1
170000,2,2,2,27,0,0,0,0,0,0,80848,83678,28461,13263,3637,4814,8000,2000,1000,1000,2000,1000,1
60000,2,2,2,25,0,0,0,0,0,0,36081,37194,38116,39902,58737,56902,2500,2000,3000,20000,3000,2000,1
80000,2,3,1,41,0,0,0,0,0,0,54074,50967,29143,33520,19060,14275,10000,10000,5000,3000,3000,5000,1
20000,1,2,2,37,0,0,0,-2,-1,0,7440,15960,0,-1953,5985,6893,10050,0,18047,7985,1000,2000,1
100000,1,2,1,47,1,2,0,0,0,0,99823,96932,96924,96122,97432,95062,0,3579,3472,3287,3590,10179,1
310000,2,1,2,28,0,0,0,0,0,0,8193,43012,36780,31372,17308,35943,43003,2107,1246,346,30000,53000,1
130000,2,2,2,25,2,-1,-1,-1,-1,-1,836,668,1017,1298,550,-286,668,1200,1300,964,1698,60549,0
50000,2,2,1,34,2,2,2,2,2,2,43664,44654,45650,46320,45290,48322,2000,2000,1700,0,3760,1700,1
60000,2,3,2,47,-1,-1,-1,-1,-1,-1,696,696,696,696,696,696,696,696,696,696,696,380,0
230000,2,1,2,28,-1,-1,0,0,0,0,2403,7357,9752,12608,10797,20539,7357,2566,3000,1000,10000,2000,1
30000,2,1,2,25,0,0,2,0,0,2,19801,20449,19798,20217,21435,19239,3000,0,700,1500,0,323,1
230000,2,1,2,29,-2,-2,-2,-2,-2,-2,0,0,1024,0,0,0,0,1024,0,0,0,0,1
70000,2,2,2,30,0,0,0,2,0,0,10149,11454,9638,8761,8572,9274,2000,2000,0,1000,1000,4000,1
270000,2,1,1,40,-1,-1,-1,-1,-1,-1,19769,34813,43852,29677,33341,28413,34813,43856,29682,33341,28413,1351,1
100000,2,1,3,47,0,0,0,0,0,0,43175,42669,42238,41646,40976,40503,1680,1722,1603,1406,1598,1502,1
250000,2,1,2,31,0,0,0,0,0,0,67492,67875,67448,68165,68787,70111,3500,2658,3000,4000,3000,2500,1
80000,1,2,2,28,0,0,0,0,0,0,49302,35916,25528,26034,26615,28173,1412,1425,931,1000,2000,2000,1
340000,2,1,2,50,1,-2,-2,-2,-2,-2,2728,15650,11550,11058,6912,4125,15650,11554,11058,6917,4125,4850,1
150000,1,1,1,43,-2,-2,-2,-2,-1,-1,1000,0,0,1522,5014,1000,0,0,1522,5014,1406,0,1
80000,2,3,1,25,0,-1,-1,-1,-1,-1,3525,1504,0,2332,4320,0,1654,0,2332,4320,0,0,0
500000,2,1,1,54,-1,-1,-1,-1,0,0,6259,2937,10410,30016,8014,2630,2962,10457,30026,26,13,2283,0
50000,2,3,1,41,0,0,0,0,-1,0,46857,48080,49705,51400,16087,16827,2000,2400,3000,16087,1000,800,1
130000,1,1,2,27,0,0,0,0,0,0,69353,49878,30242,31239,31893,32549,2139,1503,1500,1157,1186,5000,1
90000,1,2,1,31,0,0,2,0,0,0,77107,93894,91508,86167,49479,50704,20000,0,3752,1726,2003,2000,1
240000,2,2,2,25,0,0,0,0,0,0,175764,178600,182639,186275,190337,193961,6500,7000,6680,7070,6954,14870,1
100000,2,2,2,23,0,0,0,0,0,0,8002,7954,9777,10026,9657,9279,2000,2000,1000,504,1000,2000,1
50000,2,1,2,35,0,0,0,0,0,0,4309,10834,15251,12159,9581,15222,7000,8000,9400,1000,6000,3000,1
50000,2,1,2,23,-1,-1,-1,0,-1,-1,1300,628,4050,3050,1243,865,628,4050,0,1243,865,3000,1
50000,1,2,2,26,1,2,0,0,2,2,16412,15851,16889,19909,19291,20675,0,1294,3314,0,1700,0,1
290000,2,1,1,38,1,-1,0,0,0,-1,0,7023,9680,7860,7860,8142,7023,5000,3000,0,8142,0,1
500000,1,1,2,30,0,0,0,0,0,0,416171,437749,460317,472621,484993,496915,30000,30000,20000,20000,20000,70152,1
30000,2,2,1,26,2,2,2,2,2,2,30954,30670,29856,30584,27883,29334,2074,0,2304,0,2400,0,1
380000,1,2,2,34,0,0,0,0,0,0,194314,179206,193992,174675,171253,169121,9010,35000,5000,6000,5000,4400,1
130000,2,3,2,35,0,0,0,0,0,0,3929,4857,5771,8659,10503,11329,1000,1000,3000,2000,1000,1000,1
100000,1,2,1,38,-1,-1,-1,2,0,0,7798,864,3302,2430,805,3415,864,2438,821,1,3110,2206,0
280000,2,1,1,44,0,0,0,0,0,0,235635,197003,198808,187425,177340,180506,7665,6497,5555,5027,5065,5361,1
20000,2,2,1,51,1,2,0,0,0,0,14710,14166,14040,13796,12909,12015,0,1253,2232,402,393,357,1
240000,2,1,2,38,-2,-2,-2,-2,-2,-2,3816,3816,3816,3816,816,3816,3816,3816,3816,816,3816,816,1
90000,2,3,1,54,-2,-2,-2,-2,-2,-2,0,0,0,0,1805,0,0,0,0,1805,0,0,0
50000,2,2,2,23,2,0,0,-2,-1,-1,8730,4388,0,0,5412,6414,1000,0,0,5412,2000,0,0
50000,2,3,1,28,0,0,-1,-1,-1,-1,3377,4256,4207,694,238,0,1000,4207,694,238,0,0,1
460000,2,2,2,35,0,0,0,0,0,0,442291,449790,450047,453770,396600,392879,16000,17610,17500,13810,14100,14520,0
220000,2,5,2,46,0,0,0,0,0,0,104603,107850,112108,113520,101164,88354,5000,6000,5000,3649,3580,4000,1
130000,2,2,2,26,0,0,0,0,0,0,187600,185945,183828,164667,132746,57989,6074,6037,4646,4230,1941,2151,1
90000,2,2,2,23,0,0,0,0,0,0,19204,12681,14155,14916,15673,17404,2000,2000,1000,1000,2000,2000,1
310000,1,1,1,43,-2,-2,-2,-2,-2,-2,0,0,0,0,0,0,0,0,0,0,0,0,1
20000,1,2,1,46,0,0,0,0,0,0,5902,6767,8145,8153,8324,8490,1122,1500,291,302,304,319,1
210000,1,1,2,30,0,0,2,0,0,0,99342,99506,100117,101212,101197,103175,4900,4100,3600,4500,4000,3900,1
140000,2,2,1,30,0,0,2,4,3,2,106298,111040,122612,120270,118091,122963,6451,15000,1100,0,7000,0,0
30000,2,1,2,24,0,0,0,0,0,0,21540,22236,23574,24583,24915,25280,1358,1696,1705,1037,915,929,1
200000,1,2,2,32,-2,-2,-2,-2,-2,-2,1473,1473,390,390,540,390,1473,390,390,540,390,0,1
50000,2,2,1,53,0,0,2,0,0,0,13868,14307,14762,15232,16988,17912,2000,1000,1000,2000,1200,2000,0
210000,2,1,1,32,1,-2,-2,-2,-2,-2,0,0,0,0,0,0,0,0,0,0,0,0,1
370000,1,3,2,27,-1,0,0,0,0,0,50886,61378,96133,103773,137735,234740,11378,36133,18773,37735,100000,5600,1
200000,2,2,1,37,0,0,0,0,0,-1,4942,3554,3152,2732,1380,1380,1068,1046,1006,34,1386,1386,1
20000,1,1,2,22,0,0,0,0,0,0,3281,4325,5341,5751,6500,7386,1100,1100,500,1000,1000,1000,1
80000,2,2,2,24,0,0,2,2,2,2,70411,75874,76710,74792,79636,77757,6657,2629,0,6000,0,3000,1
90000,1,2,2,33,0,0,0,0,0,0,56291,58385,60412,61710,63020,64274,3000,3000,2300,2300,2300,2379,0
150000,1,1,2,25,-1,-1,-1,-1,-2,-2,3125,8418,797,-3,-3,-3,8443,799,0,0,0,0,1
150000,1,1,2,30,0,0,0,0,0,0,201864,121338,146685,137993,90715,92759,13230,31280,5979,7760,6000,260000,1
110000,1,3,2,27,0,0,0,0,0,0,55567,65753,65379,65467,64596,62405,15753,5379,5467,4596,3405,1492,1
30000,1,2,2,29,6,5,4,3,2,0,32875,32101,31071,30136,28496,29675,0,0,0,0,1642,0,0
300000,1,2,1,36,1,2,2,2,2,2,54977,56189,56663,57428,58455,57556,2500,1800,2100,1900,0,3500,0
210000,1,2,2,28,-1,0,0,0,-2,-2,4432,5373,6200,0,0,0,1173,1000,0,0,0,0,1
80000,1,3,1,55,0,0,0,0,0,0,80037,79788,81571,75814,49784,51408,63000,25000,7704,8700,3000,12900,1
160000,2,2,2,26,0,0,0,0,-1,-1,8218,4450,3291,1623,905,0,1216,1000,32,905,0,0,1
230000,2,2,2,31,0,0,-2,-1,0,0,4908,0,0,51750,51295,53257,0,0,52066,2000,3000,3000,1
50000,2,2,2,33,2,0,0,0,0,0,27752,28787,29800,30393,31031,33020,1487,1500,1081,1121,2500,0,0
300000,1,2,2,27,-1,-1,-1,-1,0,-1,1386,25051,9505,91527,80780,2694,25125,9565,91559,252,2694,1000,1
200000,2,2,2,30,0,0,0,0,0,0,155768,156041,157356,123271,123831,124070,7325,7470,4460,4583,4376,4533,1
110000,2,1,2,25,1,2,-1,-1,0,0,4382,1972,1426,5660,5660,0,5,1426,5660,0,0,0,1
250000,2,2,1,37,0,0,0,0,0,0,215928,221963,224949,229577,234221,238960,9510,8160,8364,8493,8625,8737,1
250000,1,2,1,52,2,2,2,0,0,2,29086,33288,32459,34600,36539,38287,5000,0,3000,2500,2500,0,0
50000,1,2,1,35,-1,2,0,0,0,0,15609,14686,15831,16884,18070,19218,0,2100,2000,2000,2000,2000,0
160000,2,1,2,28,-1,-1,-1,-1,-1,-1,15525,34585,37439,47340,2473,4120,34604,37836,47340,2473,4120,6302,1
100000,2,3,1,53,1,-2,-2,-2,-2,-2,0,0,0,0,0,0,0,0,0,0,0,0,1
50000,1,1,2,54,0,0,0,0,0,0,48092,35513,35230,32888,19624,20112,2500,2500,3000,2000,2000,2500,1
280000,2,2,1,39,1,-1,0,0,0,0,-1312,35918,37297,37154,32581,33316,38621,2000,1130,922,1011,5000,0
360000,2,1,1,40,2,2,2,0,0,0,105167,115468,112157,114690,117845,120238,12000,0,5900,5000,4500,4700,0
80000,2,2,2,34,0,0,0,2,0,0,40570,41873,88361,43671,44541,47421,1983,4100,0,1596,3600,0,1
270000,1,1,1,37,0,0,0,0,0,0,156346,159223,165480,76144,77944,76577,7000,9000,5000,3000,3000,3000,0
80000,2,6,2,25,0,0,0,-2,-1,0,6643,9400,0,0,11457,6709,3000,0,0,45568,3000,3001,1
140000,1,1,2,31,-1,-1,-1,-1,-1,-2,4900,393,0,814,0,0,393,0,814,0,0,0,1
200000,1,3,2,28,0,0,0,0,0,0,203357,201115,192220,180090,184603,189340,7064,7048,6000,6500,7430,0,1
120000,2,1,2,27,0,0,0,0,0,0,35238,35907,31513,31659,30069,8005,1777,2254,1400,800,400,6262,1
340000,2,1,1,41,0,0,0,0,0,0,325371,326867,322454,275928,264601,265494,25034,11000,10000,10000,10000,10000,1
260000,2,1,2,29,-1,-1,-1,-1,-1,-1,3735,-8,4865,507,3787,1443,0,4873,507,3787,1443,0,0
500000,2,1,2,34,-2,-2,-2,-2,-2,-2,11765,6599,11421,-83,49699,3821,6648,11986,0,49947,3840,11939,1
110000,1,2,1,51,0,0,0,0,0,0,45012,45964,46922,48140,49339,50542,2000,2000,2000,2000,2000,3000,1
50000,1,2,2,43,-1,-1,-1,-1,0,-1,396,396,396,792,396,396,396,396,792,0,396,792,0
40000,2,2,1,37,2,2,2,2,2,0,25561,26343,25635,28100,27352,27862,1500,0,2900,0,1100,2400,0
300000,2,3,1,37,0,0,0,0,0,0,85405,84922,84870,69725,54744,9234,3479,3319,2210,1095,1594,126463,1
50000,2,2,1,38,0,0,0,2,0,0,5764,6786,9095,8803,8975,9008,1278,2587,0,467,326,329,1
290000,2,2,2,31,0,0,0,0,0,0,172758,176718,181392,173856,172835,176710,8100,9000,6500,7000,6800,7000,1
50000,2,2,1,27,-1,-1,-1,-1,-1,-1,492,492,492,492,492,470,493,493,493,493,471,7739,1
310000,1,2,2,35,0,0,0,0,0,0,259636,263812,269351,276873,281764,299161,10000,9775,12000,11000,22000,9905,1
350000,1,1,1,34,0,0,0,0,0,0,120198,122480,82329,85252,76222,67243,5900,3300,4089,3000,2400,2551,1
80000,1,2,2,33,0,0,0,0,0,-1,69963,64081,62582,47595,44724,44287,5000,2012,2000,3000,44287,3000,1
120000,2,2,2,43,2,2,0,0,0,0,124613,121211,120920,47951,41563,36779,0,3507,2000,2500,2000,1500,0
290000,1,1,1,57,1,-2,-2,-2,-2,-2,0,0,0,0,0,0,0,0,0,0,0,0,0
210000,2,2,2,24,0,0,0,0,0,0,94681,96920,98562,100329,103697,91408,3766,3507,3334,4723,3418,2682,1
50000,1,2,2,25,-1,2,2,-2,-2,-2,1170,780,0,0,0,0,0,0,0,0,0,0,0
100000,2,2,2,26,-1,-1,-1,0,0,0,1370,4192,4159,3542,1980,3980,4210,4159,1000,1080,2000,1525,1
320000,2,2,1,32,0,0,0,0,0,0,160832,164750,168370,169371,172868,150827,8000,8000,5500,6100,6000,5000,1
50000,1,2,2,27,0,0,0,0,0,0,47452,48663,50297,36164,37616,39062,2000,2500,2000,2000,2000,2000,0
80000,2,1,2,33,-2,-2,-2,-2,-1,0,0,747,0,0,3937,2359,747,0,0,3937,0,0,1
80000,2,1,2,25,1,2,0,0,2,2,5999,5758,7039,7595,7053,7082,0,1416,943,100,443,0,0
500000,2,1,2,44,-2,-2,-2,-2,-2,-2,522,17643,1462,6224,0,0,20007,5000,7000,0,0,0,1
140000,1,2,2,24,0,0,0,0,0,0,103884,105697,101636,97298,77081,72592,4000,4000,3800,3000,3300,2300,1
400000,2,2,1,34,-1,-1,-1,-1,0,0,41305,206028,21153,15631,14417,12228,206032,21153,15948,10000,10000,22934,1
120000,1,3,1,53,-1,-1,-1,-1,-1,-1,291,291,0,582,291,0,291,0,582,291,0,582,1
90000,2,1,2,33,-1,-1,-1,-1,-1,-1,3000,6000,0,3000,3000,3000,6000,0,3000,3000,3000,3000,1
50000,2,1,2,28,1,2,2,2,2,2,51943,50800,51967,50794,51911,50976,0,4156,0,4100,0,2000,0
50000,1,1,1,57,0,0,0,0,0,0,42624,39943,7218,6946,6808,6542,2173,1248,366,500,384,500,1
50000,2,2,1,31,2,0,0,0,0,0,44105,33089,22829,13216,16100,16696,2000,2506,3000,3000,1070,5203,1
60000,2,3,2,28,0,0,0,0,0,0,59650,51176,42368,35730,28670,27979,3376,1900,1908,1133,1015,1153,1
20000,1,3,2,48,3,2,2,7,7,7,250,250,250,250,250,250,0,0,0,0,0,0,0
260000,2,1,1,36,0,0,0,0,0,0,203755,210668,182863,166437,184000,146518,15000,10000,15000,20000,5000,20000,1
510000,2,3,1,61,0,0,2,0,0,0,181733,192903,181801,178179,223100,216225,17000,0,6508,50000,7000,6000,1
300000,2,2,1,38,-1,-1,-1,-1,0,0,5848,24718,45114,16949,9537,0,24718,45533,17136,0,0,0,1
250000,2,5,1,33,0,0,0,0,0,0,211084,211577,202346,203132,201230,199820,6934,7000,8975,7043,8000,10000,1
20000,1,1,2,25,0,0,0,0,0,0,8226,9281,10325,10378,7085,6542,1349,1393,446,390,422,2093,1
140000,2,2,1,38,0,0,2,0,0,0,84539,96604,90785,95736,95912,97070,18000,0,10000,5000,6000,6000,1
200000,2,1,2,26,-2,-2,-2,-2,-2,-2,5337,2322,7458,1086,25643,35237,2322,7471,1086,25643,35237,7678,1
90000,2,1,2,26,-1,-1,-1,-1,-1,-1,17018,3692,5037,5899,4129,17246,3692,5037,5899,4129,17246,4221,1
80000,2,3,2,38,0,0,0,0,0,0,77929,77711,74525,61360,49359,48253,3006,2747,2344,1756,1758,1717,1
390000,1,2,2,41,0,0,0,0,-1,-1,22309,21921,18357,17376,835,835,1325,1283,1092,14836,837,4904,1
290000,1,1,1,45,-2,-2,-2,-2,-2,-2,2316,2131,2476,9746,7092,5449,2143,2485,9793,7123,5460,300,1
20000,1,2,2,34,0,0,0,0,0,-1,13730,15170,15277,13478,16978,12914,2000,2000,1000,5000,12914,600,1
120000,1,3,1,38,2,2,2,2,2,2,77468,78642,79757,80853,82715,84805,3000,3000,3000,3300,3600,2700,0
10000,1,2,1,45,1,2,2,2,2,0,7953,9164,8876,10009,7169,8842,1500,0,1500,0,3000,2000,1
150000,2,1,2,25,-1,-1,-1,2,2,-2,2784,0,594,594,0,0,0,594,0,0,0,0,0
50000,1,3,1,46,0,0,0,0,0,0,35713,15392,16099,16418,16765,17484,1561,1268,587,611,1000,2000,1
50000,2,2,1,27,1,2,0,0,0,0,52180,51009,49025,38697,18561,18952,0,2080,1600,657,683,838,1
130000,2,1,1,32,2,2,2,2,2,2,114227,115922,117545,114168,121621,124168,5000,5000,0,9500,4700,0,1
500000,1,1,1,57,-1,-1,-1,-1,-1,-1,4560,600,0,51697,37511,1685,600,0,51697,37511,1685,414,1
140000,1,1,2,34,2,2,2,2,2,2,124640,131032,132065,129307,131154,134470,9900,4700,800,4012,9800,1,0
50000,2,2,1,36,0,0,0,0,0,0,46714,47404,48786,49768,27838,84810,1766,2148,2130,1200,1012,2034,1
50000,2,2,2,22,1,2,2,2,0,0,38633,36378,33533,28591,28390,28739,500,2231,1500,1300,1700,800,1
30000,2,1,2,25,0,0,0,0,0,-2,25115,26287,26602,21000,0,0,1886,1620,0,0,0,0,0
120000,2,3,1,46,-1,-1,-2,-2,-2,-2,4940,0,0,0,0,0,0,0,0,0,0,0,0
270000,1,2,1,44,0,0,0,0,-1,-1,127543,109189,92630,69669,44149,43414,10063,5162,10150,44299,43509,31031,1
360000,1,2,1,33,1,2,2,7,6,5,296148,304249,383030,377145,370850,364365,14906,97225,0,0,0,0,1
140000,1,1,2,27,0,0,0,2,0,0,19484,20114,16606,9609,5429,9763,2000,10063,0,2000,5000,5000,0
150000,2,2,2,35,0,0,0,0,0,0,97268,71876,50043,55182,48983,50136,3500,2000,20000,2000,2000,2000,1
70000,1,2,1,37,0,0,0,0,0,0,57981,66858,65303,63066,28291,25258,15000,3247,3500,837,1000,2500,1
150000,2,3,2,23,0,0,0,0,0,0,11329,10775,11829,7031,7172,5833,1219,1273,1069,1683,202,299,1
110000,2,3,1,42,0,0,0,0,0,0,116292,118781,121030,119267,116142,113887,5836,5780,5000,4206,5000,5000,1
500000,2,3,2,53,-2,-2,-2,-2,-2,-2,0,0,0,0,0,1150,0,0,0,0,1150,0,0
60000,1,2,2,23,0,0,2,2,-1,0,4553,7730,12944,-7511,12606,6540,3258,0,0,28000,2000,50,1
110000,2,1,2,37,2,2,2,2,2,2,600,600,600,600,600,600,0,0,0,0,0,0,0
200000,1,3,1,36,0,0,0,2,2,2,25469,26663,28509,27381,29054,28052,2000,3000,0,2500,0,1500,0
80000,1,2,2,29,-1,-1,-1,0,0,0,28175,0,68227,68040,69840,69840,0,68227,2000,2000,0,0,1
30000,2,1,2,28,2,2,4,4,4,4,37,37,37,37,37,37,0,0,0,0,0,0,1
500000,2,2,1,42,0,0,0,0,0,0,62112,60246,74832,126778,82611,71338,20025,40000,85000,139,20000,29761,1
280000,2,3,2,35,0,0,-1,0,0,0,5716,0,105082,105908,98380,93649,0,105082,4172,3408,3489,5295,1
200000,2,1,2,31,-1,-1,-1,-1,0,0,7773,3426,2000,1000,3000,2000,3643,2000,1000,2000,0,1249,1
180000,1,2,2,30,0,0,0,2,0,0,40735,36337,36882,34000,34798,35488,1581,4626,0,1500,1419,1400,0
300000,2,3,2,39,1,-2,-1,-1,-1,-1,-3928,-5973,4735,6186,116,14429,1720,344467,6822,49,15000,12000,0
270000,2,2,2,31,-2,-2,-2,-2,-2,-2,0,0,0,0,0,0,0,0,0,0,0,0,1
210000,2,1,2,31,-1,-1,-1,0,0,-1,15332,10000,19875,57751,25456,10625,10000,19875,50000,15456,10625,213,1
180000,2,1,2,25,-1,-1,-2,-2,-2,-2,2654,-632,-632,-632,-632,-632,0,0,0,0,0,0,1
290000,2,1,2,25,0,0,0,0,0,0,305823,303701,296384,248801,241983,230925,15000,10500,10000,15000,7844,23333,0
150000,2,3,2,32,0,0,0,0,0,0,113932,87187,81491,77078,66927,50881,2500,3000,2000,5000,5055,5000,0
190000,2,2,1,43,1,2,0,0,0,0,189697,185105,184180,156969,157856,158451,0,9021,6000,5489,5670,6000,0
30000,2,1,2,24,2,2,2,0,0,0,31202,32801,30092,30148,30222,28949,2415,0,1045,915,1063,409,0
50000,1,2,2,29,0,0,2,0,0,0,13778,15837,16285,17009,18223,18778,2600,1000,1300,1500,1000,1000,1
510000,1,3,2,30,-2,-2,-2,-2,-2,-2,548,0,0,0,0,1769,0,0,0,0,1769,0,1
20000,2,1,2,44,0,0,0,0,0,0,19018,18581,19864,20181,20210,20043,1327,2000,1000,710,1043,1000,1
50000,1,3,2,27,-1,-1,-1,-1,-1,-1,3150,9375,725,21423,6308,12651,9375,730,21423,6308,12651,6243,1
150000,1,1,2,41,-1,2,-1,-1,-1,-1,1980,990,990,990,990,1980,0,990,990,990,1980,0,1
280000,2,3,1,34,1,-2,-2,-2,-2,-2,0,0,0,0,0,0,0,0,0,0,0,0,1
20000,1,2,2,25,2,2,2,2,2,0,15522,16469,15907,17140,16724,18438,1500,0,1500,0,2000,1500,1
180000,1,1,2,41,0,0,0,0,0,0,105347,66897,49287,4130,238,0,6241,2324,1019,1,0,1452,1
230000,2,1,2,35,-2,-2,-2,-2,-2,-2,761,300,399,665,576,613,300,399,665,576,613,520,1
110000,2,2,2,36,0,0,0,0,0,0,47819,48947,50330,50894,52175,53652,2200,2500,2000,2100,2500,2200,1
480000,2,1,1,39,0,0,-1,0,0,0,106660,400000,66270,80274,82160,110773,302000,66270,15000,3044,30042,34048,1
220000,2,2,2,28,0,0,0,0,0,0,43436,46883,44179,44704,44997,45199,5012,2500,2000,2000,3000,3000,1
270000,1,2,1,27,0,0,0,0,0,0,21256,19819,19200,18527,18413,18010,1618,1569,631,652,637,541,1
50000,1,1,1,49,1,2,0,0,0,0,27231,26500,27533,28569,28901,31095,0,1764,3400,1100,2660,0,0
170000,2,1,2,31,-2,-2,-2,-2,-2,-2,757,4319,1489,362,451,620,4319,1499,362,451,620,1400,1
20000,2,2,2,48,1,3,2,2,2,2,17100,16537,16283,17708,18121,17692,0,300,2000,1000,0,792,0
90000,2,2,1,42,-1,-1,-2,-2,-1,-1,390,0,-390,-780,780,0,0,0,0,1560,0,0,1
320000,2,2,1,39,0,0,0,0,0,0,38332,63396,66871,69339,31525,30861,30000,4700,3000,5000,5000,7000,1
170000,1,2,1,36,0,0,0,0,0,0,87076,77902,54592,56128,57469,59669,3781,2104,3208,2998,3000,2208,1
250000,1,2,1,44,-1,0,-1,0,0,-2,4602,18382,15450,1867,-1,-1,5000,16000,0,1,0,0,1
80000,2,2,1,37,0,0,0,0,0,0,57830,55107,51616,47843,48427,49101,2103,2023,1850,1800,1806,1516,1
20000,1,3,2,49,1,2,2,-1,0,0,19481,18756,-3744,17105,17250,0,0,0,21200,345,0,0,0
180000,2,1,2,30,0,0,0,0,0,-2,7808,4511,3435,5345,2018,164,1198,1099,2009,2024,164,2159,1
80000,2,1,2,23,0,0,0,0,0,0,78366,67801,68034,55674,48649,47041,2540,2442,1810,1661,1668,1663,1
500000,2,1,2,35,0,0,0,0,0,0,12590,13598,14650,15559,14861,15173,1225,1277,1186,478,496,509,1
50000,1,2,2,28,0,0,0,2,0,0,8608,10300,12711,12210,12508,13306,2000,2900,0,500,1000,1000,1
50000,2,2,2,26,0,0,0,0,0,0,8056,5997,5602,6478,5453,2261,1500,1500,1011,1000,1000,1000,0
80000,2,2,2,26,0,0,0,0,0,0,11284,10110,10859,59187,111059,56320,1500,1000,56500,2500,2500,2000,1
110000,2,1,2,24,0,0,2,2,0,0,9334,108868,96998,94480,90860,85529,100082,4200,0,3000,3140,4900,1
90000,2,1,1,43,-1,-1,2,-1,-1,-1,16139,7199,4367,7660,21175,4009,4367,9,7660,21175,4009,7452,1
70000,2,2,2,26,0,0,0,0,0,0,35867,28496,28401,22587,24361,25424,3000,3005,3000,3000,1500,1008,1
90000,2,2,2,24,0,0,0,0,0,0,84137,85684,87396,67761,65602,65902,3210,3503,2420,2400,2400,2694,1
120000,2,1,2,24,0,0,0,0,0,0,75796,76004,67187,49924,33188,19826,3700,2023,2016,2000,1200,1000,1
30000,1,2,1,33,0,0,0,0,0,0,30258,30539,29860,30350,59936,29962,2300,1009,30000,604,1500,2500,1
60000,2,3,1,43,0,0,0,0,0,0,60283,61227,60385,30368,29667,30159,3000,1700,1135,1100,1500,1200,0
50000,2,1,2,27,0,0,0,0,0,0,12814,15588,17321,19026,20714,22210,3000,2000,2000,2000,2000,840,1
470000,1,1,2,35,0,0,0,0,0,0,393780,371511,318025,248281,254175,256613,15107,13111,10000,10014,9598,10044,1
100000,2,1,2,30,0,0,2,2,2,2,7384,10253,9945,14269,13743,16011,3000,0,4500,0,2500,0,1
80000,2,3,1,31,0,0,2,0,0,0,56195,60067,58535,59730,61236,70617,4808,0,2169,2500,10400,0,1
210000,1,2,1,48,-1,-1,-1,0,-1,-1,8666,8666,17307,8666,8666,17303,8666,17307,173,8666,17303,173,1
30000,2,3,2,44,1,2,2,-2,-2,-2,3213,3000,0,0,0,0,0,0,0,0,0,0,1
220000,1,2,1,48,-1,-1,-1,-1,-1,-1,61614,45669,11086,4564,6549,6413,45889,11134,4578,6593,6440,12249,1
170000,2,2,1,42,0,0,0,0,-2,-2,4600,6519,7360,2437,2881,2659,2000,1000,2437,3103,2659,2659,1
260000,2,2,1,35,-2,-2,-2,-2,-2,-2,4539,10417,7364,8144,8422,7740,10417,7364,8144,8422,7740,26318,1
70000,2,2,2,22,2,2,2,2,0,0,69242,71007,72596,70467,48129,47751,3500,3300,0,2000,2000,2000,1
360000,1,1,1,58,-1,-1,-1,-1,-1,-1,5619,14822,43000,4650,12132,13953,15008,43065,4650,12132,13953,2200,1
240000,2,1,2,26,-1,0,-1,-1,-1,-1,28700,21944,12450,27255,6280,7619,1639,12450,28969,6280,7619,3000,1
240000,2,1,1,33,-1,0,0,0,0,0,30973,32008,32889,33410,34327,34500,1537,1418,939,1193,690,0,1
200000,2,1,2,34,1,-2,-2,-1,2,2,0,0,0,347,197,2917,0,0,347,0,2720,0,0
330000,2,2,1,56,1,-1,-1,-2,-1,-1,-9,1520,1488,0,3965,8676,1529,1507,0,3965,8676,384,1
50000,2,2,2,23,1,3,2,0,0,0,7181,6908,5187,4643,3385,1839,0,0,1022,237,100,50,1
80000,2,2,2,24,0,0,0,-1,0,-1,19167,10192,7241,3261,6264,891,3000,2005,3261,3003,891,2070,1
200000,1,1,2,29,-1,-1,-1,-1,-1,-1,3773,3990,9048,4700,800,4082,4029,9048,4700,800,4082,0,1
20000,1,2,1,31,0,0,0,0,0,0,3769,4782,5797,6654,6786,7077,1239,1254,1111,243,400,252,0
150000,2,1,2,25,0,0,0,0,0,0,30305,40190,39743,48971,38291,569,10190,10000,10003,0,0,0,1
440000,1,2,1,48,0,0,0,0,0,0,23424,24222,24077,23241,24600,16344,3000,3000,2000,5000,0,5000,1
200000,2,2,2,35,-1,-1,-1,-1,-2,-2,1709,2400,675,0,0,0,2400,675,0,0,0,0,1
50000,1,2,2,37,0,0,0,0,0,0,48206,48659,47248,48241,49196,50296,2120,1750,1700,1800,2023,2113,1
160000,1,1,2,30,1,-1,-1,-1,0,-1,0,650,0,650,325,325,650,0,650,0,325,325,0
80000,1,1,2,36,-2,-2,-2,-2,-2,-2,5012,1200,0,1159,0,0,1200,0,1159,0,0,6028,1
120000,1,2,1,39,0,0,0,2,2,2,93673,95590,101562,94307,89867,81617,4375,8485,524,6004,5,3073,1
310000,2,1,2,29,-2,-2,-2,-2,-2,-2,976,-7,-7,-7,1440,3079,0,0,0,1447,3094,0,1
150000,2,2,2,29,0,0,0,0,0,0,94409,92047,79088,81399,74009,65871,5000,5000,5000,6000,5000,4000,1
110000,2,2,1,41,0,0,0,0,0,0,100143,98338,92457,79496,72458,72168,4000,4000,3530,4000,4000,5000,1
500000,1,1,1,40,2,2,2,0,0,2,267116,271396,265433,270868,285667,290318,10100,0,9932,19502,9600,10031,0
30000,1,2,1,25,-1,-1,-2,-1,2,2,30527,29910,0,25919,26383,25691,1389,0,25919,1000,0,19283,1
30000,2,2,1,41,0,0,0,0,0,0,20061,17435,14452,13050,11083,9249,1542,2002,2000,900,1500,1500,1
70000,2,2,1,38,0,0,0,0,0,0,19500,19884,20567,21526,21499,21556,1400,1400,1700,1000,781,815,1
60000,2,2,2,27,0,0,0,0,2,0,12193,13983,15746,17486,17067,17255,2000,2000,2000,0,620,1710,1
10000,1,2,1,30,-1,-1,-1,-1,-2,-2,390,0,780,0,0,0,0,780,0,0,0,0,0
10000,2,2,3,46,1,2,0,0,0,0,9532,9236,10047,8775,8984,7628,0,1006,1390,1000,1000,2000,1
570000,2,1,2,30,0,0,0,-1,0,-1,323085,303794,243673,74003,57763,50852,50468,33372,74085,290,51107,41791,1
120000,2,2,1,47,0,0,0,0,0,0,97989,101458,103840,105646,86127,67269,5100,5500,5170,3543,3000,3238,1
100000,2,3,2,24,0,0,0,0,0,2,54938,55621,56999,57748,62489,60984,1985,2664,2700,6700,0,2389,1
200000,1,1,1,34,-2,-2,-2,-2,-2,-2,1242,4006,941,2357,2945,1143,4034,945,2366,2947,1143,744,1
280000,2,2,2,29,-2,-2,-2,-2,-2,-1,0,0,0,0,0,5017,0,0,0,0,5017,101,1
20000,1,3,3,57,1,2,0,0,0,0,20442,20141,19888,20318,20364,20134,1200,1300,1000,1000,1000,1000,1
50000,2,2,1,34,3,3,2,2,2,2,47904,48240,48602,46289,44837,44535,2000,2001,499,2000,2000,1500,0
50000,1,3,1,29,1,2,2,2,0,0,47479,46415,50351,49038,28661,30398,0,4690,0,1000,2159,0,1
200000,1,2,2,29,-1,0,0,2,0,0,10538,16201,20926,20260,24754,29383,6201,5000,0,5000,5054,5054,0
80000,2,2,2,26,0,0,0,0,0,0,67798,69206,70057,71886,73724,75498,3100,2600,3000,3000,3000,6500,1
200000,2,1,2,24,-2,-2,-2,-2,-2,-2,675,1053,0,500,2057,23322,1053,0,500,2057,23322,4299,1
100000,1,2,2,24,0,0,0,0,0,0,91572,95201,94977,97332,74637,77386,5100,3000,3139,27000,4000,4000,1
160000,2,2,2,51,-1,-1,-1,-1,-1,-1,6136,5932,4353,3746,5487,2702,5932,4353,3835,6934,3370,2276,1
50000,1,2,1,39,0,0,0,0,0,0,11665,12405,13355,13622,11550,11713,1232,1182,449,565,504,233,1
260000,1,2,2,32,-1,-1,-1,-1,-1,-1,1198,1198,1198,1198,1198,1198,1198,1198,1198,1198,1198,1198,0
180000,1,2,1,46,0,0,0,0,0,0,97660,95200,99380,77876,65494,66559,6000,7007,5000,3000,5000,2500,1
420000,2,2,2,32,0,0,0,0,0,0,476396,470185,481811,473498,368338,348300,16007,19031,17014,12121,20014,11014,1
70000,1,1,2,28,0,0,0,0,0,0,19728,16923,10076,33079,23188,20937,8000,2000,30000,5000,20000,25000,1
10000,2,1,2,25,1,3,2,0,0,0,10438,10130,9738,9178,8398,0,0,0,0,0,0,0,1
390000,1,2,1,40,1,2,0,0,0,0,424244,395060,258372,261498,213003,102423,587,9500,30140,4235,1998,25226,1
360000,2,2,1,35,1,-2,-2,-1,-1,-1,0,0,0,3602,1197,0,0,0,3602,1197,0,474,1
360000,2,1,1,40,-1,-1,-2,-1,-1,-1,10210,-1814,-11035,12319,6050,2125,0,0,32319,6050,2125,35860,1
70000,2,2,1,51,2,2,2,2,2,2,43913,44911,45772,46611,47508,48476,2000,1900,1900,1800,1900,1900,1
230000,2,1,1,38,1,-1,-1,-1,-2,-2,828,1533,7234,824,4690,1408,1547,7247,828,4713,1415,1820,1
340000,2,1,1,35,1,-1,-1,-1,-2,-1,-8,1722,1684,-15,-15,3016,1730,1692,0,0,3031,0,0
50000,2,2,1,27,0,0,0,0,0,0,9877,10800,5921,6042,4012,0,1140,1000,121,0,0,10620,1
60000,1,2,1,29,0,0,0,0,0,0,58634,59541,58604,59427,38472,39528,3000,31404,3000,2000,2000,2000,1
210000,1,2,2,47,-2,-2,-2,-2,-2,-2,-163,-163,-163,-65167,-168,2999,0,0,5530,84332,21500,30000,0
160000,2,2,1,31,-1,-1,0,0,-2,-2,1133,31964,24805,0,0,0,31964,1003,0,0,0,0,1
60000,2,1,2,28,0,0,0,0,0,0,23518,25542,27649,29718,30171,30678,2700,2800,2800,1200,1100,1200,1
340000,2,2,2,25,1,-2,-2,-1,-1,-1,0,0,0,1888,4777,4752,0,0,1888,4777,4752,1888,1
150000,2,2,1,47,-1,-1,-1,-1,-1,2,316,316,316,0,782,316,316,316,0,1098,0,0,1
90000,2,1,1,44,-1,-1,-2,-2,-2,-2,539,0,0,0,0,0,0,0,0,0,0,0,1
500000,1,2,1,31,0,0,0,0,0,-2,12988,7289,3823,4444,-232,-2701,1122,1077,3023,54,13,168816,1
100000,2,2,2,41,0,0,0,0,0,0,96509,97042,98054,92466,67337,67093,4500,5000,4000,5000,3000,4000,1
200000,2,1,2,31,-1,-1,-1,-1,-1,-1,4138,790,1230,390,390,390,790,1230,390,390,390,390,0
30000,1,1,2,25,0,0,0,0,0,0,19041,20232,21293,22040,22786,23410,1500,1400,1100,1100,1003,2000,0
370000,2,2,1,45,0,0,0,-1,-1,-1,137250,141167,103000,41200,1109,99723,5927,5000,41200,1109,99723,5000,1
30000,2,2,1,45,2,0,0,0,0,0,31548,30226,31237,13511,13781,14070,1665,1676,1223,493,511,514,1
490000,1,1,2,33,-1,2,-1,0,0,0,59016,16355,24307,21136,24758,21817,0,24307,12396,13000,10000,88,1
90000,2,2,1,39,1,2,2,2,0,0,90880,87502,91442,89804,87213,90441,0,7300,1144,3265,6788,0,1
90000,2,2,1,38,0,0,0,0,0,0,88758,89680,89876,49922,46302,45430,3900,3487,1629,4000,3000,813,1
280000,2,1,1,36,0,0,0,0,0,0,157424,161596,166680,170691,14988,16776,6000,6500,6000,1000,2000,2012,1
90000,2,3,1,48,-1,-1,-1,2,-1,0,1102,-14,21816,316,632,316,0,22146,0,632,0,7816,1
80000,2,2,2,61,1,-2,-2,-2,-2,-2,0,0,0,0,0,0,0,0,0,0,0,0,0
20000,1,2,2,26,0,0,0,2,0,0,17961,17091,14120,12266,10783,5131,1513,4932,9,286,1000,15000,1
320000,2,1,2,39,0,0,0,0,0,0,91224,93025,99433,107659,110567,99935,10000,10000,10000,10000,5000,5000,1
30000,2,1,2,27,1,2,0,0,2,0,28686,27620,28164,30444,29887,29153,0,2000,3000,0,1000,1000,1
340000,1,2,1,53,0,0,0,0,0,0,342617,346067,350031,304706,250216,253526,12604,14000,11000,9000,10000,30000,0
20000,1,2,1,27,0,0,0,3,2,0,6599,9315,19067,18472,18037,18487,3000,10000,0,0,900,2000,1
400000,2,2,2,27,1,-2,-1,-1,-2,-1,0,0,890,0,0,1180,0,890,0,0,1180,1470,1
230000,1,2,2,30,0,0,0,0,0,0,171861,157389,161622,162501,163329,161560,10000,10000,8000,10000,7000,7000,1
30000,1,2,2,25,2,2,3,3,3,3,1050,1050,1050,1050,1050,1050,0,0,0,0,0,0,0
500000,2,1,1,33,-2,-2,-2,-2,-2,-2,10486,32539,10644,7780,19099,4281,32648,11000,7823,19215,4281,8190,1
310000,2,2,2,27,0,0,0,0,0,0,60692,63668,68612,73441,123966,127957,4000,6000,6000,52000,6000,5500,1
250000,1,2,2,40,1,-2,-2,-2,-2,-2,0,0,0,0,0,0,0,0,0,0,0,0,1
320000,1,2,2,28,0,0,0,0,0,-1,11639,7508,5591,2371,4754,4932,2552,2016,0,12,5036,10306,1
500000,2,1,1,33,-1,-1,-1,0,0,-1,3994,7222,33823,130689,77736,151,8022,34000,100028,0,151,2682,1
350000,1,1,1,38,-1,-1,-1,-1,-1,-1,17999,38899,24620,22381,13115,5167,38933,24692,22388,13115,5167,11325,1
50000,1,3,2,29,1,-1,-1,-1,-1,-1,0,1899,832,0,1662,4537,1899,832,0,1662,4537,2943,1
80000,2,2,2,25,-2,-2,-2,-2,-2,-1,0,0,0,0,0,442,0,0,0,0,442,1102,1
30000,2,2,2,39,0,0,0,2,0,0,28144,27470,30698,28981,27673,27826,2000,4000,0,1000,1000,0,1
160000,2,2,1,34,0,0,0,-1,-1,-1,51721,46381,25254,10740,50207,10298,2037,1000,10740,50207,10298,17413,1
230000,1,2,2,31,0,0,0,0,0,0,170041,174811,177733,182106,183965,186979,9800,6418,8000,7000,6618,11000,1
230000,2,1,2,28,-1,-1,-1,-1,-1,-1,12089,2306,13827,11686,46963,15962,2306,13835,11686,46963,15962,1596,1
280000,2,2,2,30,-1,-1,-1,0,0,-2,1373,207,3516,2769,0,0,207,3516,0,0,0,0,1
50000,2,1,1,43,0,0,0,0,0,2,49819,49390,50612,29975,30559,29433,2227,2449,1778,2382,0,1251,0
30000,2,3,2,48,2,2,0,0,0,0,26950,23655,25131,29148,12134,12976,0,3200,5000,1000,1000,1000,0
480000,2,2,2,30,0,0,-2,-2,-2,-1,470400,0,0,0,0,330982,0,0,0,0,330982,30000,0
360000,2,1,2,26,2,2,-2,-2,-2,-2,2500,0,0,0,0,0,0,0,0,0,0,0,1
20000,2,2,1,38,3,4,3,2,2,2,18666,18087,17517,16930,18043,17156,0,0,0,1381,0,1600,0
360000,1,1,1,40,-2,-2,-2,-2,-2,-2,5772,11664,15390,7090,2115,20075,11694,10048,35,2126,21220,35114,1
200000,1,1,1,40,-1,-1,-1,-1,-1,-1,840,770,386,0,475,390,800,396,4,475,1170,930,1
170000,2,2,1,34,-1,-1,-1,-1,-1,0,326,326,326,326,652,326,326,326,326,652,0,326,1
140000,1,1,1,55,1,-2,-2,-2,-2,-2,0,0,0,0,0,0,0,0,0,0,0,0,0
50000,2,2,2,49,2,0,0,0,0,0,50986,48599,17815,16362,14694,13520,1325,1512,532,514,524,384,1
70000,2,2,2,23,0,0,0,0,0,0,64882,63824,63352,28085,28487,27006,2782,2700,1732,1134,1128,1003,0
110000,1,2,1,30,0,0,0,0,0,0,107372,109156,111795,54358,58499,61445,5000,5000,3000,5000,6000,3000,1
50000,2,2,2,24,0,0,0,0,0,0,27788,19742,20672,16336,16921,17489,2000,1600,1000,1000,1000,500,1
160000,2,3,1,36,0,0,0,0,2,2,92816,87606,82218,79438,72451,39831,5000,10000,5018,127,10015,69,1
230000,2,2,2,24,-1,-1,-1,-2,-1,0,1993,2360,0,0,4135,814,2360,0,0,4135,0,2294,0
20000,2,2,2,22,1,-1,2,-1,0,0,0,6594,4840,780,390,0,6594,0,780,0,0,11000,1
50000,2,2,0,28,1,2,0,0,0,0,51068,46027,45769,46677,47668,50764,0,3154,1669,1741,3900,0,1
150000,2,2,1,37,0,0,0,0,0,0,40680,44960,45976,46890,47873,48833,4960,1765,1679,1739,1757,1795,1
50000,2,1,2,29,1,-2,-2,-2,-2,-2,0,0,0,0,0,0,0,0,0,0,0,0,1
250000,1,1,1,39,-1,-1,-2,-1,-1,-1,1852,0,0,2576,20552,0,0,0,2576,20739,0,2231,1
20000,2,3,1,41,0,0,0,0,0,0,8777,10461,11583,13079,14546,16149,2000,1600,2000,2000,2000,2000,1
250000,2,2,1,44,0,0,0,0,0,0,47463,41059,35722,29492,23522,16815,3000,4000,3000,3000,2000,2000,1
80000,2,2,1,36,0,0,0,0,0,0,79407,66491,59040,49555,38185,32582,2491,2540,1566,1485,1258,3600,1
30000,1,2,2,39,0,0,0,0,0,0,24065,25660,26257,27641,29335,10493,2005,2000,2000,2000,1000,1000,0
310000,1,1,2,28,0,0,0,0,0,0,272588,169978,156699,131276,118837,119402,9978,6699,11276,9695,19402,6270,0
360000,2,2,1,39,-2,-2,-2,-2,-2,-2,4201,0,0,0,0,0,0,0,0,0,0,0,0
200000,2,2,2,30,6,5,4,3,2,0,71310,69676,67976,68468,67439,56163,0,0,2000,0,1925,1130,0
280000,1,3,1,44,0,0,0,0,0,0,295786,305529,311081,313242,151292,152318,15000,10472,11334,10010,6000,200000,1
360000,2,1,2,26,-2,-2,-2,-2,-2,-2,145,3526,8510,7831,8864,10845,3600,8510,4000,5000,5000,5398,0
350000,1,1,2,30,2,2,-1,2,0,0,832,0,1844,1248,832,416,0,1844,0,0,0,832,0
290000,1,2,2,26,0,0,0,0,0,0,46041,47039,48047,51395,52332,416,2000,2300,5000,2600,0,416,1
280000,1,2,1,49,0,0,0,0,0,0,94916,96838,98878,100899,102900,105057,3500,3600,3666,3683,3815,3900,1
50000,2,2,1,50,0,0,0,2,0,0,12699,13734,17634,17053,17394,18563,1247,4147,0,624,1451,0,1
100000,2,2,1,49,-2,-2,-2,-2,-2,-2,1261,1261,1261,390,390,390,1261,1261,390,390,390,0,1
110000,2,2,2,31,0,0,0,0,0,0,7398,2009,1651,1823,1208,0,1500,1177,1000,550,0,790,1
100000,2,3,1,40,-2,-1,2,2,-2,-1,3234,6163,3786,3789,2195,3691,6163,0,3809,0,3691,1328,1
140000,2,2,1,35,1,2,0,0,2,2,130215,126720,128116,136956,134665,142199,0,5000,11000,0,10000,0,0
40000,2,2,1,36,0,0,0,0,0,0,24230,25840,27556,27447,26254,29645,2000,2500,1500,1500,4000,0,1
200000,2,2,1,34,-2,-2,-2,-2,-2,-2,28484,3440,8795,13676,-1282,-1282,3440,8795,13676,1282,0,0,1
30000,2,2,1,59,0,0,0,0,0,0,27620,27921,28585,29007,29195,21335,1449,1503,1315,893,1000,513,1
100000,2,3,1,30,1,-2,-2,-2,-2,-2,-602,-602,-602,-602,-602,-602,0,0,0,0,0,0,1
220000,2,2,1,40,-2,-2,-2,-2,-2,-2,5785,4164,8553,11652,14968,7898,4183,8603,11709,15823,7937,5302,1
50000,1,2,2,38,0,0,0,0,0,0,52711,47302,48540,48355,18184,18591,1769,2007,1822,651,700,1000,0
200000,2,2,2,29,-1,0,0,0,0,0,3334,4772,7675,10519,6980,8702,1500,3000,3000,1000,2000,2000,1
480000,2,2,1,37,-1,-1,-1,-1,-1,-1,5269,2217,9731,9272,2718,1498,2217,9731,9272,2718,1498,1138,1
30000,2,2,2,51,1,2,2,0,0,0,25382,26480,25761,25964,26507,27249,1800,0,928,960,1181,967,1
50000,2,2,2,43,1,2,0,0,0,0,48777,47331,48010,24331,25553,26733,0,2000,1000,2000,2000,2000,1
20000,1,2,2,38,0,0,0,0,0,0,19845,18245,17658,16576,13529,10387,1694,1368,547,504,347,6000,1
60000,2,3,1,48,0,0,0,0,0,0,49890,51060,52236,54362,55458,56767,2000,2000,3000,2000,2200,2500,1
400000,1,2,1,46,0,0,0,0,0,0,113125,98056,141712,123382,125687,128018,8000,128000,5000,5000,5000,5000,1
140000,1,3,2,26,0,0,0,0,0,0,18648,19561,13902,14183,13207,12996,1309,1139,420,418,816,0,1
170000,2,2,1,32,1,2,-1,-1,0,0,9990,4647,1399,6548,1399,0,0,1399,6548,0,0,0,0
420000,2,2,2,37,0,0,0,0,0,0,14823,16367,17709,18801,20328,25065,1800,1608,1700,2500,5065,1500,1
330000,2,1,1,58,-2,-2,-2,-2,-2,-2,880,2304,0,440,0,115,2304,0,440,0,115,0,0
130000,2,2,2,25,0,0,0,0,0,0,111587,112348,114734,117823,120854,123904,4100,4200,5000,5000,5000,10700,1
50000,2,3,2,22,0,0,0,0,0,0,46687,47831,48764,47109,39415,39920,1896,1829,1924,1308,1480,1171,0
280000,2,1,2,26,0,0,0,0,0,0,36395,35945,36381,36594,37010,36334,1700,1600,1300,1500,2000,99334,1
500000,2,2,2,29,-2,-2,-2,-2,-2,-2,2140,3919,3572,2749,2140,3109,3919,3763,2749,2140,3109,2140,1
50000,1,2,1,31,0,0,0,0,0,0,51319,52214,50260,32502,27697,25940,5000,2300,1100,1000,1000,1500,0
320000,1,2,1,32,0,0,0,0,0,0,43265,28007,24986,23844,20650,0,1528,3019,2022,2000,0,82600,1
420000,2,2,1,57,-1,-1,-1,-1,-1,-1,666,2629,4352,1440,1486,2290,2629,4360,2064,1486,2290,1290,1
100000,2,3,1,59,1,-1,0,-1,-1,-1,0,7240,7702,1550,12079,35920,7240,1000,1558,12079,35920,0,1
50000,2,2,2,35,1,2,0,0,-2,-2,50421,41408,35929,0,0,0,0,2180,0,0,0,0,1
280000,2,3,1,40,1,-2,-2,-2,-2,-2,-288,-288,-288,-288,-288,2124,0,0,0,0,2412,0,1
270000,2,1,2,36,0,0,0,0,0,0,16699,17908,19114,20341,20617,16223,1800,1500,1600,830,1000,1000,1
20000,1,1,2,24,-1,-1,-1,-1,-1,-2,390,390,390,780,0,0,390,390,780,0,0,0,1
200000,1,1,2,38,-1,-1,-1,-1,-2,-2,1488,4242,8235,0,0,0,4246,8511,0,0,0,2401,1
80000,2,2,1,46,-1,-1,-1,-1,-1,-1,390,390,390,390,390,390,390,390,390,390,390,390,0
10000,1,2,2,26,0,0,0,0,0,0,8882,9933,9825,17506,16608,9176,1300,2200,1300,320,1820,1000,1
30000,2,1,2,22,0,0,0,0,0,0,29362,29819,30582,28983,27947,26630,1800,3000,1404,559,533,1000,1
20000,1,3,1,38,2,0,0,-1,-1,-1,19868,19805,19900,390,390,0,1515,1000,390,390,0,780,0
130000,2,1,2,26,-1,-1,2,0,0,0,10274,10750,8699,7199,5699,6275,2352,0,199,199,2275,1699,1
210000,2,1,2,44,-1,-1,-1,-1,-1,-1,4925,32767,6273,5651,9103,8660,32930,6975,5661,9109,8664,8917,1
220000,2,2,2,27,0,0,0,0,0,0,220588,218136,177720,131874,118918,110338,9000,7500,4500,5000,5000,3000,1
90000,1,3,1,46,0,0,0,0,0,0,91092,91229,66730,44850,29257,24755,4000,3000,2000,638,2000,500,1
50000,2,3,1,51,0,0,0,0,0,0,38306,39338,40378,39067,25481,25861,1661,1701,2006,1041,922,1000,1
60000,2,3,1,37,1,-2,-2,-2,-2,-1,0,0,0,0,0,150,0,0,0,0,150,499,1
160000,1,1,1,42,2,2,0,0,2,2,14137,13613,14634,16532,15969,17701,0,1247,2145,0,2000,0,0
160000,2,1,2,29,-1,-1,-1,0,-1,0,1289,2089,5464,2079,1908,1394,2106,5500,2000,2000,1350,700,1
320000,2,2,1,36,-2,-1,0,0,0,0,73024,66537,58762,43112,67290,62132,2904,2973,1579,40020,3127,1206,1
200000,1,1,1,42,-1,-1,-1,-1,-1,0,3664,718,2946,390,390,390,718,2946,390,390,0,1313,1
320000,1,2,2,27,0,0,0,0,0,0,144648,150320,151365,154025,157082,160217,8000,6000,5671,5700,5741,9900,1
150000,2,1,2,27,-2,-2,-2,-2,-2,-2,0,610,610,0,610,0,610,610,0,610,0,0,1
50000,1,2,2,23,0,0,-2,-2,-1,2,51550,0,0,0,15239,14853,0,0,0,15239,0,540,0
50000,1,3,2,52,0,0,0,0,0,0,48946,98823,50031,20413,18336,18405,2047,3167,682,662,1000,1000,1
360000,2,1,1,38,-2,-2,-2,-2,-2,-2,2410,7830,4024,6643,1947,2066,7954,4044,6715,1956,2076,2003,1
210000,1,1,1,35,-1,-1,-1,-1,-2,-1,205,0,775,0,0,635,0,775,0,0,635,0,1
150000,1,2,1,35,0,0,0,0,0,0,129564,125063,118843,137751,141330,146389,10076,10050,30000,5000,6088,5150,1
30000,2,2,1,34,-1,-1,2,0,0,0,411,995,579,1430,1414,1398,1000,0,1420,400,400,0,1
50000,2,3,2,54,0,0,0,0,0,0,22136,23165,24178,24659,25175,25832,1388,1401,882,913,1075,782,1
300000,2,1,2,26,-2,-2,-2,-2,-2,-2,0,0,0,0,0,0,0,0,0,0,0,0,1
280000,1,2,2,30,0,0,0,0,0,0,31272,40688,139417,144087,147694,155284,10000,100000,7000,6000,10000,8000,0
80000,2,1,2,24,0,0,0,0,0,0,31815,30672,33185,28600,29101,28939,4038,3199,914,850,2055,8318,1
260000,2,1,2,34,-2,-2,-2,-2,-2,-2,5237,0,0,0,3982,0,0,0,0,3982,0,0,1
200000,2,4,2,34,-1,-1,-2,-2,-2,-1,6093,4297,15765,3997,4931,429,4310,15818,4009,4945,429,0,1
290000,2,3,1,48,-1,0,0,-1,-1,-1,284990,274764,225000,16635,15000,47143,10000,25000,16635,15000,47143,2088,1
260000,1,1,2,30,-1,0,0,0,0,0,182329,181133,177351,175130,182154,188264,10000,10000,10000,10000,10000,17000,1
140000,1,2,1,29,1,2,2,2,2,2,73302,74539,75724,73909,78305,76888,3000,3000,0,5763,0,6100,0
150000,2,2,2,24,0,0,0,0,-1,-1,66731,64787,38948,24707,304,635,3000,3125,2065,307,635,0,1
50000,1,2,3,42,2,0,0,2,0,0,47647,50232,50510,32177,29530,29789,3700,3700,0,1072,1500,1132,0
220000,1,1,1,36,-1,-1,-1,-1,0,-1,16783,4861,2267,1350,925,11597,4880,2267,1350,0,11597,178577,1
30000,2,3,1,53,0,0,0,0,0,0,8615,9960,11492,12391,12891,9069,1500,1700,1500,500,1000,0,1
50000,2,2,1,30,0,0,0,0,0,-1,42326,19067,7690,8322,5522,1522,1500,1500,1000,200,2000,50000,1
230000,2,2,2,28,0,0,0,0,0,-1,7865,12377,12543,13713,17960,650,5000,2000,1500,5000,650,0,1
60000,2,2,1,40,0,0,0,0,0,0,57030,48742,35628,31738,28217,29817,5000,2000,1022,1009,5000,1000,1
30000,2,2,1,25,0,0,0,0,0,0,18757,19419,19341,12459,12244,11550,1475,1000,249,600,201,0,1
90000,1,2,1,36,0,0,0,-2,-2,-2,53234,38645,0,0,0,0,2100,0,0,0,0,0,1
200000,1,1,2,37,2,2,2,2,2,2,157131,166590,168386,164182,169029,172084,13500,6000,0,7500,6000,4000,0
500000,2,1,2,41,2,2,-2,-2,-2,-2,2500,0,0,0,0,0,0,0,0,0,0,0,0
430000,1,1,2,34,0,0,0,0,0,0,416678,424740,434836,378571,228568,232668,16005,18016,16005,9005,9013,8010,1
140000,2,2,1,44,0,0,0,0,0,0,127254,109717,81545,81454,60176,79728,6050,3700,2000,3000,20000,1500,0
360000,2,1,2,32,-1,-1,-1,0,0,0,13819,2148,34766,14138,14690,19792,2148,34766,2005,2190,7300,20296,1
130000,1,1,2,27,-1,-1,-1,-1,-1,0,2881,670,1919,3671,13861,21782,670,1919,3671,13861,10000,5235,1
140000,1,2,1,55,0,0,0,0,0,0,78314,81049,82810,83544,85692,87425,4000,4000,3000,3500,3158,8000,1
20000,1,3,2,28,-1,2,2,2,0,0,3515,4301,5075,4845,6753,9615,1000,1000,0,2000,3000,2000,0
320000,2,2,1,38,-2,-2,-2,-2,-2,-2,0,0,0,111,0,288,0,0,111,0,288,1200,1
310000,2,2,1,50,-1,-1,-1,0,-1,-1,316,316,6464,7016,4351,17016,316,6464,1000,4351,17016,1206,1
140000,1,2,1,28,0,0,0,0,0,0,110384,106389,97978,98857,101264,103524,3729,3539,3538,4000,4097,3631,0
50000,1,1,2,30,1,2,0,0,2,0,49233,48146,50029,50921,48809,49639,0,3000,5000,0,1815,2000,0
360000,2,2,1,40,-1,-1,-1,-1,-1,-1,29540,27930,692,41301,10889,2017,27930,692,41303,10893,2017,13894,1
330000,2,2,1,37,0,0,0,0,0,0,46348,37052,36228,37833,37694,41269,1574,1640,3000,3000,4016,2049,1
50000,1,1,2,30,0,0,0,-1,-1,-2,50457,51400,0,3794,0,0,2400,0,3794,0,0,9551,1
420000,2,2,1,29,0,0,0,0,0,0,48455,34993,35340,54763,59037,60290,2011,3000,20000,5000,2000,3000,1
50000,2,1,2,29,2,0,0,2,0,0,50461,48340,51113,48114,19400,19240,2100,4900,0,3000,2500,1000,1
130000,2,2,2,24,2,2,-1,0,0,-2,1176,0,41,1062,-201,-201,0,41,1021,0,0,0,0
30000,1,2,2,24,2,0,0,0,2,2,25851,26912,27535,29175,28625,30383,1779,1402,2042,0,2192,0,0
20000,1,2,2,22,0,-1,0,0,0,0,19666,20076,19875,19659,19310,16286,20700,2000,800,465,1000,0,1
240000,1,2,2,26,0,0,0,0,0,0,24779,28630,29095,28883,28372,24033,5000,1700,1500,755,3000,120000,1
180000,2,4,2,26,0,0,0,0,0,0,252810,240518,39162,5461,2309,0,8013,3060,109,46,0,0,1
340000,2,2,1,32,0,0,0,0,0,0,61605,64250,66293,57657,53035,54693,3500,3049,2706,1870,3000,4000,1
200000,2,3,2,45,1,-2,-2,-2,-1,0,666,1928,-15,1753,4717,1230,1937,0,1768,6137,0,27,1
50000,1,3,1,59,1,2,0,0,0,0,48504,46768,47976,39703,19777,19162,0,2100,2000,1000,1000,1000,1
50000,2,2,2,26,0,0,-1,0,-1,0,49028,49740,780,390,850,18460,2400,780,0,850,18000,1000,1
350000,2,1,2,30,-2,-2,-2,-2,-2,-2,856,187,375,187,242,184,187,376,187,243,184,828,1
360000,2,1,1,43,1,-2,-2,-2,-2,-2,0,0,0,0,0,0,0,0,0,0,0,0,1
60000,1,1,1,48,-1,-1,2,0,0,-1,282,61573,32122,31423,2914,1470,62773,0,0,0,1470,58587,1
120000,2,2,1,34,0,-1,-1,-1,-1,-1,8505,4086,6389,4520,8708,1520,4086,6389,4520,8708,1520,1520,1
530000,1,2,1,54,-2,-2,-2,-2,-1,0,-30,-420,390,390,166210,129716,0,1200,390,166210,6000,3000,1
240000,2,1,2,33,0,0,0,0,0,0,103100,106908,109419,111838,112727,115479,5295,5500,5500,4000,4500,4000,1
140000,1,3,1,50,0,0,0,2,0,0,143090,139095,147204,139896,136922,130098,5411,16000,0,5341,4830,4621,1
150000,2,2,1,36,0,0,0,0,-1,-1,70001,45813,44309,27428,2013,4724,2500,1200,2618,2013,4724,0,1
50000,2,3,2,27,1,2,2,2,0,0,18019,9946,10319,8603,7298,6709,5559,2446,0,260,1000,1214,1
50000,2,2,2,31,1,-2,-2,-2,-2,-2,0,0,0,0,0,0,0,0,0,0,0,0,1
30000,1,1,1,57,0,0,2,3,2,0,23978,26749,28085,27344,26768,27454,3478,2073,0,0,1129,1163,0
220000,2,1,2,30,-2,-2,-2,-2,-2,-2,6391,2383,1496,5199,20718,12428,2402,1503,5233,20828,12490,1601,1
420000,1,2,1,39,-1,0,-1,-1,0,0,22219,22423,4889,14373,12881,3690,7573,4913,14415,6930,709,104259,1
30000,2,2,2,27,0,0,0,0,0,0,4512,6628,9222,6368,1000,3070,2205,2111,2376,0,2070,1683,1
150000,2,1,1,37,0,0,-1,-1,-1,-2,26416,18915,16047,17633,0,0,2497,16047,18776,0,0,0,1
30000,1,2,1,58,-1,-1,-1,-1,-1,-1,2450,4765,3767,4151,3940,3697,4777,3770,4151,3940,3697,843,0
90000,2,2,2,26,0,0,0,0,0,0,45069,43310,40275,37800,37323,34396,2000,2500,3000,3000,2000,3000,1
250000,2,2,2,25,-1,-1,-1,-1,-1,-1,5211,5211,6282,4140,5211,5211,5211,6282,4140,5211,5211,5211,1
100000,2,3,1,36,-1,-1,-1,-1,-1,-1,476,476,476,476,476,1075,476,476,476,476,1075,876,1
50000,2,2,1,31,0,0,0,0,0,0,13641,15409,16052,15993,15780,15549,2000,1223,1000,1000,1000,1000,1
200000,2,1,2,26,0,0,0,0,0,0,18630,15996,16304,14973,20542,15810,1502,1200,300,7000,8000,4000,1
230000,2,1,2,37,-2,-2,-2,-2,-2,-2,-18,-18,-18,-18,-18,-18,18,0,0,0,0,0,0
60000,2,2,2,23,1,2,0,0,0,0,59866,58114,25127,21111,15892,16762,0,3761,1600,881,900,852,1
50000,1,3,2,30,1,2,3,2,2,2,31217,33423,32600,31777,33966,34759,3000,0,0,2700,1500,0,1
110000,1,2,1,27,1,2,2,2,2,2,46657,48615,49519,48421,50644,51662,3000,2000,0,3000,2000,3000,1
80000,1,1,2,23,-1,-1,-1,-1,0,0,444,444,444,888,888,444,444,444,888,444,0,1038,1
100000,2,2,1,28,2,0,0,0,0,2,73073,74739,70844,63924,57326,59654,3500,3003,1910,2400,3300,0,0
180000,2,2,2,24,1,2,2,2,2,2,108580,105403,112073,111345,98404,102460,0,8564,4000,0,7414,0,0
100000,2,1,2,30,0,0,0,0,0,0,91844,90375,81572,71451,68530,66844,3200,3007,3200,3000,3500,2600,1
150000,2,1,2,28,0,0,0,0,0,0,41387,40310,42652,42711,43311,48311,2000,3000,1500,1000,5000,176,1
20000,1,3,1,45,0,0,2,2,2,2,10574,13097,12595,13157,12803,13851,3010,0,1070,0,1260,0,0
50000,1,2,2,32,0,0,0,0,0,-1,50962,50212,3800,50535,50525,1473,2264,1000,50042,2505,1473,12023,1
70000,2,3,3,49,2,0,0,0,0,0,92033,79841,80149,47735,48737,50225,3078,13489,7000,1771,2300,7600,0
130000,2,6,1,44,2,2,2,2,0,0,112570,109131,118539,115029,115793,118335,0,11323,0,4294,4700,4260,0
80000,2,2,1,55,0,0,0,0,0,0,79816,29536,28870,25049,23881,23668,1600,1514,1505,1005,2026,2000,1
130000,2,1,1,31,0,0,0,0,0,0,128319,131825,127949,129357,126999,126719,6300,4800,5000,4700,5000,5000,1
500000,1,1,2,39,-1,-1,-1,-1,0,-1,2450,11833,22963,7086,5453,1486,11833,22963,7086,0,1486,7570,1
110000,1,1,2,33,0,0,0,0,0,0,92575,86147,87889,61123,59395,52189,4000,5009,4000,3027,3000,2500,1
80000,2,1,2,27,-1,-1,2,-1,-1,-1,988,12922,12261,2393,407,2888,12961,0,2403,407,3176,7336,0
80000,1,1,2,31,-1,-1,0,0,0,0,17873,65585,64047,48107,48620,45280,65592,2051,2002,2013,2004,2000,1
100000,1,2,1,38,0,-1,-1,-1,0,0,1473,390,390,1170,780,780,390,390,1170,0,0,0,1
160000,2,2,2,39,0,0,0,0,0,0,163058,161485,161076,156478,122441,120574,6001,6401,6384,4600,4800,4400,1
170000,2,2,2,40,0,0,0,0,0,0,117338,116936,115762,101581,100182,99565,4211,4002,4006,3412,3486,4000,1
500000,1,2,2,33,0,0,0,0,0,0,134558,134503,114682,124240,131006,137911,5185,20031,20029,20058,20127,10000,1
240000,2,3,2,50,0,0,0,0,0,0,223045,218120,221051,191997,196221,200058,9490,8163,6753,7197,7176,5265,1
50000,2,3,3,43,0,0,0,0,0,0,31199,36067,24727,30182,27043,25995,12009,2111,11000,1000,6000,6001,1
50000,2,3,1,48,0,0,0,0,0,0,47945,35712,23177,8550,6373,5848,4100,1150,1200,1000,1000,1500,1
180000,2,1,2,28,-1,-1,-1,-1,0,-1,651,1883,651,2688,1000,2253,1883,651,2688,20,2253,9816,1
500000,1,1,2,42,-2,-2,-2,-2,-2,-2,0,0,0,0,0,0,0,0,0,0,0,0,0
200000,2,1,2,29,0,0,0,-1,0,-1,65199,21489,0,1762,1768,860,6532,0,1762,6,1257,8308,1
50000,1,3,2,30,0,0,0,0,0,0,46860,48581,48968,18949,19181,20245,2500,1700,1600,811,2000,0,1
30000,1,2,2,44,1,-2,-2,-2,-2,-2,0,0,0,0,0,0,0,0,0,0,0,0,1
200000,2,2,2,32,-1,-1,2,-1,0,-1,2261,298,298,13764,5290,924,298,0,13764,0,924,6635,1
300000,2,2,2,25,-2,-2,-2,-2,-2,-2,780,390,334,780,2590,1490,390,334,780,2590,1490,11813,1
90000,1,2,1,29,-1,-1,-1,0,0,-1,500,715,26854,28146,0,2000,715,26854,3000,0,2000,0,1
20000,1,2,2,23,0,-1,-1,-1,0,0,6321,4813,595,18628,19324,19208,6000,597,21722,1000,697,860,1
10000,2,2,2,40,0,0,0,0,0,0,6160,6787,7377,7127,6931,6660,1123,1103,243,296,280,16,1
240000,2,2,1,29,0,0,2,2,2,0,198128,211417,206386,219111,211373,211215,16500,0,16007,7,8229,7621,0
200000,1,2,1,35,-1,-1,-1,-1,-1,0,8028,3729,-19,3920,4452,685,3747,0,3939,4470,3,1064,1
460000,2,1,2,34,-1,-1,-1,-1,-1,-1,14460,8869,21494,12657,5739,10184,8869,23664,12659,5752,10192,7419,1
170000,2,2,2,23,-1,0,0,0,0,0,32192,32555,32292,32372,31202,31688,1608,2301,2379,2202,2688,2110,1
80000,1,3,2,34,0,0,0,0,0,0,45876,46565,47967,48804,49624,50031,1752,2154,1991,1811,1742,2000,1
80000,2,3,1,28,0,0,0,0,0,0,63900,65343,66171,58683,43421,44267,3000,2470,2228,1516,2000,1556,0
230000,1,2,1,60,0,0,0,0,0,0,131550,132114,133281,123958,124474,120570,6057,4845,4291,4115,4274,4054,1
60000,2,2,1,30,-1,0,0,0,0,0,54379,55029,54422,19843,19095,19495,2269,1385,1000,693,717,661,1
200000,2,1,2,37,0,0,0,0,0,0,83000,62084,64610,60567,52122,50610,2500,5000,2509,2000,2000,2000,1
50000,1,3,1,45,-1,-1,-2,-2,-2,-2,1189,0,0,0,0,0,300,0,0,0,0,0,1
80000,1,2,2,30,0,0,0,0,0,0,79949,65416,45991,47229,48468,49490,2500,2000,2000,2000,1826,2000,1
210000,1,1,1,36,0,0,-1,-1,-1,-1,102245,103640,792,396,0,546,5000,792,396,0,546,396,1
50000,1,2,1,26,1,-2,-2,-1,-1,-1,0,0,0,2056,973,973,0,0,2056,973,973,27154,1
200000,2,2,2,36,-1,-1,-1,-2,-2,-1,1371,4068,0,0,0,980,4077,0,0,0,980,0,1
420000,1,1,1,60,0,0,0,0,0,0,195379,198147,200431,200252,202789,205082,8003,7529,10005,8015,10018,7715,1
140000,2,2,2,35,1,2,0,0,0,0,148305,141907,141940,113028,112667,112318,0,7000,3923,4000,4100,4788,1
60000,2,1,2,28,1,2,0,0,0,0,47262,46226,47557,48464,49532,50552,0,2100,2000,2000,2000,3000,1
20000,1,3,2,43,1,-1,2,0,0,0,-20,780,780,1560,780,0,800,0,0,0,0,0,1
280000,2,2,1,51,2,2,2,2,0,0,258764,279451,280882,218619,201679,195934,25000,7500,0,6500,7000,6000,1
360000,2,1,1,34,-2,-2,-2,-2,-2,-2,9100,15658,1874,6330,-200,-200,15658,1874,6330,0,0,0,1
10000,2,2,2,25,0,0,0,0,0,0,9150,9206,10051,9850,8214,8054,1185,1030,1000,1000,2000,2000,1
380000,2,2,1,30,0,0,0,0,0,-1,384846,359926,349753,296465,193342,311009,13291,15287,8532,4334,317077,11892,1
200000,1,3,2,29,0,0,-1,-1,-1,-1,41151,21132,482,482,462,446,1650,482,482,462,466,0,1
20000,2,3,1,35,0,0,0,0,0,2,7196,6780,7399,8574,7833,6342,1120,2000,2580,600,0,1000,1
50000,2,2,1,42,0,0,0,0,0,0,41077,42072,43414,44126,45004,46100,1681,2023,1735,1613,1823,2053,1
50000,1,2,1,44,0,0,-1,-1,-2,-2,3201,0,5701,0,0,0,0,5701,0,0,0,0,0
350000,2,1,2,32,-2,-2,-2,-2,-2,-2,0,0,0,0,0,0,0,0,0,0,0,0,0
180000,2,2,1,39,-1,-1,0,-1,0,0,2569,11662,11867,8111,6312,3739,11662,6003,8111,273,3739,6547,1
220000,2,1,2,28,0,0,-1,-1,-1,0,53342,56022,5806,5637,23054,10730,5000,5806,5637,23054,0,2406,1
20000,2,3,1,56,2,0,0,0,0,0,12864,14150,15334,16222,17598,9950,1500,1500,1000,1500,1500,1500,1
130000,2,5,2,27,0,0,0,0,0,0,106852,107599,109902,112635,114472,117556,4000,4030,4600,4200,5000,5000,1
50000,1,3,1,49,0,0,0,-2,-2,-2,50180,51400,0,0,0,0,2400,0,0,0,0,0,0
200000,2,1,2,32,-1,-1,-1,-1,-1,-1,34500,10706,3835,12559,6764,7700,36659,3835,12559,6764,7700,4,1
360000,1,2,2,29,0,0,0,0,-1,0,67273,47110,39017,0,6835,5562,10000,5000,0,6835,0,2009,1
230000,2,1,1,28,1,2,0,0,0,0,207128,195825,199659,157434,160009,155825,6300,9264,6116,6128,5765,5956,0
490000,1,1,2,30,0,0,0,0,0,0,250637,254499,254762,253583,232878,236555,11032,10000,10000,9012,10000,10000,1
360000,1,3,1,46,-2,-2,-2,-2,-2,-2,0,0,0,0,0,0,0,0,0,0,0,9451,1
70000,1,1,2,29,0,0,0,2,0,0,32938,33635,35287,36002,37096,37999,1548,2200,1600,2000,1500,3000,1
30000,2,2,2,23,0,0,0,2,0,0,10550,11670,13469,14045,14509,16962,1300,2000,1100,1000,2700,500,0
200000,2,3,2,34,0,0,0,0,0,0,195380,199642,188169,191549,195163,194101,7632,6839,6518,6356,6441,6763,1
30000,2,1,2,23,0,0,0,0,0,0,14294,15253,2142,29288,26579,25972,1300,2000,28000,800,501,553,1
50000,1,2,2,31,0,0,0,0,0,0,20526,15129,15093,9577,11139,12487,2000,3000,327,3000,3000,5000,0
50000,2,2,1,36,2,2,2,2,0,0,46203,45159,49125,47956,43578,35126,0,4700,0,2004,3500,0,1
360000,2,2,1,39,-1,-1,-1,-1,-1,-1,26680,22312,19181,16155,5936,15330,22434,19286,16243,5966,15407,43019,1
230000,1,1,1,46,-1,-1,-1,-1,-1,-2,39900,1200,0,11211,0,0,1200,0,11211,0,0,0,1
300000,2,1,1,36,0,0,0,0,0,0,30153,28384,26700,22554,11858,13838,2000,2000,2552,2000,3000,8000,1
500000,1,1,1,44,0,0,0,0,0,0,48533,49623,50969,52182,52821,53927,2200,2447,2660,2100,2109,2000,1
160000,1,1,2,27,1,-2,-2,-1,-1,-1,-1860,-2790,-4650,930,930,2010,0,0,5580,930,2010,0,1
30000,1,1,2,38,1,2,0,0,0,2,24172,23497,24817,25602,26535,26947,0,1715,1500,1500,1000,4670,1
50000,1,2,2,39,0,0,0,0,0,0,47206,8464,9799,10054,9736,9955,1500,1500,400,344,371,314,1
180000,1,1,2,23,0,0,0,0,0,0,177998,167021,148713,129518,125868,121823,7000,6000,5000,5000,4416,4577,1
160000,1,1,2,33,-1,-1,-2,-2,-2,-2,100,0,0,0,0,0,0,0,0,0,0,0,1
50000,2,2,1,22,0,0,0,0,0,0,48255,41550,35553,23711,25975,900,2400,1842,1000,1928,900,31150,1
350000,2,1,1,33,-2,-2,-2,-2,-2,-2,16414,693,693,1144,-4618,-8026,693,0,1144,4279,0,0,0
110000,2,1,2,27,0,0,0,0,2,0,89603,88232,85362,74552,59902,42254,4113,3500,4005,0,1500,1999,1
200000,2,2,1,28,1,-1,-1,-1,-1,-1,0,2658,150,3570,2853,0,2658,150,3570,2853,0,0,1
90000,1,1,2,27,-1,-1,-1,-1,-1,-1,1040,3953,6986,868,350,874,3963,6986,868,350,874,548,0
20000,2,3,1,23,1,2,2,-2,-2,-2,14428,14310,0,0,0,0,480,0,0,0,0,0,0
180000,1,3,0,27,-2,-2,-2,-2,-2,-2,349,1257,1097,243,323,155,1260,1104,243,323,155,209,0
60000,2,1,2,23,1,2,2,2,2,2,29332,28577,30805,31601,32349,32965,0,2709,1600,1400,1300,1200,0
160000,1,2,1,32,0,0,0,0,0,0,93174,95274,97291,98768,101016,103176,4500,4500,4000,4000,4000,4000,1
180000,1,1,1,48,0,0,0,0,0,0,64788,66092,65236,65912,66523,67020,3000,2370,3000,3000,2588,2500,1
300000,1,3,2,64,-1,-1,-1,-1,-1,-1,1068,1168,1005,1372,1610,1355,1168,1005,1372,1610,1355,1426,1
10000,2,1,2,24,0,0,0,0,0,0,6709,7895,8751,8925,9111,9360,1300,1146,320,330,400,1000,1
440000,2,2,2,28,0,0,0,0,0,0,412962,409812,393255,370202,258387,255740,15000,20000,15305,10070,15037,10052,1
50000,2,1,2,24,0,0,0,0,0,0,35871,36312,35827,32834,29052,28288,5000,5000,5716,3000,2000,1500,1
30000,1,2,2,27,1,2,0,-1,2,0,29956,28469,58384,29553,29933,30000,0,2000,30000,1000,1000,0,0
50000,2,2,2,22,0,0,2,0,0,0,38340,41362,34656,35004,35514,2582,3700,0,1200,710,52,1000,1
540000,2,2,1,50,0,0,0,0,0,0,66637,66665,66513,67149,66880,67667,3100,3070,3100,2320,2796,3500,1
150000,2,1,2,25,3,3,2,2,2,2,147260,148157,146844,145037,145349,145506,8100,5202,5300,5300,5300,5500,0
200000,2,2,2,32,0,0,0,0,-1,0,24429,13060,13683,-3942,123250,125926,1500,1000,0,128000,4600,5000,0
300000,2,1,1,37,0,-1,-1,-1,-2,-1,4476,2521,3529,-5364,-8943,4057,3017,4506,0,0,14000,12000,1
380000,1,3,2,33,-1,-1,-1,-1,-1,-1,2989,3731,3003,69127,33815,115854,3742,3012,69294,33827,115860,64486,1
100000,2,2,1,41,-1,-1,-1,-1,-1,0,621,0,368,0,1900,1900,0,368,0,1900,0,1145,1
20000,2,2,2,27,0,0,-1,2,2,2,17304,0,26373,26644,26079,27941,0,26373,1000,0,2300,1200,1
80000,2,2,1,30,1,2,0,0,0,0,82891,80997,81380,75374,77158,78710,0,3299,2699,3000,2987,3100,1
380000,2,1,1,36,-2,-1,-1,-1,-1,2,3744,20334,8499,53235,101439,34579,20498,8549,53471,101785,117,32347,0
20000,2,1,2,24,0,0,0,0,0,0,17147,18264,19145,17322,16989,12699,1700,1500,822,1000,1000,500,1
80000,2,1,2,27,-1,-1,-1,-2,-2,-1,825,825,-6042,-6867,-8692,54375,825,0,0,0,150000,10000,1
340000,2,1,1,36,1,-1,-1,-1,-1,-1,0,544,4881,717,3785,10911,544,4881,717,3785,10911,10226,1
50000,2,2,3,24,0,0,0,0,0,0,40901,37962,26566,9866,5386,5651,1600,6207,1465,2200,1000,3000,1
120000,2,1,2,26,0,0,-1,0,0,-1,1379,9839,4390,850,850,831,9000,4390,0,0,831,6000,1
260000,2,1,1,42,0,0,-1,-1,0,-1,16827,8606,3856,12996,8788,15104,1500,3856,13000,0,15104,16764,1
50000,1,3,2,45,0,0,0,0,0,0,35962,34725,33219,31688,29425,29747,1857,1851,1820,1057,3300,0,1
230000,2,2,1,29,0,0,0,0,0,0,69853,61844,24802,61631,46396,28311,2310,2000,49000,1500,1000,2000,1
220000,2,1,2,30,1,2,-1,-1,0,-1,29007,23428,339,207,207,12890,0,339,500,0,12999,0,1
120000,2,2,1,37,-1,-1,2,0,-1,0,15591,17156,17227,18560,10067,15594,7227,683,8560,10067,10000,7223,1
200000,1,2,2,30,0,0,0,0,0,0,67825,70193,64997,60907,62452,62191,10000,3000,2154,2500,2400,2300,1
70000,2,1,2,29,0,0,0,0,0,0,66330,68278,69181,69494,63275,57430,3049,2621,3032,2074,2000,1800,1
20000,2,2,2,27,-1,2,0,0,0,2,20556,19403,13536,17623,18662,10243,8,2072,15000,1500,0,10000,1
10000,2,3,2,22,0,0,0,-1,-1,2,7572,8520,6118,245,10274,9963,1118,1020,250,10300,0,200,1
350000,2,1,2,31,2,0,0,0,0,2,20042,108444,280478,143142,160442,98479,100000,200000,0,135000,0,100000,1
120000,2,2,2,29,0,0,0,0,0,0,96342,97724,99131,100464,100380,101445,4500,4500,4500,3700,3679,4100,1
350000,1,3,1,35,0,0,0,0,0,0,218605,166310,166106,100151,50340,51400,6222,7174,4200,2400,2400,2500,1
200000,1,1,1,42,-2,-2,-2,-2,-2,-2,-6028,10177,10229,7899,4553,4252,20405,10426,8008,4575,4273,9652,1
100000,1,1,1,35,1,2,2,2,2,0,17365,18102,17514,20207,19745,20263,1310,0,3000,0,1000,1000,1
180000,1,1,2,37,0,0,0,0,0,0,22121,31681,32552,34004,35792,36645,10000,1700,2000,2500,1600,2000,1
50000,2,2,1,45,0,0,2,2,2,2,46248,50893,48854,50901,50015,48179,5750,0,3800,1890,0,1850,0
80000,1,3,1,34,1,2,2,2,2,2,71104,72737,73987,72199,76621,78451,3400,3000,0,5637,3200,0,0
150000,2,3,1,46,1,-2,-2,-2,-2,-2,0,0,0,0,0,0,0,0,0,0,0,0,0
50000,1,2,2,27,0,0,0,0,0,0,17771,18794,19062,19443,19849,20287,1311,1299,680,703,750,626,1
70000,2,3,1,42,0,0,0,0,0,0,6489,9372,11179,8688,8295,10147,3000,2000,295,1000,2000,1000,1
360000,1,1,1,49,-1,-1,-1,-1,-1,0,1050,390,390,750,930,540,390,390,750,930,150,540,0
340000,1,2,1,43,1,-2,-2,-2,-2,-2,-15,-15,-15,-15,-15,-15,0,0,0,0,0,0,0
360000,2,2,2,29,0,0,0,0,0,0,58653,56329,55957,52392,61700,42975,5886,4054,8412,15096,1208,3000,1
260000,1,2,2,28,0,0,0,0,0,0,251829,234867,237497,215343,205576,207688,10000,10500,9150,7500,8000,7500,1
130000,2,2,2,45,-1,0,0,0,0,0,131221,128161,128884,124514,67739,69614,10006,5069,3634,2476,3019,2394,1
300000,2,2,1,35,0,0,0,-1,-1,-1,10911,18463,16022,10880,2558,2324,12042,6191,10892,2558,2332,4099,1
360000,2,2,2,23,0,0,-2,-2,-2,-2,37927,2047,3794,8521,7119,5725,2057,4294,8535,1535,5753,7792,1
50000,1,1,2,44,0,0,0,0,0,0,54332,51671,50272,49293,47154,50069,3000,1928,1595,1526,13000,1569,0
180000,1,2,2,32,1,2,2,0,0,0,172842,177065,163930,136145,133843,134352,8500,0,7000,5000,8000,5000,0
310000,2,2,1,38,0,0,0,0,0,0,302623,310142,308006,239008,245493,250797,12000,12000,8500,10000,9000,8500,1
180000,1,2,1,37,-2,-2,-2,-2,-2,-2,0,0,621,3762,0,0,0,621,3762,0,0,0,1
190000,1,1,2,35,0,0,0,0,0,0,24873,23522,22117,23433,22173,22598,1807,2000,2010,1003,2007,3019,1
60000,2,2,1,37,0,0,0,0,0,0,59462,60866,54007,52089,29397,29110,3000,2570,2202,1200,1100,1100,0
200000,2,4,2,27,-2,-2,-2,-2,-2,-2,0,0,0,0,0,0,0,0,0,0,0,0,1
210000,2,2,2,44,0,0,0,0,0,0,308361,314507,320167,327871,34285,30900,9408,10300,11642,1602,1500,0,0
360000,2,1,1,48,-2,-2,-2,-2,-1,-1,2119,-3,-3,-3,711,875,3,0,0,714,879,1519,1
500000,1,1,1,51,-1,-1,-1,-1,-1,0,8030,13156,12724,12873,24010,27089,13156,12724,12873,24010,15000,20000,1
50000,2,3,2,24,1,2,0,0,0,0,50162,48982,43579,43825,28396,27437,0,2207,2300,1006,1000,1100,1
50000,2,2,2,46,1,2,0,0,0,0,50471,49399,50556,29759,30381,30440,0,2247,1054,1090,1261,1143,1
240000,1,1,1,47,-1,-1,-2,-2,-2,-2,207,99,0,0,0,0,99,0,0,0,0,0,1
150000,2,1,2,29,0,0,-1,-1,-1,0,3737,4332,332,0,332,332,1000,332,0,664,0,1992,1
280000,2,1,2,39,-2,-2,-2,-2,-2,-2,1863,869,262,1203,4,320,872,262,1203,150,470,1000,1
250000,1,1,2,30,0,0,0,0,0,0,73936,106903,174837,81376,61474,27864,40000,85756,35153,4236,6080,88,1
50000,1,2,1,29,1,2,0,0,0,2,23451,22781,24108,25203,26681,26117,0,2000,1800,2200,0,2250,0
130000,1,2,2,25,0,0,2,2,2,0,112561,119435,105382,49643,46812,45914,12421,0,7000,0,2000,1822,1
360000,2,1,1,26,-2,-2,-2,-2,-2,-2,1517,2742,2317,2482,1415,2095,2749,2322,2482,1417,2095,3228,1
30000,1,3,1,52,1,2,2,-1,0,0,3997,2522,0,1919,2658,2497,0,0,1919,2000,1100,201,0
50000,1,1,2,26,-1,2,2,-1,0,-1,5713,5406,-978,978,652,626,0,0,1956,0,626,0,0
50000,2,2,2,22,0,0,0,0,-1,0,50784,50670,50222,20013,39721,30526,2300,2000,1682,41803,1261,1200,1
50000,2,2,1,37,0,0,0,0,0,-1,24380,23325,21940,20718,24048,5017,1366,1400,1200,5000,5017,71,1
50000,1,3,1,46,3,3,2,0,0,0,53418,52281,51173,50033,9779,9924,0,7,1104,445,400,204,1
290000,2,2,2,26,1,2,2,0,0,0,18099,18912,18249,20305,26615,27063,1400,0,2305,6615,1896,2358,1
30000,2,3,1,31,3,2,2,2,2,2,23368,24688,24988,24288,26098,25530,2000,1000,0,2200,0,1100,0
20000,1,2,2,27,0,0,0,0,0,0,15993,17016,18356,19028,38688,19897,1600,1621,1293,830,1548,626,1
250000,1,1,1,53,-2,-2,-2,-2,-2,-2,0,0,0,0,0,0,0,0,0,0,0,0,0
450000,2,1,2,36,-1,-1,-1,-1,-1,-1,3893,522,2218,99,99,412,600,2300,0,0,412,3146,0
210000,2,2,1,49,-2,-2,-1,-1,-1,-1,21639,8455,18062,3019,5587,28210,8455,18145,3019,5587,28210,2706,1
160000,2,2,2,26,-1,-1,-1,-1,0,-1,8036,7663,768,10488,4724,104205,7663,768,10488,2049,104205,3000,1
260000,2,1,2,58,1,-2,-2,-2,-2,-2,0,0,0,0,0,0,0,0,0,0,0,0,0
160000,1,3,1,46,2,2,0,0,0,0,168501,160421,157661,73322,57835,41842,0,6322,2275,2343,3069,77005,1
160000,2,1,1,24,-1,-1,0,0,-1,-1,2990,8619,4405,4445,2820,4970,8619,1000,4000,2820,4970,2825,1
80000,2,2,2,23,2,3,2,2,0,0,84176,81516,80146,61392,60325,60469,0,2000,0,3091,2400,2000,1
120000,2,3,1,36,0,0,0,0,0,2,91914,94638,96290,97913,102959,104872,4260,4371,4425,7900,4000,0,1
520000,1,3,1,41,2,2,0,0,0,0,435924,366194,330211,251920,256512,262474,0,12620,8758,9047,9959,10500,0
60000,1,2,2,26,0,0,0,0,0,0,59487,59199,59326,58938,30101,29735,2113,2500,3000,2500,1500,1100,1
280000,2,1,1,44,0,0,0,0,0,0,230931,235635,197003,198808,187425,177340,8634,7665,6497,5555,5027,5065,1
410000,1,1,2,33,-2,-2,-2,-1,-1,-1,333,333,333,1019,2218,1216,333,333,1019,2218,1216,1019,1
140000,2,1,2,26,0,0,0,0,0,0,131863,136170,139270,137548,96340,94201,6500,6799,5100,3300,3400,7461,1
20000,2,3,2,45,-1,-1,-1,-1,-1,0,390,350,360,370,780,390,350,400,400,800,0,390,1
210000,2,2,1,33,-1,-1,-1,-2,-1,-1,98,1090,0,0,580,500,1120,0,0,580,500,0,1
360000,2,2,1,37,-1,-1,0,-1,-1,-1,10000,17444,17165,10000,10000,10000,17444,10035,10000,10000,10000,0,1
230000,2,2,2,29,0,0,0,0,0,0,157107,119402,78875,76117,75428,150130,6000,3020,3000,2500,80000,5000,1
90000,1,2,1,36,0,0,0,0,0,0,7752,9112,10306,11328,12036,14329,1500,1500,1500,1200,2500,0,0
350000,2,2,2,37,0,0,0,0,0,0,336061,343205,351794,357090,342253,276516,12701,14100,12109,11482,11841,115165,1
100000,1,2,2,35,0,0,0,0,0,0,95271,97243,99400,88037,59213,56651,3558,3803,3146,2514,3000,2500,1
400000,2,2,2,30,-2,-2,-2,-2,-2,-2,-38,9465,4991,466,-1381,3122,10446,5002,504,499,5056,2152,0
60000,1,1,2,30,0,0,2,0,0,0,46307,51232,50109,50979,52998,54264,6000,0,2000,3000,2300,2000,1
120000,1,1,1,34,-1,2,-1,0,0,0,1082,632,1350,900,450,0,0,1350,0,0,0,450,1
120000,2,1,2,37,2,2,2,2,2,2,744,744,744,744,1188,594,444,444,444,888,0,888,0
110000,2,3,1,48,1,2,0,0,0,2,35341,24107,34090,24843,18105,16952,0,11412,739,1560,0,691,0
220000,1,1,1,43,1,-2,-2,-2,-2,-2,0,0,0,0,0,0,0,0,0,0,0,0,0
130000,1,3,1,27,-1,-1,-1,-1,-2,-1,500,2000,1354,0,0,2699,2000,1354,0,0,2699,3766,0
20000,2,1,2,22,0,0,0,0,0,0,12404,13694,14768,15518,16265,16706,1500,1300,1000,1000,711,1000,1
80000,2,2,1,34,2,2,2,0,0,0,17294,22256,21660,22055,22603,23133,5210,0,1000,1000,1000,1000,0
120000,2,2,1,40,0,0,0,0,0,0,109399,109397,36850,37739,38381,39142,3900,1700,1500,1400,1400,1500,1
50000,1,1,2,23,1,-2,-2,-2,-2,-2,0,0,0,0,0,0,0,0,0,0,0,0,0
20000,1,2,2,34,-2,-2,-2,-2,-2,-2,2216,2199,1530,750,2280,1500,2199,1530,750,1140,3000,780,1
120000,2,1,2,27,0,0,0,0,0,0,70835,59986,60779,62958,57763,53004,3000,2500,3000,2000,2000,2500,1
150000,2,2,1,47,0,0,0,0,0,0,153404,144960,148146,142279,139905,142833,6900,7200,5450,5265,5443,5350,1
200000,2,1,1,38,-2,-2,-2,-1,2,-1,26344,0,0,320,170,2865,0,0,329,0,2865,801,1
90000,2,2,1,31,0,0,0,0,-1,0,12045,9720,7391,4238,18003,16128,1500,1200,1000,21000,1500,2000,1
300000,1,1,1,45,-1,-1,-1,-1,-1,-1,5045,688,6431,3645,2041,1800,688,6495,3681,2448,1910,360,1
70000,2,3,1,48,2,2,2,2,2,2,62775,64139,65516,65945,66267,68549,3000,3000,2100,2000,3500,800,0
300000,2,3,1,62,-2,-2,-2,-2,-2,-2,0,0,0,0,0,0,0,0,0,0,0,0,1
280000,1,3,1,40,2,0,0,0,0,0,178220,184848,188411,191291,189029,192023,10000,9000,8000,6738,6974,7600,0
200000,2,2,1,48,0,0,-2,-1,-1,-2,1002,0,490,902,0,0,0,490,902,0,0,0,1
200000,1,1,2,33,-1,-1,-2,-1,-1,-2,3557,-60,-60,1740,0,0,0,0,1800,0,0,0,1
140000,2,2,1,36,0,0,0,0,0,0,50663,50847,50768,50629,49974,49897,1788,2182,2041,1715,1982,30000,1
80000,2,2,1,24,0,0,0,0,0,0,74377,76137,78366,78400,80000,80000,3000,3455,1960,2000,0,0,1
20000,2,3,1,36,0,0,2,0,0,0,14822,17216,17541,18300,19100,2200,3641,900,1200,1000,100,0,0
100000,2,3,2,41,-1,-1,-1,-1,0,-1,7432,1633,2043,4830,3535,4307,1633,2043,4830,0,4307,0,0
50000,1,3,2,28,1,-1,-1,0,-1,-1,-9802,99,103,249,386,11504,10000,103,245,386,11504,2000,1
100000,1,2,2,33,1,-2,-2,-2,-1,0,0,0,0,0,79679,79691,0,0,0,79679,3300,3210,1
350000,1,2,1,51,0,0,0,0,0,0,343842,107315,355925,353074,223209,207743,15000,340000,20000,9000,8000,14000,1
210000,2,2,1,32,0,0,0,0,0,0,132082,131015,133815,134585,127282,125338,6500,6500,4400,5000,7000,6000,1
100000,2,1,2,29,-1,-1,-1,-1,-1,-1,5466,5652,9690,5286,8191,11272,5652,9690,6916,8191,6412,0,1
300000,1,2,1,35,-2,-2,-2,-2,-2,-2,0,0,0,0,0,0,0,0,0,0,0,0,1
320000,2,2,1,39,-1,-1,-1,-1,-1,0,42442,3336,7210,6091,24641,30005,3336,7210,6091,24641,30000,5645,1
50000,2,3,1,39,2,2,2,2,2,0,31063,32051,33239,33571,32732,33416,1800,2000,1171,0,1211,1221,0
260000,1,1,1,51,-1,-1,2,-1,-1,-1,229,674,476,2856,814,605,674,0,2880,814,605,1776,1
180000,1,2,1,53,-1,-1,-1,-1,-1,-1,316,316,316,316,316,316,316,316,316,316,316,466,0
30000,2,2,1,34,1,2,2,0,0,0,22419,24932,23502,24603,24996,26426,3207,0,1800,1100,2000,1977,1
460000,2,2,1,40,0,0,0,0,0,0,133102,126956,126758,121857,122830,90219,5015,5032,4407,4040,3001,3109,1
500000,2,1,2,28,2,0,0,2,0,0,98541,102052,111690,78070,78376,80912,6000,13151,0,3000,5000,10000,0
500000,1,1,2,31,0,0,-1,-1,-1,-1,30056,18415,1697,-107,2693,5393,6000,1697,0,2800,5400,8300,1
70000,2,2,1,38,0,0,0,0,0,0,40271,41126,21125,6197,4560,0,3000,7000,1100,1000,0,0,1
150000,2,2,1,42,1,-2,-2,-1,-1,-1,0,0,0,11068,0,189,0,0,11068,0,189,3307,0
360000,2,1,1,45,-1,-1,2,0,-1,-1,390,1170,780,390,390,390,1170,0,0,390,390,390,0
120000,2,3,1,55,1,-2,-1,2,0,0,-150,-150,7342,7029,7172,7338,0,7492,0,143,166,16000,1
90000,1,2,2,52,0,0,0,0,0,0,87186,87526,88924,88735,87521,85699,3505,3962,2909,3107,3127,3032,1
20000,1,3,1,29,1,-2,-2,-2,-2,-2,0,0,0,0,0,0,0,0,0,0,0,0,1
180000,1,3,1,42,0,0,0,0,0,0,177027,173635,172514,157768,126964,125456,7003,6500,7507,4500,5000,5000,1
20000,2,2,1,29,0,0,0,0,0,0,10747,11558,9961,10310,10372,9838,1317,1150,499,361,573,193,1
50000,1,2,2,25,3,2,0,0,0,0,50516,22781,25064,12927,18691,19291,9,1210,1000,6000,1060,780,0
100000,2,1,2,25,0,0,0,0,0,0,90976,93443,94192,95535,97945,93412,4000,3503,4000,4003,3500,3400,1
490000,2,1,1,37,-1,-1,-1,0,0,-1,36518,77996,274442,233793,49461,12207,77996,274526,4693,989,12207,93707,1
110000,2,1,2,29,-2,-2,-2,-2,-2,-2,7397,-18,-18,-18,-18,-18,2000,0,0,0,0,0,1
80000,2,2,1,51,1,-2,-2,-1,-1,-1,-12,-12,-12,17691,4599,4134,0,0,17703,4599,4134,0,0
60000,2,3,1,42,0,0,0,0,0,0,58186,58364,59108,38827,39670,37503,2382,2373,1324,1402,1460,1045,1
170000,2,2,1,29,-2,-2,-2,-2,-2,-2,-807,-807,-807,-807,-1169,-1531,0,0,0,0,0,0,1
260000,2,4,2,42,-1,-1,-1,-1,-1,-1,399,2101,577,0,200,0,2101,577,0,200,0,664,1
320000,1,1,2,33,-2,-2,-2,-2,-2,-2,3903,3609,4615,5256,22760,700,3609,4615,5256,22760,700,1992,1
20000,2,1,2,27,3,2,2,0,0,2,16732,17866,17276,17514,18462,18036,1700,0,800,1361,0,800,0
80000,1,2,1,49,0,0,0,0,0,0,71775,68083,50642,47283,42340,40223,2911,1920,1541,1502,1619,1472,1
50000,2,2,1,30,0,0,0,0,0,0,43334,41935,14854,14125,12176,13827,1986,1040,1000,1000,3000,1000,1
230000,2,1,2,31,-1,-1,-1,-1,-1,0,2850,1940,8508,-853,13909,29160,1940,8508,0,19000,19160,0,1
110000,2,2,2,26,-2,-2,-2,-2,-2,-2,432,3220,5704,1256,1848,400,3220,5904,0,3000,0,0,1
60000,1,2,2,29,1,-2,-2,-2,-2,-2,0,0,0,0,0,0,0,0,0,0,0,251,0
80000,1,1,2,31,0,-1,-1,0,0,0,19824,5000,19037,12344,26344,1011,5000,19037,0,14000,0,3949,1
400000,1,2,1,45,0,0,2,0,0,2,337135,373869,366338,374255,409777,527566,44000,0,14000,42000,126000,18000,1
280000,2,1,1,30,0,0,0,0,0,0,217773,215017,209089,167458,137312,109980,8155,10048,6011,6010,6514,10011,1
10000,1,2,2,30,0,0,0,0,0,2,8107,8724,9191,9800,10072,9766,1298,1155,1154,1206,0,399,0
70000,2,2,1,44,0,0,0,0,0,0,68687,69531,71271,70712,50793,50605,2545,2918,6329,1996,1977,1975,1
50000,1,3,2,30,0,0,0,0,-2,-2,49631,49641,50355,0,0,0,3000,2000,0,0,0,0,1
80000,1,1,2,23,0,0,0,-1,2,2,60130,59744,44031,48089,44789,30423,2550,1848,6084,38,4,70,1
360000,1,3,1,35,1,-1,-1,-1,-2,-2,0,4359,328,3721,3150,150,4359,328,3721,3150,150,999,1
420000,2,2,2,27,-2,-2,-2,-2,-2,-2,15000,15000,15000,15000,15000,15000,15000,15000,15000,15000,15000,14996,1
290000,2,3,2,27,0,0,0,0,-1,-1,13820,15614,16293,7760,2000,0,2000,1300,0,2000,1000,0,1
30000,2,2,2,25,0,0,0,0,0,-2,15493,16427,17379,23100,0,0,1500,1279,10000,0,0,0,1
50000,1,1,2,24,-1,2,-1,-1,-1,0,1959,662,1655,0,1250,1000,0,1655,0,1250,0,0,1
200000,1,2,2,32,0,0,0,0,0,0,180461,171839,173325,153953,144206,143178,8300,10000,6000,6000,6000,4500,1
450000,1,2,2,29,1,2,0,0,0,-1,16524,12624,11239,10569,3868,5000,676,1204,264,19,5000,0,1
280000,1,3,1,49,-1,-1,-1,-1,-1,-1,4792,3410,2295,3105,582,14013,3410,2295,3105,582,14013,4240,1
150000,2,2,1,25,0,0,0,0,0,0,147476,140352,110722,98874,65258,58027,6640,4100,4000,2675,2500,1500,0
20000,1,3,2,28,-1,0,0,0,0,0,16122,16787,14459,14743,16351,17126,2000,2000,2000,2000,2000,2000,0
20000,1,2,2,30,0,0,0,0,0,0,15070,16384,17413,18117,18632,19180,1568,1597,1301,816,1000,779,0
200000,1,2,2,30,-1,-1,-1,-1,-1,-1,15140,18028,16456,15370,14966,16230,18044,16474,15392,14972,16240,14960,1
290000,1,1,2,35,-2,-2,-2,-2,-2,-2,184910,118701,97606,76053,53994,31812,4166,3400,2588,1696,1113,1647,0
200000,2,2,1,34,0,0,0,-1,-1,-2,4798,4490,5366,2141,0,0,1125,1000,2141,0,0,0,1
140000,2,2,2,27,0,0,0,0,0,0,134936,137328,138767,137231,128228,110803,6700,6704,5000,4155,4100,3600,1
180000,1,2,2,27,0,0,0,0,0,0,134168,120734,124730,120423,113901,114077,4345,5966,4250,4200,4200,4200,1
450000,2,1,1,38,-2,-2,-2,-2,-2,-2,0,0,0,0,0,0,0,0,0,0,0,0,1
90000,1,1,2,36,0,0,0,2,0,0,87678,84296,53990,51752,50346,48811,3573,5100,0,200,20,1146,1
280000,2,1,1,35,2,-1,0,0,0,0,47,97767,99036,96383,86060,62312,99007,5000,3027,6025,2001,1903,1
20000,1,3,2,40,0,0,2,0,0,-2,5945,8184,7839,7999,0,0,2345,0,160,0,0,0,0
130000,2,1,2,31,0,0,0,0,0,0,133845,126804,130264,133603,132215,131848,7000,7000,7000,5500,5100,5500,1
50000,2,2,2,35,0,0,0,0,0,0,48848,49988,45434,34688,24124,21072,2000,2000,1900,1032,3000,907,1
170000,2,2,2,37,0,0,0,0,0,0,170687,29570,31776,34228,36645,38885,3000,3000,3000,3000,3000,3000,1
310000,1,2,1,44,0,0,0,0,0,0,103797,91989,87720,76218,72090,71620,4400,4013,3011,3000,3001,2653,1
450000,1,2,2,36,-2,-2,-2,-2,-2,-2,8012,4009,5226,4715,3275,6422,4021,5241,4729,3284,6441,4285,0
200000,2,2,1,31,-1,2,-1,-1,-1,-1,3850,2025,1926,3263,1580,16874,6,1931,3267,7,17894,2508,1
500000,1,2,2,29,0,0,0,0,0,0,39345,40382,40740,16316,10705,-42,2014,4135,3256,53,0,36368,1
50000,1,2,1,25,0,0,0,0,0,0,42238,43259,35307,23096,18970,19514,1807,1405,1366,1000,1000,1000,0
360000,2,1,2,29,0,0,-1,-1,-1,-1,15854,8174,1004,1004,646,3508,1000,1004,1004,646,3508,0,1
20000,1,2,2,46,-1,-1,-1,0,0,-2,780,0,1170,780,0,0,0,1170,0,0,0,0,0
20000,1,1,2,37,0,0,0,0,0,0,14320,14595,16350,17322,18319,19297,2000,2000,2000,2000,2000,2000,1
400000,1,2,1,32,0,0,0,0,0,0,271974,337765,138235,136102,33340,63684,100000,10007,3601,22000,35802,2013,1
50000,1,3,2,57,-1,-1,-1,-1,-1,-1,390,1726,390,390,390,390,1726,390,390,390,390,540,1
20000,2,2,2,25,2,2,2,0,0,0,16923,20319,19543,19534,19320,12442,4000,0,391,386,249,0,1
130000,1,1,2,41,-1,-1,-1,-1,-1,-1,1392,0,696,1076,316,696,0,696,1076,316,696,696,0
180000,2,1,1,45,0,0,0,2,0,0,18472,20546,24956,24262,24782,26208,2690,5100,0,1058,2000,3000,1
30000,2,3,1,43,2,0,0,0,0,0,30346,29885,20453,16076,15844,15785,1702,1531,1544,702,724,557,0
500000,1,1,1,51,-2,-2,-2,-2,-2,-2,10063,10166,11579,68712,26476,8974,10395,11888,88612,26476,8974,11522,1
350000,1,1,1,40,0,0,-1,-1,0,0,63200,6470,630,20682,20902,16754,4150,630,20902,5000,2000,3000,1
500000,1,1,1,64,-2,-2,-2,-2,-2,-2,0,0,0,0,0,0,0,0,0,0,0,1063,0
20000,2,2,2,48,0,0,0,2,0,0,14218,15247,16986,16418,16615,16944,1562,2301,0,610,604,779,0
60000,2,2,1,39,0,0,0,0,0,0,32734,32234,32136,31204,30330,29934,1506,1881,1422,1021,1500,1056,1
50000,2,2,1,47,0,0,0,0,-2,-2,32547,33481,26775,0,0,0,1582,1800,0,0,0,0,1
30000,2,2,2,24,0,0,0,0,2,2,20367,21882,22929,25433,26228,25679,2000,1696,3200,1500,0,4306,1
140000,1,2,1,28,-1,-1,-1,2,-1,-1,6007,7332,7983,3277,2964,4791,7340,7983,0,2964,4800,2353,0
80000,2,3,1,46,2,0,0,0,0,2,77490,80204,79650,81338,81438,80959,5000,4000,4003,13000,3515,0,0
120000,2,2,1,27,0,0,0,0,0,2,85492,83567,78276,78971,80907,79219,3500,4326,3000,9000,0,3000,0
60000,1,1,2,28,0,-1,0,0,-1,2,2295,5293,13421,9900,310,160,6000,10000,900,310,0,3400,1
50000,1,2,1,49,0,0,0,0,0,0,28788,21485,18800,17272,14226,14991,1377,1500,500,2000,1000,2000,1
110000,1,2,1,32,0,0,0,0,-2,-2,56573,26953,28190,-18,-18,-18,2000,2000,0,0,0,0,1
360000,1,1,2,29,-1,-1,-1,-2,-1,0,2273,1170,0,0,7972,8275,1175,0,0,7972,435,2947,1
200000,2,1,1,42,-1,-1,-2,-1,-1,-1,2374,0,0,5144,0,931,0,0,5144,0,931,0,1
220000,2,1,1,31,-2,-2,-2,-2,-2,-2,3785,1137,377,5763,3952,412,1142,377,5763,3952,412,1294,1
200000,1,3,1,45,0,0,0,0,0,0,97933,78409,58998,60219,61748,64220,3200,2200,2200,2500,3500,90000,1
20000,1,2,2,24,1,3,2,2,3,2,7719,7455,7187,8367,7945,7669,0,0,1300,0,0,1000,1
220000,2,2,1,36,2,2,2,0,0,0,195725,197466,189149,187531,187856,186532,8200,0,7000,7000,7200,23700,0
50000,2,1,2,25,0,0,0,0,0,0,43875,45052,44938,40655,40930,40146,2200,2000,2000,2000,3000,3000,1
120000,2,2,1,45,-1,-1,-1,-1,-1,-1,380,3175,380,380,2402,696,3175,380,380,2402,696,1093,1
550000,2,2,1,32,0,0,0,0,0,0,546741,535509,548020,530672,155083,165975,22863,167622,14000,4300,158064,28840,0
50000,2,1,2,22,1,2,0,0,0,0,4112,3900,7737,3406,1470,1500,0,4019,2500,0,30,0,1
100000,2,2,1,29,0,0,0,2,2,2,73742,75216,82006,84044,84532,80828,2700,8000,4304,3000,0,3000,0
30000,2,3,2,43,2,2,2,2,3,2,13509,13499,14979,15737,15201,14807,500,2000,1300,0,0,1400,1
20000,2,1,2,21,0,0,0,0,0,-1,17471,14129,13937,9429,1393,2055,1400,3500,1567,162,2055,0,1
360000,1,2,2,29,0,0,0,0,0,0,268112,263368,259969,255832,245462,250244,9429,8738,7017,7154,7073,7300,1
160000,2,3,1,44,-2,-2,-2,-2,-2,-2,-18,-18,-18,-18,-18,-18,0,0,0,0,0,0,1
200000,2,1,2,26,-1,0,0,0,0,0,73508,73303,71674,12701,8855,9133,3100,2548,2050,3006,2000,137,1
50000,1,2,1,36,2,2,2,2,0,0,50808,48287,47265,20840,19568,19812,0,3259,0,844,706,677,0
50000,1,2,2,25,-2,-2,-2,-2,-2,-2,-1587,-5174,-2587,-2587,-2587,-2587,0,0,0,0,0,0,0
30000,1,1,2,24,0,0,0,0,0,0,28495,29632,30629,29357,30143,30419,1900,1800,1045,1250,1100,1100,1
100000,1,1,2,32,0,0,0,0,2,2,83831,85586,87289,91451,93381,89522,4000,4037,6500,3500,0,3200,1
160000,1,4,1,45,1,-1,-1,-2,-1,0,0,10427,0,0,1817,1817,10427,0,0,1817,0,4700,1
140000,1,3,1,53,0,0,0,0,0,0,133167,135889,81607,83927,84861,86556,5400,3000,4000,3500,3504,3500,1
20000,1,6,2,27,-1,-1,-1,-1,-1,-1,543,2070,370,-20,780,0,1100,5193,0,800,0,0,1
90000,2,2,2,24,0,0,0,0,0,2,83590,84960,85744,79963,70021,70853,3200,3110,4677,3200,2500,2500,1
500000,2,1,1,39,-2,-2,-1,2,2,-2,3625,0,501,501,902,544,398,501,0,544,544,0,1
180000,1,2,1,34,-1,-1,-1,-1,-1,-1,13067,6170,3439,1193,381,1516,6170,3444,1193,381,1516,542,1
330000,2,1,2,38,-2,-2,-2,-2,-2,-2,0,0,0,0,0,0,0,0,0,0,0,0,0
280000,1,1,2,32,0,0,0,0,0,0,4524,2625,4401,5039,6913,7350,2000,3000,3000,3000,3000,3000,1
80000,2,2,1,46,1,-2,-2,-2,-2,-1,0,0,0,0,0,650,0,0,0,0,650,0,0
50000,2,1,2,22,-1,0,0,0,0,0,45107,30617,22324,18587,20316,18271,2000,2000,1000,2000,1000,2950,0
200000,2,1,1,28,0,0,0,0,0,0,148880,151913,155170,159089,160950,164691,7000,7200,8000,6000,6500,7000,1
80000,2,2,3,59,0,0,0,0,0,0,80893,79175,78713,80684,50400,50058,2799,3300,3600,1568,1625,1649,0
50000,1,3,1,36,0,0,0,0,0,0,36809,24248,18588,18958,19355,19788,1601,1309,679,703,755,396,1
50000,1,3,1,45,1,2,2,2,0,0,46166,42253,46794,44995,45934,48796,0,5600,0,1800,4000,0,1
130000,2,2,2,23,0,0,0,0,0,0,78426,77613,62963,58470,59069,51599,3000,3000,3000,2500,2000,3000,1
80000,1,2,1,35,0,0,0,0,0,0,79875,77201,78535,79296,75274,78051,4000,3500,3322,3000,5007,3000,1
470000,2,2,2,30,0,0,0,0,0,0,216031,203735,181531,52119,48386,35425,7513,5552,1781,3021,3008,3015,1
100000,1,2,2,29,-1,-1,-1,0,-1,-1,2494,1999,6632,6150,10122,2689,2005,6633,18,10152,2697,3607,1
250000,1,2,2,27,0,0,0,0,0,0,34799,25831,24448,20492,18812,17663,2027,2000,1007,1031,2000,10000,1
270000,2,2,1,33,0,0,0,0,0,0,121065,96197,92217,94082,96367,97793,3500,3349,3400,3800,3300,2601,0
150000,2,2,1,37,-2,-2,-2,-2,-2,-2,0,0,0,283,0,0,0,0,283,0,0,0,1
50000,2,2,2,29,0,0,0,0,0,0,47081,49316,50409,45545,39963,41145,3000,2000,2000,2000,2000,2000,0
260000,1,1,2,29,0,0,0,0,0,0,56050,52079,52083,46703,47500,45030,6000,6000,5000,5000,4000,5000,1
20000,2,2,1,34,2,2,2,2,2,2,13552,16513,17549,18907,19114,19186,3188,1600,3570,801,901,1,1
180000,2,2,1,37,0,0,0,0,0,0,88275,78089,75159,76602,76896,78588,2800,3333,3310,2900,3040,3500,1
360000,1,1,2,28,-2,-2,-2,-2,-2,-2,0,0,0,0,0,0,0,0,0,0,0,0,1
30000,2,2,2,27,0,0,0,0,2,2,8476,9677,10715,13218,12709,17463,1500,1500,3000,0,5000,0,1
230000,1,1,2,28,0,0,0,2,-1,-1,6289,10112,8637,7277,2818,2455,5112,7283,0,3000,2455,1285,1
320000,2,1,1,29,0,0,0,0,-1,-1,95322,98787,97996,27996,1712,-216,5000,2000,2000,2000,0,10000,1
150000,2,1,2,35,-1,2,2,2,2,2,15349,12834,25740,20995,21353,14453,0,15600,0,758,0,2580,1
70000,2,1,2,25,1,2,2,2,2,2,53742,52281,55981,54484,59080,59096,0,4545,0,5500,2090,0,1
160000,1,1,2,31,0,0,0,0,0,0,108179,110217,107420,111123,111795,114136,3866,3899,5489,4005,4145,4161,1
210000,1,1,2,30,1,-2,-2,-2,-2,-2,0,0,0,0,0,0,0,0,0,0,0,0,0
350000,1,1,1,30,-2,-2,-2,-2,-2,-2,51672,31250,29178,29180,52550,43538,13113,12110,15044,32244,40218,112406,1
80000,2,2,1,35,0,0,0,0,0,0,81513,82816,74170,73609,46443,47231,3612,2830,2194,1797,2000,2000,1
60000,2,2,2,53,1,2,0,0,0,2,8735,8448,9156,10226,12041,11704,0,1000,1226,2000,0,1100,0
240000,1,2,2,25,0,0,0,0,0,0,62946,61940,61412,62771,65038,67266,2212,2237,5000,5000,5000,3413,1
150000,2,2,2,28,0,0,0,0,0,0,62122,46576,43583,45569,46533,47653,2000,2500,3000,2000,2000,3000,1
200000,2,2,2,38,0,0,0,2,-1,0,18703,9733,7078,1195,43115,43869,1533,2395,0,45000,1600,2000,1
180000,2,2,1,33,0,0,0,0,0,0,44806,47050,49282,50159,51336,54332,3000,3000,2000,2011,4000,3000,1
100000,2,3,2,44,0,0,0,0,0,0,89988,92388,94478,59387,60953,59786,3852,4135,2200,2521,2162,2697,1
180000,2,1,2,27,-1,-1,-1,-1,-1,-1,264,264,264,264,264,264,264,264,264,264,264,264,1
230000,2,5,1,29,0,0,0,0,0,0,123436,127873,129832,133273,139818,65649,7000,6000,6000,10000,30000,3044,1
50000,2,2,1,54,0,0,0,0,0,0,50566,49717,49661,49581,49550,48871,2102,2013,1747,2012,2000,5900,1
300000,2,1,2,26,0,0,0,0,0,0,10545,10421,15196,19406,23260,15423,3000,5000,5000,4000,5000,5000,1
70000,2,1,2,25,0,0,0,0,0,0,31680,28410,24046,19194,16621,10797,2000,2000,2000,3000,2500,900,1
460000,1,1,1,42,-1,-1,-1,-1,-1,2,11924,7721,1711,-2,7126,1996,7728,2229,2,7128,10,957,1
120000,2,1,2,26,0,0,0,0,0,0,104546,105326,111987,112652,114337,115105,4000,10000,4000,5000,4200,4500,1
450000,1,2,2,32,0,0,0,0,0,0,166295,147549,234421,240020,240016,223545,5771,90000,10517,8801,8265,9000,1
140000,2,3,1,28,2,2,2,2,2,2,96008,98017,99961,101123,97375,103044,4500,4400,3700,0,7800,0,0
50000,2,2,2,38,0,0,0,0,0,0,33801,27027,24459,23161,22282,20537,1433,1319,773,787,757,615,1
540000,2,1,2,34,-1,-1,-1,-1,-1,-1,1784,892,946,946,946,946,892,1000,946,946,946,946,1
20000,2,3,3,44,0,0,2,2,0,0,18126,20771,20434,19874,19546,0,3599,1200,1000,400,0,0,0
50000,1,2,2,29,2,2,2,0,0,0,46346,49612,48546,49157,49890,48941,4355,0,1900,1333,0,999,1
360000,2,1,1,39,-1,-1,-1,-1,-1,-1,165,853,165,300,0,1790,853,165,300,0,1790,0,1
290000,1,1,1,40,0,0,0,0,0,0,98441,95169,93718,89712,82809,76334,4000,4250,5000,3241,3500,7000,1
170000,2,2,1,43,0,0,0,0,0,0,78429,81991,81688,100841,23528,32579,5000,3000,20000,5000,10000,10000,1
240000,2,2,1,46,0,0,0,0,-2,-2,177221,169897,166064,0,0,0,7053,6520,0,0,0,0,0
200000,2,3,3,45,-1,-1,-1,-1,-1,-1,4430,7182,3855,3411,6788,9921,7193,3855,3411,6788,9921,5016,1
50000,2,2,1,24,0,0,0,-2,-2,-2,25207,25435,0,0,0,0,1000,0,0,0,0,0,1
460000,2,1,1,38,-1,-1,-1,-1,-1,-1,21203,21828,13776,8226,12497,4503,21833,13779,8226,12497,4503,5844,1
200000,2,5,1,25,0,0,0,0,0,0,149886,140541,96253,76131,37282,24421,5388,3300,2124,912,1000,10847,0
30000,1,2,1,41,0,0,0,0,0,0,5413,13938,8448,8620,8000,0,9200,1000,172,160,0,0,1
500000,2,1,1,46,-2,-2,-1,0,0,-1,28412,72222,248807,179086,160121,52190,72234,248902,3582,3202,52190,53710,1
290000,2,1,1,50,0,0,0,0,0,0,165563,128747,120469,78892,81561,83687,7000,10009,5000,5000,5000,10000,1
200000,1,1,2,31,1,-2,-1,-1,-1,-1,0,0,50307,28281,42163,0,0,50307,28281,42163,5040,3036,1
200000,2,2,1,47,0,0,0,0,0,0,193229,197253,158980,157837,127528,119550,9058,7260,7367,4303,4551,4411,1
300000,1,3,1,72,-1,-1,-1,-1,-1,2,4984,752,3737,1433,5522,3233,756,3753,1433,5522,0,27232,1
80000,1,2,1,45,2,2,2,2,2,0,35169,39069,38166,40642,39689,41043,4500,0,3427,0,2000,3000,0
60000,2,2,2,24,-1,0,0,0,0,0,57147,58104,58311,58828,58945,57918,3000,3000,2500,2100,4000,2100,1
290000,2,2,1,29,2,2,0,0,0,0,63872,62290,63624,64427,62853,63923,0,3000,2406,2431,2433,2434,0
20000,1,2,1,49,2,2,2,2,0,0,13380,13264,19195,18497,18160,19067,400,6180,0,454,1000,400,0
130000,2,2,1,39,0,0,0,0,0,0,93797,91523,88331,81192,78774,77117,3339,2892,2733,2752,3159,3000,1
200000,2,1,2,28,0,0,0,0,0,0,52935,51971,51341,49090,50009,51076,2500,2200,2500,3500,3000,3000,1
60000,2,1,2,27,1,-1,-1,-1,0,0,0,3947,5691,21001,17931,2439,3947,5691,21028,0,0,841,1
20000,1,2,2,24,1,2,-1,0,-1,-1,12060,11047,780,390,12246,12409,0,780,0,12246,911,0,1
60000,1,2,1,32,0,0,0,0,0,2,30781,25870,26964,27265,30329,24104,1505,1599,900,4500,0,1000,1
280000,2,1,1,46,-1,-1,-1,-1,-1,-1,11967,183,1699,0,2722,0,183,1699,0,2722,0,1041,0
180000,2,1,1,35,-1,-1,-1,-1,0,0,37701,32003,32254,47186,54286,112040,32005,32270,47186,44286,86000,148225,1
110000,2,1,2,29,2,2,2,2,2,2,95690,105101,105676,106506,103591,109276,11000,3800,4000,0,8800,0,0
30000,2,3,1,41,-1,-1,-1,-1,-1,-1,1688,0,850,2158,0,1935,0,850,2158,0,1935,0,1
20000,2,2,2,25,-2,-2,-2,-2,-2,-2,7666,6664,6598,6632,6666,6666,6664,6600,6700,6700,6666,6982,1
30000,2,3,1,45,1,2,2,2,0,0,29334,28198,29497,28268,30817,17219,0,2457,0,3000,344,0,1
20000,1,1,2,25,0,0,0,0,0,0,17263,17581,19670,16730,18757,12875,4321,5200,350,4500,1000,4500,1
10000,1,2,1,42,-1,2,0,0,2,2,9860,9169,9055,9908,9611,10059,0,1200,1000,0,1000,0,0
80000,1,2,1,31,0,0,0,0,0,0,70664,62223,26400,27201,27363,-4000,2036,1500,1201,1500,2000,2000,1
500000,1,1,1,45,-1,-1,-1,-1,-1,-1,10147,7358,11727,10850,9061,13017,7395,11807,10904,9106,13081,7063,1
200000,2,2,1,36,2,2,-2,-2,-2,-2,2500,0,0,0,0,0,0,0,0,0,0,0,0
50000,1,2,2,22,2,2,2,0,0,0,45614,50781,45429,28927,19896,19475,5991,41,1617,816,1003,1004,1
10000,1,2,1,45,0,0,0,2,0,0,7139,8416,9815,9508,9754,10192,1400,1700,0,400,600,200,0
180000,2,2,2,25,0,0,0,0,2,2,4745,5765,6631,8386,8109,8820,1257,1123,1878,0,1000,0,1
20000,1,1,2,42,3,2,2,3,3,3,1050,1050,1050,1050,1050,1050,0,0,0,0,0,0,0
250000,2,1,2,26,0,0,0,0,0,0,50122,44742,43194,41381,33246,32948,2027,2020,1510,1000,1000,7000,1
70000,2,1,2,29,0,0,2,2,2,2,71237,76632,74853,78789,77084,80572,6577,0,5816,0,5364,0,0
230000,2,2,1,38,-2,-2,-2,-2,-2,-2,12696,9883,2035,6337,3388,2132,9883,2035,6337,3388,2132,2204,1
300000,1,2,1,29,-1,-1,-2,-2,-2,-2,1874,-200,-200,-200,-200,-200,0,0,0,0,0,0,1
10000,2,2,1,37,-1,4,3,2,2,2,3305,2870,2440,2510,2641,2222,0,0,500,400,0,36,1
40000,2,1,2,35,0,0,0,0,0,0,26801,36208,25378,28058,31145,38030,10000,5000,5000,5000,7500,4596,1
140000,2,2,1,39,0,0,0,0,0,0,133641,136663,137110,139761,137215,133572,7000,6010,6000,5400,5000,5200,1
20000,1,2,1,51,0,0,-2,-2,-2,-2,10400,0,0,0,0,0,0,0,0,0,0,0,0
70000,1,3,1,50,0,0,0,0,0,0,68725,70413,70004,38102,28931,29143,3220,2220,28931,1000,1050,1052,1
240000,2,2,1,56,0,0,0,0,0,2,138785,141894,143270,201082,215709,204302,6500,5000,60000,17464,6516,20002,1
160000,1,2,1,47,-1,-1,-1,-1,-1,0,988,779,637,2667,16746,23591,779,638,2670,16746,7069,7000,1
360000,1,1,2,27,-2,-2,-2,-2,-2,-2,4614,6777,14101,11959,3184,7252,6813,14171,12023,3200,7288,1892,1
80000,2,1,1,39,0,0,0,0,0,0,36444,33840,31768,28223,25557,18220,3015,4012,1013,2010,655,1007,1
10000,1,2,2,27,0,0,0,0,0,0,9457,9554,7335,9025,7886,8382,1107,1310,2000,269,1000,1100,1
130000,2,2,2,24,0,0,0,0,0,0,122750,118319,61466,48288,48898,49699,4966,2034,1710,1765,2000,2672,1
10000,1,2,2,21,0,0,0,0,-1,-1,6703,8422,9205,9393,4176,0,2000,1000,188,2538,0,0,1
270000,1,2,2,27,0,0,0,0,0,0,144376,91373,15016,14092,14315,111458,6000,2000,1000,2000,100000,100000,1
50000,2,3,1,53,2,2,2,2,2,2,40926,43236,45250,46003,44193,44838,3000,3000,1800,0,1500,2300,0
30000,1,1,1,27,-1,0,0,0,0,-2,12897,13484,6655,6618,0,0,2011,2211,2101,148,0,0,0
30000,2,1,2,29,2,-1,-1,-1,2,0,2030,1533,3897,6978,4081,3686,1533,3897,4081,0,155,96,1
90000,2,1,2,27,0,0,0,0,0,0,81111,83081,60210,61221,62636,54261,3500,3000,2600,2600,3000,1500,1
360000,2,2,2,39,-1,2,2,-2,-2,-2,655,655,0,0,0,0,0,0,0,0,0,0,1
50000,1,3,1,46,0,0,0,2,0,0,11401,12506,14774,14233,14744,15252,1300,3000,0,1000,1000,3000,1
50000,1,2,2,24,0,0,0,0,0,0,9923,5088,5625,4428,5092,5685,1200,2065,1000,2070,2000,10327,1
200000,1,2,1,32,0,0,0,0,0,0,74150,66378,60722,53769,45928,38238,3000,5000,3000,2000,2000,3000,1
20000,1,1,2,24,-1,-1,-1,-1,-2,-2,10283,0,750,0,0,0,0,750,0,0,0,0,0
100000,1,6,2,51,2,0,0,0,0,0,101658,97937,98893,101044,96045,97227,4134,3952,3611,3298,3401,3415,1
300000,2,3,1,42,-1,-1,-2,-2,-1,-1,885,0,0,0,494,0,0,0,0,494,0,138,1
190000,1,2,1,33,0,0,0,0,0,-2,98814,102174,105230,17907,-93,-483,5000,5361,1000,0,0,0,0
50000,1,2,2,40,1,1,-1,-1,0,0,50209,-2522,409,29148,30270,22814,0,2931,30000,5270,2814,3089,1
80000,2,2,1,35,-1,-1,-1,-1,-1,0,2890,9796,13443,396,396,396,9796,13443,396,396,0,396,1
50000,2,1,3,48,0,0,-1,-1,-2,-2,83400,80000,4990,3596,1386,4775,1600,4990,13616,1310,4789,1345,1
100000,1,2,2,36,8,7,6,5,4,3,110072,108478,105931,104554,102360,100413,0,0,1170,0,0,0,1
100000,1,3,1,54,2,2,2,3,2,2,81507,83154,88223,85924,86803,88745,3900,7300,0,3200,3500,3420,0
50000,2,1,2,23,2,2,2,2,2,2,44609,44579,46573,47510,48425,49502,1000,3000,2000,2000,2000,0,0
50000,1,1,1,37,0,0,0,-2,-2,-2,29294,30400,0,0,0,0,2000,500,0,0,0,0,1
320000,2,3,2,29,-1,-1,-1,-2,-2,-1,500,500,0,0,0,2900,500,0,0,0,2900,0,1
50000,1,3,2,47,0,0,0,0,0,0,44681,45736,46658,44441,18559,17781,2100,2009,2013,700,1000,1000,1
120000,2,2,2,28,-1,-1,-1,-1,-1,-1,792,0,792,0,396,396,0,792,0,396,396,396,1
210000,1,2,2,33,-1,-1,-1,-1,-1,0,1024,264,264,264,42515,43104,264,264,264,42515,1559,1472,1
200000,2,3,2,49,0,0,2,0,0,0,196272,209034,203592,194238,192451,196355,17500,0,7000,7350,7300,11500,1
110000,1,1,1,36,0,0,0,0,0,0,104498,107819,109836,44356,45932,47473,5000,4823,2000,2000,2000,2000,1
450000,2,2,2,36,1,-2,-2,-2,-2,-2,0,0,0,0,0,0,0,0,0,0,0,0,0
160000,1,1,2,27,-1,-1,-1,-1,-1,-1,11924,0,4477,2682,29011,4000,0,4477,2682,29011,4000,5459,1
430000,2,1,2,36,0,0,0,0,0,0,258212,232225,237297,240682,245337,242481,10500,10300,9000,8541,9054,8543,0
20000,2,2,2,24,0,0,0,0,0,0,13867,14834,15931,15850,16226,14411,1500,1450,369,429,288,250,1
20000,2,2,1,39,1,2,2,0,-1,-1,14112,11221,10656,7928,580,0,3520,0,1000,580,0,0,1
20000,1,2,1,34,0,0,0,0,0,2,9662,10673,11998,13010,13750,13389,1180,1505,1517,1257,0,900,0
340000,1,3,1,44,0,0,0,0,0,0,109424,111606,111704,110578,109932,111127,4032,4117,4199,4103,3900,3382,1
190000,1,2,1,49,-1,-1,-1,-1,-1,0,435,435,635,2084,161110,149941,435,635,2084,161110,5800,4138,1
220000,2,2,1,33,2,2,0,0,0,0,223904,211137,197721,181231,182649,182644,0,8240,6549,6605,6490,6319,0
70000,2,2,2,23,0,0,0,0,0,0,45743,38365,38988,38192,28775,16497,1619,4000,1200,592,330,177,1
10000,2,3,2,22,2,0,0,0,-1,0,7720,10063,9272,-8758,8989,9202,2500,1000,0,30000,500,953,0
20000,1,3,2,23,1,2,2,3,2,2,9126,8835,11088,10618,10304,11232,0,2400,0,0,1100,0,0
50000,2,3,2,46,0,0,0,0,0,0,36165,15054,15414,16349,15800,14719,1600,1300,2000,600,1000,700,1
50000,2,2,2,33,1,2,2,0,0,0,49617,50352,49243,49819,19324,20103,1813,0,2169,702,1101,529,1
280000,2,3,1,53,0,0,0,2,0,0,4866,4405,7322,7043,8932,9654,1200,3000,0,2000,1000,2000,1
100000,1,2,2,43,0,0,0,0,0,0,104028,103601,105282,83616,67825,66756,6000,5088,3098,5010,3038,4031,1
30000,2,1,2,28,0,0,0,0,0,0,6359,7461,5172,5931,7665,9535,1230,1241,1000,2000,2000,0,1
200000,1,1,1,34,-2,-2,-2,-2,-2,-2,7468,5023,618,605,3098,805,5048,621,608,3114,1003,2164,1
110000,2,2,1,36,1,2,0,0,2,2,10448,10144,14516,19396,9298,14116,0,5000,5000,0,5000,0,0
200000,2,1,2,26,0,0,-2,-2,-2,-2,156786,179,1443,1443,1443,871,179,1443,1443,1443,871,2015,1
80000,2,1,2,27,0,0,0,0,0,0,78178,77637,73966,71447,66994,66813,3437,3300,3050,5000,2700,2300,1
230000,2,2,2,29,-1,-1,-1,-1,-1,-1,2624,1149,2140,3313,3750,2491,1149,2140,3313,3750,2491,9785,1
320000,1,5,1,47,0,0,-1,-1,-1,-1,8748,5517,4980,7774,2582,3762,1285,4995,7834,2589,3773,0,1
80000,2,2,1,26,2,0,0,0,0,0,78768,79611,80770,53142,55064,28750,3500,4450,2249,1200,2400,1100,1
330000,1,1,1,40,0,0,0,0,0,0,309055,314927,322077,166654,170008,174723,12500,13306,6000,6000,7333,8000,1
500000,2,1,1,35,-1,-1,-1,-1,0,0,416,258,1563,21557,14802,19552,258,1563,21557,1000,8000,23762,1
250000,2,2,1,29,-2,-2,-2,-2,-2,-2,0,256,258,258,258,258,256,258,258,258,258,258,1
50000,1,2,2,24,0,0,0,0,0,0,51112,51086,51365,50579,20413,20452,2109,2388,1602,900,838,707,1
150000,2,2,2,37,0,0,0,0,0,0,80463,82513,84271,43832,33963,34638,3348,3490,1402,1233,1240,1284,0
240000,2,5,1,34,-1,-1,-1,-1,-1,-1,1731,6763,0,5717,10134,1045,6763,5717,0,10134,1045,6585,1
170000,1,3,1,43,-1,-1,-1,-1,-2,-2,19247,1230,2910,0,0,0,1230,2910,0,0,0,0,1
210000,2,1,2,39,1,-2,-2,-2,-2,-2,0,0,0,0,0,0,0,0,0,0,0,0,1
150000,2,2,1,36,0,0,0,0,0,0,137664,140869,144954,101342,80819,81022,5500,6704,3712,3000,3890,3500,1
50000,1,3,2,35,1,2,0,0,0,2,51350,50214,50035,50495,52073,51120,0,2160,2000,4300,0,2061,1
20000,1,3,1,34,2,0,0,0,0,0,15736,16762,17774,18125,18507,19063,1284,1296,647,672,864,1506,1
300000,2,1,1,26,-1,-1,0,0,-1,-1,1946,2612,3408,1908,1108,530,2612,1914,0,1108,530,100,0
260000,1,1,2,30,-1,-1,-1,-1,-1,-1,1943,855,7288,1055,710,755,855,7288,1055,710,755,955,1
200000,2,5,1,50,-2,-2,-2,-2,-2,-2,0,1882,1312,0,0,0,1882,1325,0,0,0,0,1
300000,2,2,1,46,1,-2,-1,0,-1,-1,0,0,194,1375,13970,1672,0,194,1181,14039,1679,4156,1
230000,2,5,2,23,0,0,0,0,0,0,55197,53593,53470,137734,135386,14718,2712,1551,95022,3015,3003,153001,1
10000,2,1,2,26,0,-1,-1,0,0,0,9459,231,3364,6129,9009,9188,231,5000,3000,3000,329,340,1
20000,2,3,1,51,0,0,0,-1,0,0,18768,19684,11580,780,780,0,1714,1000,780,0,0,0,1
20000,1,1,2,33,0,0,0,0,0,0,17593,38478,19703,19697,17303,1554,1472,1400,394,346,31,0,1
190000,2,3,1,27,0,0,2,-1,-1,0,43903,53382,21811,2921,107441,108642,10882,0,2921,107441,4000,3700,1
290000,2,2,1,40,0,0,0,0,0,0,274558,256910,229566,148812,53157,47998,10700,11014,5800,1820,2000,2000,0
200000,1,1,2,28,-2,-1,2,0,0,2,95065,112893,110059,34125,36031,31885,20000,0,34000,2500,0,50000,1
170000,2,5,2,30,0,0,0,0,0,0,66805,51351,38816,32475,24606,21988,5148,3000,1978,4700,1000,2000,1
360000,2,1,2,29,0,0,0,0,0,0,270528,267435,193910,167029,134294,154290,10256,12000,15273,15000,25000,12000,1
500000,1,2,1,44,-2,-1,-1,0,0,0,77009,92353,223085,278999,207007,66516,94064,223792,85184,4803,1189,222429,1
20000,2,3,2,28,-1,2,2,2,-1,-1,5741,5155,5754,5150,858,0,0,2294,0,1056,0,935,1
160000,1,1,1,47,-2,-2,-2,-2,-2,-2,1562,1499,-3,-3,1274,0,1503,0,0,1277,0,0,1
50000,1,2,1,41,0,0,0,0,0,0,48027,48725,29600,20150,19232,17143,3000,1600,2004,2000,1000,4000,0
70000,1,1,2,33,0,0,0,0,0,0,63845,65443,65169,64370,15082,0,3224,1680,3000,142,142,0,1
30000,1,3,2,27,0,0,0,0,0,0,29584,25645,24564,25823,26269,26335,3000,2000,2000,2500,3000,2500,1
10000,1,2,1,35,0,0,0,0,0,0,5828,7717,8830,9687,10025,10400,2000,1400,1162,500,600,0,1
120000,2,1,2,24,0,0,0,0,-1,-1,3377,4644,8528,8200,3488,1161,2500,5000,1000,3488,1161,5036,1
130000,2,2,1,26,0,0,0,0,-2,-2,2783,131860,130000,0,0,0,130000,3000,0,0,0,0,1
20000,1,2,1,32,0,0,0,0,0,0,23055,24070,25183,25961,27491,40106,1400,1500,1275,1805,2000,2728,0
110000,2,2,1,28,0,0,0,0,0,0,3242,4095,4296,5043,5194,6110,1300,1054,1000,1000,1000,1500,1
260000,1,1,1,30,-1,-1,-1,-1,-1,-1,232,91,85,105,80,95,91,85,105,80,95,80,1
330000,2,1,1,44,0,0,0,0,0,0,234447,202747,180566,182604,186415,190303,8903,7903,6418,6633,6852,6910,1
80000,2,2,1,27,-2,-2,-2,-2,-2,-2,390,390,390,390,390,930,390,390,390,390,930,0,1
10000,1,1,3,46,0,0,0,0,0,0,6772,7790,8799,8974,9162,9375,1128,1137,312,323,356,268,0
20000,1,3,3,59,2,0,0,0,0,0,15281,16316,17347,18055,18755,20299,1596,1600,1300,1000,2000,0,0
90000,2,3,1,46,-2,-2,-2,-2,-2,-2,1609,686,3904,686,686,686,1372,3904,686,686,686,686,1
200000,2,2,2,31,0,0,0,0,0,0,101431,102604,125731,120465,118759,119378,5000,30000,5809,4002,4500,4100,1
80000,2,3,1,40,0,0,0,0,0,0,75768,78069,79196,25722,26261,26784,3500,2934,897,929,935,984,1
20000,2,2,2,25,2,2,2,2,2,2,14549,17144,16580,18366,18766,18324,2845,0,2067,1000,0,1664,1
440000,2,1,1,40,0,0,0,0,0,0,416044,424528,434015,434419,393135,385578,16500,17500,17000,14500,14500,13500,1
20000,1,2,3,47,-1,-1,2,2,-1,-1,390,780,390,0,780,0,780,0,0,780,0,0,0
70000,2,1,2,38,0,0,0,0,0,0,63455,54722,56062,82305,42308,40507,2057,2322,1631,2942,1783,1723,1
150000,2,5,1,53,0,0,0,0,0,0,135903,137719,144913,135063,134417,134490,7474,14004,4876,4750,5090,4594,1
20000,2,3,1,50,2,0,0,0,0,0,15887,16895,18379,19020,18620,19000,1275,1759,1400,0,380,0,0
440000,2,3,2,36,0,-1,-1,-1,0,0,7887,2516,5252,13192,29029,27812,2516,5252,13192,20000,1179,623,1
180000,2,6,1,35,0,0,0,0,0,-2,29197,30719,31500,31939,0,0,2000,1400,639,0,0,0,1
150000,2,3,2,23,0,0,0,0,0,0,6319,8190,6686,7686,4526,65839,2000,1000,1000,0,63300,11632,1
170000,2,5,1,33,0,0,0,0,0,0,143805,143737,129898,124370,112589,26958,10000,6247,6375,4468,1000,1306,1
450000,1,2,1,44,-1,-1,-1,-1,-1,-1,3004,5938,3700,14327,14890,6687,5971,3712,14347,14903,6707,25963,1
50000,2,3,1,49,0,0,0,0,0,0,5630,6629,5918,6918,6941,4756,1107,1000,1000,1500,2150,0,1
500000,1,1,2,30,-2,-2,-2,-2,-2,-1,24349,9543,53947,84388,26154,175790,9605,54218,84839,26283,175857,4914,1
200000,1,1,3,43,-1,-1,-1,-1,-1,0,9873,-709,10291,0,582,291,0,11000,0,873,0,291,1
50000,2,2,2,22,-2,-2,-2,-2,-1,0,64498,58261,401,43091,29842,30601,349,595,54061,32384,1234,1500,1
180000,1,1,2,29,0,0,0,0,0,2,183887,93962,95955,98354,105327,107500,4000,3500,4000,8600,4000,0,1
20000,1,2,2,23,2,0,0,2,0,0,15789,16831,20404,19621,14051,0,1610,4183,0,281,0,0,0
250000,1,3,1,50,0,0,0,0,0,2,254893,258013,263493,268861,274444,290235,9316,9637,9765,10021,20300,10023,1
190000,1,2,1,41,2,2,0,0,0,0,127370,117487,117568,103011,101336,91215,0,6000,5000,3300,5000,4000,0
210000,2,1,2,31,0,0,0,0,0,0,10968,12480,16919,11775,13275,24901,2000,6016,1000,1500,13000,500,1
30000,1,3,2,59,0,0,0,0,0,0,28372,29152,29643,29593,27952,0,2010,1500,788,559,0,0,1
170000,2,1,1,63,0,0,0,0,0,0,54957,56462,58023,59560,61442,63422,3000,2500,2500,3000,3000,2651,1
40000,1,1,2,28,0,0,0,0,0,0,38941,39039,24501,15143,15731,9728,2002,1607,1580,2500,1500,33000,1
30000,2,3,1,43,0,0,0,0,0,0,23101,16480,15459,15366,15680,15000,1481,1400,307,314,300,1770,1
50000,2,2,2,28,0,0,0,0,0,0,19969,27267,19833,24014,27429,29189,8000,3302,5000,6500,10000,20000,1
260000,2,1,1,32,-2,-2,-2,-2,-2,-2,1009,2403,1880,0,1000,0,2403,1880,0,1000,0,189,1
80000,2,2,2,25,-1,-1,-1,-1,-1,-1,3002,1921,13454,1807,3560,3337,1921,13454,1807,3560,3337,6240,1
200000,2,3,1,38,0,0,0,-1,-1,2,60473,151786,109495,13785,22173,10482,101796,29894,13943,21865,0,26218,1
20000,2,3,1,43,4,3,2,2,0,0,20461,19833,20502,19461,19244,20130,0,1700,0,800,1600,1000,1
200000,1,2,1,40,-1,-1,-2,-2,-2,-1,9759,-241,-241,-241,-241,7817,0,0,0,0,8058,0,0
60000,2,1,2,27,2,2,0,0,0,2,19341,19625,20347,21669,23005,22499,900,1342,1664,2000,0,900,0
130000,1,1,2,27,-1,0,0,-2,-2,-2,2219,4141,0,0,0,0,2000,0,0,0,0,0,1
140000,1,1,3,41,0,0,0,0,0,0,130138,132726,135494,136679,130812,67349,4756,4912,3781,2500,3000,2700,0
90000,1,3,1,35,0,0,0,0,0,0,86821,71263,73515,74100,23500,23500,4000,4000,3000,0,0,0,1
200000,2,1,2,30,-2,-2,-2,-2,-2,-2,1028,1025,1613,2193,2698,3812,1030,1621,2213,2711,3831,2213,1
20000,2,2,1,21,1,-2,-1,-1,-2,-2,0,0,289,0,0,0,0,289,0,0,0,0,0
130000,2,2,1,38,-1,-1,-1,0,0,0,5636,8485,6263,24571,18817,13481,8510,6279,24516,16,34,6,1
140000,2,1,1,32,1,-2,-2,-2,-2,-2,0,0,0,0,0,0,0,0,0,0,0,0,1
40000,1,1,2,24,0,0,0,2,0,0,36904,34372,38496,37580,38820,39693,1600,6700,0,2000,1700,1400,1
180000,2,2,1,29,1,4,3,2,2,-2,20867,20168,14464,3455,0,0,0,0,0,0,0,0,1
20000,2,2,1,27,0,0,0,0,-1,0,19667,15,15,41,10522,12340,0,0,26,19700,2000,2000,1
50000,1,3,2,25,0,0,0,0,0,0,35227,36236,21068,18132,18405,16754,2011,2000,2000,1000,1000,1000,1
20000,2,1,2,29,-1,-1,-1,-1,-1,-1,342,792,677,-1,213,856,792,677,0,214,856,0,1
50000,1,2,2,24,0,0,0,0,0,0,34695,38561,36086,32945,29348,23570,6013,3011,1019,1019,2015,17,1
80000,2,2,1,33,0,0,0,0,0,0,74973,66613,66437,54631,49219,50094,3113,2627,1850,1870,1773,1800,1
50000,2,2,2,29,1,2,2,2,0,0,46376,45354,49086,48027,49037,48032,0,4500,0,1751,1736,2971,0
230000,2,2,1,37,0,0,0,0,0,0,16302,15849,16884,17620,18353,18901,1265,1300,1001,1000,1000,1000,1
200000,1,2,2,29,1,2,0,0,0,0,204212,186635,137983,82191,83964,86067,0,4075,3000,3100,4400,2930,1
160000,1,2,2,30,1,-2,-2,-2,-2,-2,0,0,0,0,0,0,0,0,0,0,0,679,1
90000,2,2,1,24,0,0,0,0,0,2,86422,89710,70681,73595,90755,53692,5000,3300,22837,3300,0,1650,1
240000,2,1,1,27,1,-2,-1,-1,0,0,0,0,402,14350,14129,10222,0,402,14350,1129,1222,204,1
120000,2,2,2,30,-1,-1,-1,-1,-1,-1,140,3230,3011,1964,1883,1538,3230,3011,1964,1883,1538,1911,1
280000,1,1,1,26,0,0,0,0,0,0,277815,285477,253365,221167,195058,189623,12596,11320,7608,6628,7004,6902,1
120000,2,3,1,39,2,2,2,2,4,3,49437,51505,53582,58310,57150,55961,3500,3500,6200,358,0,2100,0
50000,2,2,2,42,0,0,0,0,0,0,48080,48062,48667,49311,24663,24854,1763,2112,1756,324,336,351,1
360000,2,1,1,32,-2,-2,-2,-2,-1,0,-16,3194,430,1982,211250,215670,3210,436,1991,211250,7762,7823,1
110000,2,3,1,47,0,0,0,0,0,0,109461,109473,81439,81425,81039,81162,3477,2972,2853,2739,2852,2873,1
110000,1,2,2,29,0,0,-2,-2,-2,-2,41300,0,0,0,0,0,0,0,0,0,0,0,1
20000,2,1,2,24,2,2,2,0,0,0,7919,8637,9339,10029,10615,11285,1000,1000,1000,900,1000,500,0
40000,2,1,1,40,-1,-1,-1,-1,-1,0,776,776,776,776,1552,776,776,776,776,1552,0,1459,0
20000,1,2,2,24,-1,-1,2,-1,0,0,390,780,390,780,780,0,780,0,780,0,0,0,0
50000,2,2,1,42,0,0,0,0,0,0,47867,40937,28868,44751,27557,29125,2083,1840,31000,977,2003,1214,1
120000,2,2,1,24,1,-2,-2,-2,-1,0,0,0,0,0,4629,5551,0,0,0,4629,1000,1915,1
150000,2,2,2,27,0,0,0,0,0,0,88957,92548,82169,67958,69310,70819,5500,2730,2468,2483,2628,10000,1
370000,1,2,1,38,2,0,0,0,0,0,376014,377594,355120,315740,322540,319195,16000,13217,12000,12000,12000,15000,0
50000,2,1,2,25,0,0,0,0,0,0,50051,46768,48124,48171,19401,19412,1754,2500,1781,2000,695,1000,1
80000,2,2,2,36,1,2,2,2,0,0,81606,154026,82385,79795,48999,48161,0,7600,5,2000,2000,2000,0
210000,2,3,2,43,-1,-1,-1,-2,-2,-2,7605,1170,0,0,0,0,1170,0,0,0,0,3015,1
500000,1,1,2,33,0,0,0,0,0,0,49981,45803,43838,25588,24648,23773,2200,2000,3000,2000,2657,85500,1
200000,1,1,1,42,1,-2,-2,-2,-2,-2,0,0,0,0,0,0,0,0,0,0,0,0,1
90000,2,2,1,23,0,0,0,0,0,0,12770,14241,14895,25195,23769,2269,2500,1200,10500,7000,1000,0,0
120000,1,1,1,43,1,-2,-2,-2,-2,-2,0,0,0,0,0,0,0,0,0,0,0,0,0
500000,2,2,1,27,-2,-2,-2,-2,-2,-2,11354,9983,13570,10000,10000,10000,9983,13587,10000,10000,10000,25304,1
50000,2,3,1,37,2,0,0,0,0,0,38527,39609,40352,41183,42221,42935,2000,1700,1500,1700,1568,7400,0
60000,1,3,1,38,2,2,2,2,0,0,33044,32232,25086,24404,25212,28147,0,4000,0,1500,3500,2600,0
120000,2,2,3,59,2,2,2,2,2,2,82172,80266,85919,86910,87893,86370,0,7898,3300,3300,0,3149,0
300000,2,2,2,30,0,0,0,-2,-2,-1,133115,41300,0,0,0,2538,2300,0,0,0,2538,47473,0
30000,1,2,2,26,0,0,0,0,2,0,26990,24706,25022,26405,25861,27778,4900,2000,2100,0,2500,1840,1
20000,1,2,2,49,2,0,0,0,0,0,7823,8691,9701,9894,10102,10534,1151,1161,354,367,600,600,0
50000,1,1,1,47,0,0,0,0,0,0,11066,15539,17274,19975,23632,25242,5000,2000,3000,4000,2000,0,1
380000,2,1,1,33,0,0,0,0,0,0,372926,354068,327342,247528,128386,128820,13248,9543,6106,3013,3398,6067,1
150000,1,2,1,42,0,0,0,0,0,0,98965,100714,100645,103006,52251,46581,3360,3630,4337,1894,1522,1521,1
330000,1,2,1,38,0,0,0,0,0,0,179935,177959,175259,153562,157072,158516,8000,6000,5600,6000,6000,6000,0
130000,1,3,1,54,-1,-1,-1,-2,-1,-1,193,2499,0,0,428,150,2520,0,0,428,150,285,1
60000,2,2,1,41,2,0,0,2,0,0,56483,55643,54941,50291,35829,36602,2203,4687,11,1500,1500,2000,0
230000,2,1,2,25,-2,-2,-2,-2,-2,-2,264,264,264,264,264,264,264,264,264,264,264,264,1
320000,1,1,1,35,0,0,2,2,2,2,106799,116015,117678,119245,120794,123796,11003,5000,5000,5000,5100,5300,1
240000,1,1,2,35,-1,-1,2,-1,0,-1,325,650,325,2250,1925,1925,650,0,2250,0,1925,1925,0
50000,2,2,1,36,0,0,0,-1,-1,-1,27433,12916,6509,4417,0,4331,1161,1000,5254,4166,8497,4679,1
50000,1,2,1,52,-1,2,0,0,0,0,2072,1532,3106,2721,780,0,0,2000,5,0,0,0,1
110000,2,2,2,24,0,0,0,0,0,0,94597,96263,61195,28154,24773,21620,4260,2310,1010,980,900,750,1
20000,2,2,1,39,1,2,0,0,0,0,19565,18968,19612,16213,16812,18382,0,1300,717,1000,2000,1000,1
10000,1,2,1,28,0,0,0,0,0,0,1474,2641,3745,4642,5642,6342,1196,1300,1000,1000,700,1208,1
200000,1,1,1,49,2,-1,-1,-1,-1,0,416,416,416,0,832,416,416,416,0,1248,0,416,1
30000,1,1,2,25,-1,0,0,0,0,0,1581,2282,2964,3360,5038,4833,1046,1044,1072,1750,182,2000,1
100000,2,2,2,23,-1,-1,-1,0,-1,-1,892,2180,10876,11714,7177,10455,2180,10876,3000,7177,10455,2819,1
30000,2,1,2,27,0,0,0,0,0,0,3812,5744,8642,11492,14285,17056,2000,3000,3000,3000,3000,1000,1
20000,2,2,2,30,2,0,0,0,0,0,15997,17336,18345,18643,19094,19224,1600,1602,900,900,636,744,0
220000,1,1,2,34,0,0,0,0,0,0,29549,28267,29708,25407,25109,23320,2000,3000,800,5000,5000,2000,1
130000,1,1,1,39,2,-1,-1,-1,-1,-1,390,390,390,1068,3169,390,390,390,1068,3169,390,390,1
50000,1,2,1,58,2,2,2,2,0,0,8728,10726,11257,11772,12574,13369,2152,1000,1000,1000,1000,1000,0
20000,2,2,1,32,0,0,0,-2,-2,-2,16434,17191,0,0,0,0,1500,0,0,0,0,8000,1
750000,2,3,1,40,-2,-2,-1,-1,-1,-1,16372,15344,3329,38488,9777,66692,15420,3691,38679,9825,67024,76641,1
320000,2,1,2,30,-2,-2,-2,-2,-2,-2,0,200,3663,992,1627,6661,200,3696,997,1635,6694,2508,1
330000,2,1,1,53,0,0,0,0,0,0,304922,292517,211831,153841,156866,155679,14000,7507,6000,6171,6000,6000,1
50000,1,2,1,35,1,2,0,0,2,0,45442,44411,45596,48089,46790,46982,0,1900,3300,0,1558,1833,1
100000,2,1,2,24,0,0,0,0,0,0,52128,52692,54477,56076,60100,59713,2000,2677,3076,5080,3000,2033,1
220000,1,1,1,48,3,2,2,-2,-2,-2,2500,2500,0,0,0,0,0,0,0,0,0,0,0
500000,2,1,2,32,-2,-2,-2,-2,-2,-2,0,0,973,229,3330,7980,0,973,229,3330,7980,538,0
410000,2,1,2,31,0,0,0,0,0,0,400967,365398,367247,304903,310333,317330,14158,13000,13000,12000,12000,15000,1
300000,2,2,1,40,-1,-1,-1,-1,-1,-1,2991,1278,4043,683,172,402,1278,4045,685,172,402,4080,1
20000,1,1,2,25,0,0,0,0,0,0,18069,17905,18712,19682,18384,18768,2180,1400,1300,1000,680,1100,1
240000,1,1,2,48,1,3,4,3,2,0,180189,191054,192447,188156,183299,180090,15281,6000,0,0,9013,6183,1
150000,2,2,2,25,-2,-2,-2,-2,-2,-2,36215,6105,1076,0,3113,0,6105,1084,0,3113,0,0,1
80000,2,3,2,57,0,0,0,0,0,0,78312,77359,76081,76526,27571,28783,3459,3500,1959,982,2000,1482,1
230000,2,1,2,33,0,0,0,0,0,0,172567,174987,133263,114889,117139,120252,7000,6000,4500,4000,5000,4500,1
20000,1,1,2,23,0,0,0,0,0,0,19247,18055,2059,2576,1834,1092,2500,1100,1500,200,200,942,1
130000,2,2,2,26,0,0,0,2,2,2,131336,123443,132517,133747,134230,131986,6000,12600,4900,5105,0,5050,1
280000,2,1,2,30,1,2,0,-1,-1,-1,25903,19262,10660,4191,1671,105726,50,2053,4211,2001,105747,100055,1
120000,2,2,1,29,0,0,0,0,0,0,122842,123704,123291,121242,121403,121863,6500,6100,4603,4774,9000,0,0
30000,2,1,2,23,1,-2,-2,-2,-1,-1,4000,5645,3508,-27,13744,5906,5645,3508,27,13771,5911,3024,1
180000,2,1,2,35,-2,-2,-2,-2,-2,-2,7210,370,8479,792,3826,1997,370,8875,792,3826,1997,396,1
50000,2,3,1,59,0,0,0,0,0,0,47822,36488,36811,13234,11543,10751,2009,2000,556,378,619,5000,1
70000,2,1,2,23,2,2,0,0,0,0,72593,70828,74271,70467,50700,49329,0,7463,2200,2840,1781,1812,0
520000,2,1,2,35,0,0,0,0,0,0,57536,60912,56728,55758,57911,54152,5000,7000,5000,5004,5000,5000,1
100000,2,3,1,30,1,2,2,0,0,0,46809,47121,45239,44712,43654,44678,2000,0,1900,1600,3200,0,1
80000,2,3,2,55,0,0,0,0,0,0,78009,78616,49662,48867,48278,46773,2420,2000,1656,1693,1767,1581,1
230000,2,2,1,45,-1,-1,-1,-1,-1,0,12047,17091,8743,31886,14893,8343,17094,8786,32467,14893,0,8968,1
150000,2,2,2,32,0,0,0,0,0,0,49760,39332,17563,10122,11622,8622,2538,2000,2000,1500,1000,64411,1
20000,1,2,1,42,0,0,2,0,0,2,16070,19107,18506,18802,20199,19394,3300,0,900,1700,0,253,1
240000,2,2,2,30,0,-1,0,0,0,0,35380,64013,51380,25438,19376,12889,64013,1651,1705,564,2093,144734,1
70000,1,1,2,33,0,0,0,0,0,0,66874,132127,52335,27374,27133,10721,2423,4136,1024,1215,435,186,0
50000,2,2,2,25,0,0,0,0,0,0,45688,47122,48888,37264,17486,18348,2500,3000,2000,1000,1000,1000,0
50000,1,2,1,42,0,0,0,0,0,0,12111,12911,13990,14356,14657,15013,1300,1300,600,532,600,494,0
300000,2,2,1,38,0,-1,0,0,0,0,1250,940,11240,12137,15937,16437,940,10300,1200,4000,500,6000,1
390000,2,1,1,39,-1,-1,-1,0,0,-1,31825,56333,70133,63177,63670,22407,56613,70159,1264,493,22505,1162,1
50000,2,2,3,42,0,0,0,0,0,0,49699,49446,50694,44858,19298,19514,1857,2295,1572,5000,1000,813,1
280000,1,1,2,35,1,-2,-2,-1,-1,-2,-2,399,182,4411,976,4968,401,183,4429,981,4992,4517,1
240000,2,2,1,28,-1,-1,-1,-1,-2,-2,1444,2553,747,0,0,0,2553,747,0,0,0,1295,1
200000,2,2,1,26,0,0,0,0,0,0,45487,47247,48160,49361,50564,51572,2800,2000,2000,2000,2000,2000,1
180000,2,1,2,28,0,0,0,0,0,0,171237,172787,174667,176618,141697,143738,8000,7000,7000,5010,5200,6000,1
50000,2,2,2,29,0,0,0,0,0,0,50029,48347,49268,50437,37302,38302,2100,2000,2100,1400,1600,1600,1
280000,2,2,1,26,0,-1,-1,-1,-1,-1,6056,804,4712,1728,2076,1709,1200,4720,1728,2076,1709,7508,1
500000,1,1,1,38,0,0,0,0,0,0,419487,389605,309466,246519,247263,251389,13000,20000,15000,9322,10000,10000,1
30000,2,2,2,23,0,0,0,0,2,0,22517,24148,25437,28391,27801,28684,2000,2000,3700,0,1500,1500,1
240000,1,1,2,28,0,0,0,0,0,0,181569,182916,186885,187756,188520,189908,6606,8246,6806,5112,5291,6004,1
80000,2,3,2,26,1,-2,-2,-2,-2,-2,0,0,0,0,0,0,0,0,0,0,0,0,0
180000,2,1,2,30,0,0,-1,0,0,-2,15743,9814,9161,8252,0,0,1205,9402,0,0,0,0,1
160000,2,5,2,31,-1,-1,-1,0,-1,-1,1790,0,31568,17638,1285,2705,0,31568,353,1285,2705,0,1
390000,2,1,2,29,-2,-2,-1,-1,-1,-1,0,0,1630,1871,2400,3480,0,1630,1871,2400,3480,1600,1
300000,1,2,1,51,1,2,0,0,0,2,198235,193548,198422,204116,214691,218101,0,8000,9000,15500,7000,10000,1
20000,1,2,2,29,0,0,0,-2,-2,-2,17208,18419,0,0,0,0,2055,0,0,0,0,0,1
140000,1,2,2,62,0,0,0,0,0,0,143107,138581,123491,118886,117059,117405,4839,5000,5000,7500,7000,5029,1
20000,1,3,2,36,1,-1,-1,-1,-1,-1,0,832,0,832,1486,0,832,0,832,1486,0,1248,1
160000,2,2,1,50,-1,-1,-1,-1,-1,-1,1261,2261,1390,390,390,0,2261,1390,390,390,0,780,0
150000,1,1,2,37,2,2,2,2,2,2,36148,36858,35985,38687,37765,40352,1600,0,3300,0,3200,1700,0
490000,1,2,1,34,0,0,0,0,-1,0,25015,20912,18817,13424,162851,151961,1340,1397,3193,162856,5461,5010,1
130000,1,1,2,28,1,-1,-1,-2,-2,-2,0,3000,0,0,0,0,3000,0,0,0,0,1000,1
130000,2,2,1,52,1,2,2,2,0,0,112434,98455,103351,100724,97675,102080,0,12700,0,4000,11461,0,1
50000,1,2,1,46,0,0,0,0,0,0,49566,49483,48495,28641,28846,29024,1968,1644,1013,1044,1045,1034,1
70000,2,3,2,38,0,0,0,0,0,0,70621,69821,68683,68771,55168,49674,2506,3500,2104,2015,2001,2102,1
100000,2,3,1,34,0,0,0,0,0,-1,9728,11099,8761,8289,6980,5571,5000,1333,3000,3000,5571,5149,1
240000,2,1,1,37,2,0,0,0,-2,-2,118402,119764,72050,0,0,0,5598,4000,0,0,0,0,0
30000,2,2,2,39,0,0,0,0,0,0,29758,30454,30221,29376,29564,28762,1500,1518,1439,1017,1032,1367,1
310000,2,1,1,43,0,0,-1,0,0,0,112343,25349,21033,19033,9588,5222,3023,21033,1000,192,104,87268,1
340000,2,3,1,40,0,0,0,0,0,0,194380,183139,179156,170491,158370,151685,7000,9000,9000,7000,6000,5400,1
140000,1,2,2,29,-1,-1,-1,-1,-2,-2,487,487,2010,0,0,0,487,2010,0,0,0,299,1
500000,1,2,2,32,-2,-2,-2,-2,-2,-2,71731,75357,62407,63706,59452,47868,25487,80389,50132,22208,30167,25036,1
160000,2,2,1,31,-2,-2,-2,-2,-2,-2,239,0,0,0,1446,426,0,0,0,1446,426,0,1
150000,1,2,1,39,1,-2,-2,-1,-1,-2,-7,4422,367,3287,0,0,4429,367,3691,0,0,0,1
20000,1,2,1,52,0,0,0,0,0,0,15768,16792,18105,18157,18538,19200,1285,1598,650,674,971,580,1
400000,2,2,1,48,0,0,0,0,0,0,352730,335226,317661,319004,316611,314106,12370,15012,13000,12055,13368,12000,1
50000,1,1,2,31,0,0,0,0,0,0,49139,49281,42472,44810,45699,46675,1707,1948,11746,1635,1712,4000,0
470000,1,1,2,29,-1,0,0,0,0,0,215666,209106,207970,212373,193628,184908,7395,8037,9048,10000,6115,5750,1
180000,1,1,2,28,0,-1,-1,0,-1,-1,9796,500,3866,6019,7602,7622,500,3866,3300,7602,7622,0,1
390000,1,1,1,41,-2,-2,-2,-2,-2,-2,7015,500,321,4411,1069,448,500,321,4412,1069,448,2661,1
100000,1,1,2,30,0,0,0,0,-2,-2,96846,98364,21255,0,0,0,5055,1049,0,0,0,0,1
70000,1,3,1,50,2,3,2,2,2,0,56781,55327,52927,30432,16546,16722,2,3,2214,0,600,800,0
210000,2,3,1,44,-2,-2,-2,-2,-2,-2,11771,13462,17706,0,5646,14793,13462,17706,0,5646,14793,7376,0
120000,2,2,1,42,-2,-2,-2,-2,-2,-2,0,338,488,137,324,471,338,488,137,324,471,0,1
140000,2,2,2,35,0,0,0,0,0,0,88394,90252,92775,93606,95301,96653,3280,4270,3500,3606,3500,3550,1
210000,2,2,1,40,-1,-1,-1,-1,-1,-1,12555,560,5287,2000,900,406,560,5287,2000,900,406,900,1
70000,1,1,2,24,0,0,0,0,0,0,16861,7553,8670,9764,9954,10144,1300,1400,1400,500,500,1000,1
250000,2,1,1,42,0,0,-1,-1,0,-1,249406,256400,13600,3274,2446,26710,11400,13600,3274,0,26710,12000,1
300000,2,1,1,42,1,-2,-2,-2,-1,3,-694,-694,0,0,694,394,0,694,0,694,0,0,1
80000,1,2,2,32,-1,-1,-1,-1,-1,-1,2976,13384,2255,1830,2647,11083,13424,2267,1835,2655,11116,4020,1
230000,2,2,2,29,-2,-2,-2,-2,-1,2,0,0,0,0,1004,854,0,0,0,1004,0,5183,1
470000,2,2,2,33,0,0,0,0,0,0,43353,47682,46429,43405,42796,44171,5000,2600,1500,1500,2000,1500,1
70000,2,1,2,29,0,0,2,2,0,0,47310,51047,51727,50594,51823,54093,4500,1813,0,2046,3300,900,1
100000,2,1,2,27,0,0,0,0,0,0,43599,45865,54424,56032,59475,47491,3000,10000,2647,5000,2000,4000,1
50000,1,3,2,30,2,0,0,0,0,0,50110,50322,27078,19107,19506,20024,1500,1620,1000,707,841,657,0
30000,2,2,2,24,-1,0,0,0,0,0,20069,21148,22185,22551,23223,24837,1700,1700,1000,1000,2000,1400,1
220000,2,2,1,34,0,0,0,0,0,0,208009,212271,166288,168146,172345,177151,8200,8000,6108,7000,7743,7700,1
410000,1,1,2,29,0,0,0,0,0,0,53629,50359,44596,44016,38728,36540,3037,3015,3549,5029,4325,6029,1
240000,1,2,2,43,-1,-1,-1,-1,-1,-1,291,291,291,291,291,291,291,291,291,291,291,291,0
120000,1,1,1,42,0,0,2,2,2,0,7722,9591,10687,11905,11420,12081,2000,1400,1700,0,1000,700,0
160000,2,2,1,30,0,0,-2,-2,-2,-2,51400,0,0,0,0,0,0,0,0,0,0,0,1
220000,1,2,1,43,0,0,0,0,0,0,84466,84356,84151,83591,83789,83885,4000,4000,3500,3500,3500,3500,1
100000,1,3,2,47,0,0,0,0,0,0,94925,95130,60003,38500,4681,76728,3889,2412,1698,679,72809,2748,1
150000,2,1,1,41,-1,-1,-1,-1,-1,-1,7939,6610,6994,8102,25715,11350,6629,7034,8112,25715,11350,12595,1
70000,1,3,1,46,2,2,2,2,2,2,29258,31137,32855,33316,34137,33439,2352,2531,1300,1500,0,1400,0
20000,2,2,2,33,2,0,0,0,0,0,19946,18694,17228,16923,10467,10526,1593,1340,1171,402,600,538,0
50000,1,2,2,31,1,2,0,0,2,0,48657,45079,47714,19586,19143,20051,0,4300,2150,0,1204,1000,1
180000,1,3,2,31,2,2,0,0,0,0,36864,35587,35989,36013,36164,31637,0,1800,1230,1200,1350,2310,1
500000,2,2,2,39,0,0,0,0,0,0,491395,464318,477183,496400,505473,474459,25799,35530,31376,70000,17670,20000,1
30000,1,2,1,36,0,0,2,0,0,0,18441,19936,20803,21655,22646,23764,1800,1500,1500,1500,1500,1500,0
50000,2,2,2,32,0,0,2,0,0,0,40253,40757,33922,30097,29013,28167,5806,6,1000,1000,1200,1100,1
50000,1,2,3,41,-1,-1,0,0,0,0,780,12667,6713,6452,6188,4048,12667,1055,184,182,153,100,1
140000,1,2,2,36,0,0,0,0,0,0,123474,125565,120847,121040,107310,105958,4409,4505,4100,3800,4000,3900,0
420000,1,2,1,34,0,0,0,0,0,0,226007,226465,205276,206521,209775,194883,10000,9600,6700,7000,7042,7112,0
170000,2,2,1,52,0,0,0,0,0,0,168516,168529,169956,119844,117944,118163,6791,7333,4218,4269,4481,4144,1
540000,2,1,2,37,0,0,-1,-1,-1,0,4696,6579,1464,-2800,13916,12517,2033,1485,16,20016,2016,2019,1
50000,2,1,2,25,2,2,3,2,2,2,40959,43870,42891,43582,44561,45592,3900,0,1700,2000,1900,1800,0
50000,1,3,2,27,0,0,-2,-2,-1,-1,32590,-100,0,0,70,120,0,100,0,70,200,100,1
50000,2,1,2,23,0,0,0,0,0,0,50933,50906,48560,49826,34318,19884,2400,2500,2608,700,3381,0,1
80000,1,2,2,30,0,0,0,0,0,0,13793,67840,61546,55294,40868,33420,63023,3010,3053,2013,2015,3019,0
200000,2,1,1,37,-1,0,0,0,0,0,97821,97934,44716,42073,42867,33876,4220,2029,2073,2867,3876,2295,1
90000,2,2,1,55,0,-1,-1,-1,-1,-1,15000,1055,-180,2320,1286,1132,1055,0,2500,2000,1132,1110,0
200000,2,3,2,43,0,0,0,-1,-1,-1,5853,5512,492,2038,316,1226,1024,492,2038,0,1226,1582,1
350000,2,1,2,32,0,0,0,0,2,0,260076,265242,271726,295642,283684,282575,9501,10766,29060,55,10104,9324,1
390000,2,1,1,49,-1,-1,-1,-2,-2,-1,15026,13357,0,0,0,100000,13357,0,0,0,100000,39268,1
180000,2,1,2,28,1,2,2,2,2,2,65054,57314,54485,59415,57110,19339,1568,4,8000,387,0,0,1
50000,1,1,1,25,0,0,0,2,0,0,47053,5472,5891,6595,8400,4041,2000,1500,1000,2000,1000,1000,1
140000,2,1,2,35,-1,2,-1,0,-1,-1,2736,1276,2552,1276,1276,1276,0,2552,0,1276,1276,1276,1
10000,1,1,2,24,0,0,2,0,0,0,4216,6476,6224,6347,12856,8078,2500,0,227,239,3412,0,0
300000,2,4,1,54,1,-2,-2,-2,-2,-2,0,0,1702,0,0,0,0,1702,0,0,0,0,1
170000,1,2,1,38,-1,0,-1,-1,-1,0,16480,21770,11507,715,3282,715,15067,11572,3282,3282,0,3122,0
420000,2,1,1,45,1,-1,-1,-1,-1,0,0,23621,29042,35000,292962,247622,23621,29052,35000,292962,0,606,1
170000,2,2,2,30,0,0,2,0,0,0,121009,136552,132655,134140,115892,116653,19078,0,5000,5000,4500,4500,1
50000,2,2,2,27,0,0,0,0,0,0,48492,48356,32904,28864,29708,29921,1600,1715,2000,3010,2000,1100,1
110000,1,1,2,29,0,0,0,0,0,0,110721,111242,105199,104587,49001,45093,3938,5720,3078,2000,2000,2000,0
360000,2,1,2,33,-2,-2,-2,-2,-2,-2,0,0,0,0,0,0,0,0,0,0,0,0,0
80000,2,3,2,26,0,0,2,0,0,0,40931,44374,43365,44143,45079,45977,4100,0,1800,1800,1800,2000,1
220000,2,1,2,29,-2,-2,-2,-2,-2,-2,19030,14287,8183,21189,7838,321,14287,8194,22000,7838,321,21317,1
220000,1,1,1,41,-1,-1,0,-1,-1,-1,30262,37068,14271,9884,4090,6108,37092,10071,9884,4090,6108,19933,1
230000,2,1,1,51,-2,-2,-2,-2,-2,-1,0,0,0,0,0,496,0,0,0,0,496,496,0
150000,1,3,1,52,0,0,0,0,0,0,88812,90649,92499,94364,97589,99921,2564,2616,2647,4000,3158,2215,0
110000,2,1,1,31,2,2,2,0,0,0,107507,108067,83164,79428,80235,79412,7960,0,3000,3000,3100,3000,0
220000,2,2,1,37,0,0,0,0,0,0,81191,78538,76747,67266,60896,160731,3000,3000,3520,3000,106200,5000,1
390000,2,1,1,35,-1,0,-1,-1,-1,-1,43098,55068,15216,16659,35241,14216,42000,15224,16659,35241,14216,72944,1
170000,1,2,1,30,0,0,0,0,0,0,150693,154424,148564,105858,105075,107358,7000,7000,4000,4000,4000,4000,1
360000,1,2,2,37,-2,-2,-2,-2,-2,-2,880,22311,-447,-6146,13461,0,22311,26,0,25461,0,0,1
80000,2,3,2,28,-1,-1,-1,-1,-1,-1,1646,4830,4655,15403,5849,2046,4830,4655,17663,5852,2254,1467,1
30000,2,1,2,23,0,0,0,0,0,0,26847,24815,21681,22293,17155,13470,2500,3500,2000,3500,2000,1000,1
90000,2,1,2,28,0,0,0,0,0,-1,88345,90260,87535,89335,19715,4709,3360,1947,2000,10000,4709,82400,1
80000,2,3,1,36,-1,-1,-1,-1,-1,-1,5587,6906,1470,1720,2890,7678,6906,1470,1720,2890,7678,1730,1
150000,1,1,2,33,0,0,0,0,0,-2,26739,32939,34300,35100,-1200,-1200,7000,2500,1000,0,0,0,1
20000,1,2,2,46,0,0,0,-2,-2,-2,19401,20650,0,0,0,0,1650,0,0,0,0,0,0
500000,2,2,1,46,0,0,2,2,0,0,198342,212155,185142,115640,78082,80588,19000,5000,0,5000,10000,50000,1
210000,2,2,1,34,-1,-1,-1,0,0,0,25650,1360,31793,32943,30019,30657,1360,31793,1943,819,763,2280,1
140000,1,1,2,29,0,0,0,0,0,0,29785,32140,34002,23567,24377,4327,4000,3000,3000,1000,1000,2000,1
110000,2,3,2,27,0,0,0,0,0,0,105979,108403,109172,111940,108594,111239,5340,4000,4600,4000,4450,4100,1
200000,2,2,1,33,-1,-1,-1,-1,0,0,7770,3266,200,15845,15845,-39,5846,200,15845,0,0,0,1
130000,2,2,1,45,0,0,0,0,-2,-2,126840,116746,59839,0,0,0,5298,2606,0,0,0,0,1
500000,2,2,1,42,0,0,0,0,0,-1,60246,74832,126778,82611,71338,29756,40000,85000,139,20000,29761,70000,1
210000,2,1,1,39,-1,-1,-1,-1,-1,-1,5907,2615,1220,5357,4160,0,2637,1220,5357,4160,0,0,1
30000,1,3,1,46,1,2,0,0,0,0,19523,18917,20004,21063,21416,22667,0,1700,1700,1000,1749,0,0
300000,2,1,2,31,0,0,0,-1,-1,0,34515,60700,33843,5045,10288,12565,30000,5000,5045,10288,5000,5000,0
200000,2,1,1,36,-2,-2,-2,-2,-2,-2,588,608,4695,2008,164,3383,608,4695,2008,164,3383,4331,1
190000,2,2,2,27,2,2,2,0,0,0,4686,5459,6214,7104,8973,10809,1000,1000,1000,2000,2000,2000,0
410000,1,2,1,36,-2,-2,-2,-2,-2,-2,41116,38144,31177,27185,13818,8477,5071,3041,3096,3845,212,3,1
160000,1,2,2,25,0,0,0,0,0,0,4071,4554,4770,5494,4586,4686,1060,1276,1000,92,100,1000,1
120000,2,2,1,35,-1,-1,2,2,2,2,2415,11837,9754,24007,22299,31576,9886,0,20000,0,10000,0,1
250000,2,2,1,36,0,0,0,0,0,0,126751,129559,132714,135829,138959,140779,4559,5000,5000,5000,3779,4709,1
120000,1,2,2,38,-1,-1,-2,-1,2,2,500,0,0,974,974,1624,0,0,974,0,650,0,1
20000,1,2,1,34,0,0,0,0,0,0,2799,2164,1854,3296,3435,4435,2005,1200,1500,300,1000,95,1
360000,1,1,2,38,-1,-1,-1,-1,-1,-1,1800,2410,2722,2961,2669,2054,2413,2738,2969,2677,2060,2071,1
80000,2,2,1,38,0,0,0,0,0,0,74236,63120,53897,54292,55430,57011,2125,2000,2000,2010,2500,1336,1
30000,1,2,1,30,-2,-1,-1,-2,-2,-2,5678,20762,2462,13019,4679,0,20774,2476,13263,4793,0,0,1
70000,2,2,2,34,0,0,0,0,0,0,62694,63995,66446,67786,69686,70500,1818,3000,1903,2458,1900,0,1
50000,1,2,1,31,1,2,0,0,0,0,51203,50110,51066,50737,50827,50856,0,2100,1800,1900,2100,1800,1
30000,2,2,1,28,0,0,0,0,0,0,8704,9698,11022,12032,12134,12439,1300,1488,1498,600,500,750,1
180000,2,2,1,38,0,0,0,0,0,2,36479,38813,40611,42641,45287,44577,2810,2600,2568,3214,0,1630,1
80000,1,3,2,27,1,-2,-2,-2,-2,-2,0,0,0,0,0,0,0,0,0,0,0,0,1
330000,1,2,2,25,0,0,0,0,0,0,229229,227017,222040,218852,203312,196266,9520,8100,8500,7400,7200,7900,1
200000,2,3,2,50,-1,-1,-1,-1,-1,-1,3943,1443,2203,2189,5475,5506,1443,2583,2189,5475,5506,15837,1
20000,1,3,1,56,0,0,0,0,2,0,10847,12176,12884,13784,13420,13686,1508,1216,1116,0,490,658,1
100000,2,2,1,28,1,-2,-2,-2,-2,-2,0,0,0,0,0,0,0,0,0,0,0,0,0
150000,1,1,2,26,-2,-1,0,0,-1,-1,600,360,1401,2360,70,420,360,1041,1000,70,660,0,1
60000,2,1,2,27,1,2,2,0,0,0,7169,8396,8113,8971,10824,11646,1500,0,1000,2000,1000,1500,1
140000,2,2,2,34,0,0,2,2,2,0,27098,29832,29354,30609,29981,30581,3485,300,2038,0,1100,2570,0
10000,1,3,3,54,1,2,0,0,0,0,8210,7936,8792,9117,9305,9504,0,1146,471,483,502,460,1
120000,2,2,1,38,-1,-1,-1,-1,-1,-1,4100,7270,820,820,2870,970,7270,820,820,2870,970,820,1
330000,2,1,1,39,0,0,0,0,0,0,94384,46006,48123,50195,51942,55963,4000,3000,3000,3000,5000,2000,1
90000,2,2,1,25,-1,-1,0,0,0,0,7766,13788,15459,43380,46632,14177,93788,10000,33000,5300,5000,2913,1
20000,2,3,1,43,-1,-1,-1,0,-1,-1,390,0,780,390,390,0,0,1170,0,390,0,780,1
50000,1,2,1,61,2,-1,-1,-1,-1,-1,390,390,390,390,390,390,390,390,390,390,390,390,0
30000,1,2,2,24,1,2,2,3,2,0,20985,20393,20399,19945,19645,11229,0,2403,0,0,2000,0,1
70000,2,2,1,33,0,0,0,0,0,-1,43981,33439,24926,10681,7431,4705,1683,3160,3000,3000,5060,5032,1
250000,2,1,2,25,0,0,0,0,0,0,18761,10656,7099,11758,17047,16483,4662,2101,7227,7865,8485,5777,1
80000,1,2,2,24,1,-2,-2,-1,2,2,-1461,-1461,-1458,16950,16475,19284,0,3,18950,0,5889,0,0
30000,2,3,2,48,-1,-1,-1,-1,-1,-1,2946,0,390,390,390,0,0,390,390,390,0,780,0
100000,2,3,1,29,4,3,2,0,0,-1,175441,153992,132132,114431,116766,95961,0,0,0,2335,102075,0,0
20000,2,1,2,22,-2,-2,-2,-2,-2,-1,-9,-9,904,304,0,302,0,913,304,0,302,7676,1
180000,2,2,1,40,-1,-1,-1,0,0,2,632,316,166,6988,6822,466,316,166,6822,466,0,632,1
10000,1,2,1,31,0,0,0,2,0,0,6106,7199,10215,9943,9758,9335,1200,4442,0,1200,1200,0,1
90000,2,1,2,29,2,2,2,0,0,0,7052,9370,9078,10267,10350,10564,2605,0,1500,550,529,531,0
20000,2,2,1,34,0,0,2,-1,-1,-1,3223,3176,220,632,0,316,1220,0,632,0,316,782,0
360000,1,1,2,31,0,0,0,0,0,0,81740,81980,90216,86410,94668,93275,8000,10055,10000,10049,10053,9006,1
140000,2,2,2,25,0,0,-1,-1,-1,0,140286,143649,435,556,92556,94567,6500,436,621,94500,3500,3500,0
170000,1,1,1,35,-1,-1,-2,-2,-2,-1,473,-103,-103,-103,-103,2297,0,0,0,0,2400,0,0
300000,1,2,1,29,0,0,0,0,0,-2,8857,8102,12214,27299,0,0,3000,5000,21312,0,0,0,1
100000,2,1,2,28,1,2,0,0,0,0,102122,96193,82342,81967,82177,78840,322,3600,3800,3000,3000,3023,1
220000,2,1,1,33,0,0,0,0,0,0,199040,182158,143895,147039,152384,159631,10032,7000,7500,10000,10000,7000,1
210000,2,2,1,40,-1,-1,-1,-1,-1,-1,10240,-660,117,4890,-356,4644,0,5000,5000,0,5000,1000,1
180000,2,3,2,52,0,0,0,0,0,0,173065,171015,162516,163447,134939,135815,5902,7693,5464,4893,5095,4862,1
440000,2,3,1,49,0,0,0,0,0,0,386288,367400,347445,354373,307773,293357,14453,12611,13022,10572,10270,10722,1
20000,2,3,3,39,0,0,0,0,0,0,18988,15975,16579,15102,16795,34457,1400,4500,2500,3240,3000,4000,1
60000,1,3,2,24,0,0,0,0,2,0,58819,59810,56566,30627,30203,28648,3000,1768,3954,1000,1500,1200,1
80000,2,2,2,41,-1,2,2,2,2,2,66053,67397,68193,69465,70545,72233,3000,2500,3000,2500,3000,0,1
80000,2,2,2,25,0,0,0,0,0,0,80115,77427,77657,70105,39751,14765,75004,3096,1887,1081,2044,0,1
50000,2,2,1,48,0,0,0,0,0,0,48572,45067,46492,47368,7988,8011,2028,2453,2329,431,300,500,1
180000,1,2,1,41,-1,-1,-1,-1,-1,-1,859,1811,1335,366,1811,1828,1811,1335,366,1811,1828,366,0
300000,2,2,1,40,1,-2,-2,-2,-1,-1,0,0,0,0,280,0,0,0,0,280,0,0,1
210000,1,1,2,27,0,0,0,0,0,0,42585,43304,45622,47232,47583,53032,8000,5000,4000,3000,8000,3000,1
120000,2,2,1,34,1,-2,-1,-1,-1,-1,0,0,369,0,7490,941,0,369,55,7490,941,280,1
220000,1,3,1,48,1,-2,-2,-2,-2,-2,0,0,0,0,0,0,0,0,0,0,0,0,1
60000,2,1,2,26,0,0,2,0,0,0,22921,23044,17660,13104,8722,17976,5000,0,0,174,13810,0,1
270000,2,2,2,29,0,0,0,0,0,0,39004,28963,23021,17934,13650,12864,1520,1719,1200,1000,2000,3022,1
200000,1,2,2,29,-1,-1,-1,-2,-2,-2,8951,6595,0,0,0,0,9117,0,0,0,0,0,0
80000,2,3,2,34,-2,-2,-2,-2,-2,-2,585,-395,-2241,0,0,0,395,1846,8759,0,0,0,1
370000,1,1,2,52,0,0,0,0,0,0,242132,130404,65225,41922,37565,28830,5600,3000,2000,3000,500,4019,1
250000,1,1,2,31,0,0,0,0,0,0,215316,198490,169014,167776,168110,168505,6845,5945,5919,6000,6059,5837,1
400000,2,2,1,41,0,0,0,0,0,0,10928,12730,14486,13419,14313,14524,2000,2002,2000,2000,3000,5000,1
130000,1,2,2,33,2,2,2,-1,-1,-2,1183,2183,2000,700,0,0,2000,13,700,0,0,0,1
180000,1,2,1,40,-1,-1,-1,-1,-1,-1,3071,5630,9040,1288,1419,2385,5639,9044,1290,1421,2386,1964,1
50000,1,2,2,27,1,-1,0,0,0,0,-697,48266,47194,48224,49416,50126,49900,1800,1700,1857,2474,469,1
140000,2,3,2,57,2,0,0,0,0,0,131795,134083,125360,99313,90623,92425,6743,5421,3926,3290,3310,3424,0
190000,2,3,1,41,2,0,0,2,0,0,185738,187764,100526,94909,94804,94007,7762,7700,0,3545,3386,3575,0
50000,1,3,2,54,0,0,0,0,0,0,75804,76799,78692,79543,19738,19759,2785,3068,2309,694,716,808,1
120000,2,1,2,31,-2,-2,-2,-2,-2,-2,-66,-33,-33,-33,-33,-33,0,0,0,0,0,0,1
50000,2,1,1,35,0,0,0,-2,-2,-2,50456,51400,0,0,0,0,2400,0,0,0,0,0,1
170000,1,1,1,35,-1,-1,-1,-1,-1,-1,481,326,526,526,635,760,326,526,526,635,760,526,0
360000,1,1,2,26,1,-2,-2,-2,-2,-1,-1917,-1917,-1917,-1917,-1917,18083,0,0,0,0,20000,1000,1
50000,1,1,2,27,2,2,0,0,0,0,51042,48878,47884,29506,3672,8346,0,2354,1410,1500,4900,700,0
150000,1,3,2,27,-1,-1,2,0,0,0,57386,58531,56544,48153,49288,36872,5000,422,2000,2041,2039,751,0
140000,2,2,2,31,-2,-2,-2,-2,-2,-2,390,0,0,0,0,0,0,0,0,0,0,0,1
210000,2,2,1,47,-1,-1,-1,-1,-1,-1,2295,561,2607,3586,3676,4095,566,2617,3591,3680,4095,8699,0
50000,1,2,2,24,2,0,0,0,0,0,47121,46623,46693,31040,30669,30218,1950,1949,1482,1040,913,779,1
240000,2,1,2,29,0,0,0,0,0,-2,3093,2322,8186,3980,0,0,2000,2020,2500,0,0,85,1
240000,2,2,1,32,1,-2,-2,-1,-1,-1,0,0,0,262,0,1389,0,0,262,0,1389,0,1
50000,1,2,2,22,2,2,2,0,0,0,50262,51040,35046,28893,28772,27521,2009,5,1200,2000,1100,3405,1
20000,1,2,1,51,0,0,0,0,0,0,18321,18446,18285,18235,16259,10640,1355,1136,646,381,337,1251,1
50000,1,3,2,34,-1,2,2,-2,-2,-2,780,780,0,0,0,0,0,0,0,0,0,0,1
10000,1,1,2,27,0,0,0,0,0,0,8907,6599,7736,8492,8138,4990,1500,1400,1000,1009,1000,1598,1
230000,2,1,1,34,2,2,2,2,2,2,186163,190784,195724,198707,201634,205949,9000,9300,7500,7500,7500,7500,0
30000,2,2,1,24,1,2,2,2,2,2,29654,28570,31085,29945,30373,29476,0,3300,0,2158,0,1100,1
50000,2,3,1,31,1,2,2,2,2,2,38102,40025,40071,40906,42100,41269,2830,1000,1800,2000,0,1704,0
490000,1,1,1,43,-1,-1,-1,-1,-1,-1,25916,14187,56573,81414,62063,14122,14187,56717,81414,62063,14122,25417,1
180000,2,2,1,60,2,2,2,0,0,0,178854,177159,177477,176197,170173,139649,2600,5022,5000,6000,7000,6000,0
30000,1,3,2,23,2,0,0,0,0,0,29144,30419,30097,25887,25707,0,2033,1420,0,92,0,0,0
110000,1,3,1,27,0,0,0,0,0,-2,108435,109572,45907,5130,2889,78834,3509,1102,1014,2889,82718,3100,1
140000,2,1,2,27,0,0,0,0,-1,-1,10064,10551,11655,11377,735,1051,2000,2000,1000,735,1051,569,1
150000,2,2,2,23,-2,-1,-1,0,0,0,27414,10053,151996,152753,153844,151252,10096,156292,4700,5019,5300,5002,1
130000,1,1,2,29,0,0,-2,-2,-2,-2,120000,0,0,0,0,0,0,0,0,0,0,0,1
20000,1,2,2,24,2,2,0,0,2,0,15166,14638,15582,17809,17385,18437,0,1500,2500,0,1500,1500,0
30000,2,2,2,54,0,0,2,0,0,2,29230,30786,27167,27440,30117,29523,3500,0,3000,6000,0,781,1
50000,1,3,1,51,0,0,0,0,0,0,43045,42965,43132,43995,43230,43334,1738,1653,1516,1530,2139,1572,1
20000,1,2,2,23,3,2,2,7,7,6,2400,2400,2400,2400,2400,1800,0,0,0,0,0,0,0
90000,2,1,1,29,0,0,0,0,0,0,45343,31228,29756,27751,20292,14937,2967,2007,1429,1092,412,263,1
120000,2,2,1,45,0,0,0,-2,-2,-2,11547,9836,0,0,0,0,5000,0,0,0,0,5562,1
170000,2,1,2,37,-2,-2,-2,-2,-2,-2,7365,255,4884,4442,1800,0,255,4892,4478,1800,0,150,1
230000,2,2,1,44,0,0,0,0,0,0,205938,209941,173679,92937,94552,76849,8476,6593,2966,3135,2956,2040,1
20000,2,3,1,26,0,0,0,0,0,0,13548,14919,17057,13450,7944,780,1605,3130,1275,159,0,0,1
240000,2,2,2,31,0,0,0,0,0,0,245553,244958,245148,240343,211449,215874,10178,10577,8302,7300,7505,7700,1
50000,2,3,2,23,2,2,2,2,2,2,41740,42755,43878,42877,45701,46720,2000,2100,0,3850,1900,1600,0
80000,2,2,1,34,0,0,0,0,0,0,71435,72886,74678,74080,75251,77040,2642,3000,3274,3000,3000,3100,1
150000,1,2,2,37,0,0,0,0,0,0,71341,62432,56091,58919,60363,40448,4117,4002,5000,1925,5316,5000,1
130000,1,2,1,31,2,2,0,0,0,0,131635,126548,127748,100291,93552,95521,0,5100,4100,3392,3521,3724,0
20000,1,3,1,48,0,0,0,0,0,0,19195,20089,16739,17486,9392,9587,1257,1368,1115,301,310,352,0
70000,2,1,2,27,-1,2,-1,-1,-1,-1,6851,2720,4885,11889,0,4280,0,4885,11889,0,4280,20600,1
30000,2,1,2,24,0,0,0,0,0,0,26094,27095,28158,29385,29665,30446,1440,1503,1730,1010,1206,1949,1
420000,1,1,1,51,0,-1,-1,-1,0,0,57815,1000,0,287921,291770,299232,1000,0,288921,10000,21100,0,1
80000,1,3,1,59,1,2,0,0,-1,-1,21723,21097,22140,18349,3540,0,0,2000,0,3540,0,0,1
10000,2,2,2,32,0,0,0,0,0,0,8509,9228,9821,9495,9469,10191,1400,1300,350,500,1650,0,1
60000,1,3,2,23,0,0,0,0,0,0,15592,16643,15557,15526,16273,17001,2000,1400,1000,1000,1000,1000,1
20000,2,3,2,26,0,0,0,0,0,0,19026,19495,19417,19159,15574,0,2302,2004,1200,1000,0,0,1
170000,1,2,1,57,-1,-1,-1,-1,0,-1,792,-2604,396,792,396,396,0,3396,792,0,396,396,0
70000,2,2,1,57,0,0,0,0,0,0,18379,19571,22729,24346,24940,25539,1500,3500,2000,1000,1000,1500,1
200000,1,2,1,54,-1,-1,-1,-1,-1,-1,10755,9981,7843,6335,4616,7956,10120,7852,6336,4622,7956,5499,1
20000,1,1,2,22,-1,0,0,0,0,0,7268,12946,8811,9638,11740,11047,11500,6074,9000,5000,6047,1000,1
300000,1,2,2,42,1,-1,-1,2,2,-2,0,159,803,486,-712,-1037,159,803,8,387,0,0,1
170000,2,2,1,31,1,-1,2,-1,0,0,0,427,427,23321,23475,25218,427,0,23500,840,2121,0,1
40000,2,2,1,23,2,3,2,2,2,0,31772,30983,33168,33527,32854,33947,0,3000,1200,0,1641,1362,1
130000,2,2,1,47,-1,-1,-1,-1,-1,-2,2317,29,2595,1030,-1121,-2452,3000,3000,1000,897,0,2003,0
140000,2,2,1,30,-2,-2,-2,-2,-2,-2,0,0,0,0,0,1122,0,0,0,0,1122,0,1
90000,2,3,2,22,0,0,0,0,0,0,68663,65244,52452,35001,29675,28667,4341,2068,3315,1029,1334,1673,1
140000,1,1,1,57,2,2,2,2,2,3,108660,105504,113177,113622,116396,115826,0,10970,3805,4747,1932,8337,0
240000,2,1,2,28,0,0,0,0,0,0,233441,236496,242446,207633,197644,193724,9000,10307,9014,6029,6014,6034,1
30000,2,2,1,45,1,2,2,2,2,2,13440,13923,17194,16625,17442,18016,1000,3500,0,1400,1000,1000,1
180000,1,2,2,34,0,0,0,0,0,0,22387,23453,20171,20245,20769,23770,1500,1500,1000,1000,3490,1000,1
30000,2,1,2,25,0,0,0,0,0,0,8341,10039,11560,16611,18179,19712,2000,2000,5611,2000,2000,1500,0
50000,1,2,2,29,0,0,0,0,0,0,47373,48076,23459,16175,17753,18302,2000,2083,2000,2000,1000,1000,1
100000,2,1,2,26,0,0,0,0,0,0,81463,83098,63848,64692,66114,67396,4000,3000,2500,2500,2500,2600,1
100000,1,2,1,24,2,2,2,2,2,2,10618,13233,13427,13609,14683,15001,2800,700,700,1300,700,700,0
160000,2,1,1,38,0,0,-2,-2,-2,-2,6555,0,0,0,0,0,0,0,0,0,0,0,1
210000,2,1,2,24,-1,-1,0,0,0,-1,4055,113782,59367,29583,26756,29553,114482,20176,6793,20112,29676,47642,1
170000,1,1,2,27,2,0,0,0,2,2,46899,45809,44572,43211,41394,37958,2732,2578,2300,2000,1200,0,1
150000,2,5,2,33,0,0,0,0,0,0,232327,237150,239410,39584,32815,35626,5877,5419,1009,1120,5000,7128,1
240000,2,3,0,37,-1,-1,-1,-1,0,0,374,1823,1788,6229,15829,20785,1823,1788,6229,10000,10000,5640,1
20000,1,2,2,49,0,0,0,0,-1,-1,18260,19080,18871,17700,390,1320,1621,1292,1166,390,1320,0,0
500000,1,1,1,43,0,0,0,0,0,0,124362,126860,129576,129863,120781,98163,4567,4787,4745,4256,3321,3326,1
60000,1,3,2,44,0,0,0,0,0,0,57694,58749,38110,38525,38346,37416,2800,1900,1300,1363,1500,1466,1
300000,2,1,2,28,1,-2,-2,-2,-2,-2,0,0,0,0,0,0,0,0,0,0,0,0,1
20000,2,3,2,30,-1,-1,-1,0,0,0,390,286,9457,10311,10374,10692,286,9847,1000,1000,500,442,1
420000,2,2,2,29,0,0,-1,0,-1,0,326239,318143,15926,4169,158062,156341,7108,17570,1000,158556,5000,5080,1
150000,2,1,2,25,0,0,0,0,0,0,151160,152127,154652,157819,155982,154158,5526,5877,5804,5763,5669,5596,1
360000,2,1,1,43,-1,0,0,0,0,-2,17412,18455,19245,18370,0,0,1328,1637,5000,0,0,0,1
170000,1,2,2,27,-1,-1,-1,-1,-1,-1,416,416,416,416,416,416,416,416,416,416,416,416,1
80000,2,2,2,24,0,0,0,0,0,0,72383,73620,53728,31989,20058,196,3500,2354,2027,800,196,184,1
180000,2,3,1,28,0,0,0,0,0,0,113125,67864,31613,25220,8654,4837,1923,1501,1000,0,0,49347,1
200000,2,1,2,29,-1,-1,-1,-1,-1,-1,3540,2914,3601,1717,30616,22849,3028,3919,1726,30802,22963,1335,1
60000,1,2,1,31,0,0,2,0,0,0,55831,60430,58906,59210,44521,31497,8660,0,2150,800,1000,1781,1
110000,2,2,2,25,0,0,0,0,0,0,38152,39214,39981,41312,42028,42899,2000,1700,2000,1700,1700,2300,1
120000,2,2,1,29,1,2,0,0,0,0,126412,120812,121895,121208,121678,122067,0,4600,4512,4600,4600,5200,0
220000,2,2,1,35,0,0,0,0,0,0,41259,37465,39494,16842,0,8419,2000,3000,1160,1000,0,1000,1
240000,2,1,2,31,2,0,0,0,0,0,179483,183151,185490,189351,193115,197445,8151,6790,6951,6915,7445,7248,0
30000,2,2,3,41,1,-1,0,0,-1,0,8247,16463,7090,10000,18438,17068,16463,1314,10000,18438,733,11796,1
20000,2,2,2,22,2,0,0,2,3,2,6655,9711,12450,13949,13437,13082,3200,2900,2000,0,0,4600,0
200000,2,2,1,32,-1,-1,-1,-1,-1,-1,5150,10190,10190,10190,10594,11193,10190,10190,10190,10594,11193,10190,1
20000,1,3,1,52,1,2,2,-2,-2,-2,10474,10000,0,0,0,0,0,0,0,0,0,0,0
300000,2,1,1,31,0,0,0,0,0,0,147277,149893,152529,152882,113347,114554,7000,7000,6000,4084,4056,4300,1
80000,1,2,1,32,-1,-1,-1,-1,-1,-1,1253,4091,4111,940,1550,4030,4091,4120,949,1550,4030,6030,1
20000,1,3,1,39,0,0,0,0,0,0,16946,14960,12772,12630,12524,11179,1529,1161,409,444,405,163,1
210000,1,2,1,38,-1,-1,-1,-1,-1,-1,326,0,2684,0,10652,326,0,2684,0,10652,326,0,1
330000,2,1,1,31,0,0,0,0,0,0,132514,137347,391478,142842,143257,144783,10000,65042,12000,5000,6000,6000,1
500000,2,1,1,32,-1,-1,-1,-1,0,0,185419,10573,0,282562,288459,293233,10573,0,282562,11000,9572,8928,1
170000,1,2,1,42,0,0,0,0,0,0,131629,131374,129544,131937,132958,134525,5300,5100,5000,4700,5000,4800,1
50000,1,2,2,24,0,0,0,0,0,0,50603,50116,48063,43787,9226,9628,2500,2505,2531,530,2000,1000,1
280000,2,2,1,38,0,0,0,0,0,0,236583,230990,173668,177475,171566,175500,10000,6000,6000,6000,6000,5000,1
40000,1,1,2,27,2,0,0,0,0,0,10181,11058,11471,11776,12660,12660,2500,2000,1500,2330,2300,1000,0
140000,2,2,1,30,0,0,0,0,0,0,13859,16229,16459,14753,13437,14745,5000,1286,1476,423,3000,1000,1
500000,2,1,2,51,-1,-1,-1,-1,-1,-1,187,369,535,-13,20807,20897,370,537,0,20911,21001,88,1
300000,1,1,1,40,-1,-1,-2,-2,-2,-2,4950,-337,-337,-337,-337,-337,0,0,0,0,0,2000,1
300000,2,1,1,37,-1,-1,-1,-1,-1,-1,5771,3217,19615,11123,10266,12467,3217,19615,11123,10266,12467,5041,1
50000,1,2,2,29,2,2,2,2,2,0,35488,36606,37526,38214,37302,38546,2000,1800,1600,0,2000,1600,0
440000,2,5,1,64,0,0,0,0,0,0,133996,136606,136771,141131,147251,150332,6319,5000,6625,10000,5443,5501,1
600000,2,3,2,51,0,0,0,0,0,0,95286,78404,147559,323129,310042,311840,10448,85113,217035,11032,15019,10033,1
30000,2,2,1,45,0,0,0,0,0,0,30488,30900,30480,31124,29333,30177,1600,1500,1100,1053,1320,967,0
120000,1,2,1,34,-1,-1,-1,-1,0,0,6059,1943,2402,18700,9900,0,1943,2500,38098,5000,0,0,1
200000,2,2,1,36,-1,0,0,0,0,0,136286,183615,184792,195062,195156,192436,50000,7000,15000,7500,7500,10000,0
80000,2,2,1,34,0,0,0,0,-2,-2,49005,49551,45930,0,0,0,2141,2150,0,0,0,0,1
80000,2,2,2,29,1,2,2,2,2,2,54033,52595,56709,55201,69270,70582,0,5000,0,15000,2600,0,1
230000,1,1,2,30,0,-1,0,0,0,0,33400,36348,36163,32653,30821,29827,36348,3010,20000,1200,2000,1000,1
220000,2,1,2,27,0,0,0,0,0,0,164855,168607,152765,152953,156065,145846,6102,7000,6500,5573,7000,8000,1
420000,2,2,2,49,0,0,0,0,0,0,115505,113724,112976,111344,100648,94891,4044,4297,4773,3203,2951,2837,1
90000,1,1,2,30,-1,-1,-1,-1,-1,-1,1166,1918,930,930,2250,930,1918,1194,930,2250,930,930,1
500000,2,2,2,30,0,0,0,0,0,0,98618,73464,84741,72510,69053,64841,25464,43095,7522,9065,8841,12000,1
180000,1,2,1,43,0,0,0,0,0,0,171992,175427,150965,71478,72955,74426,6099,4427,1949,2007,2030,2000,1
50000,2,1,2,23,0,0,0,0,-1,-1,47160,51034,50204,44580,4712,3914,5000,4000,1010,5504,5500,5000,1
170000,2,1,1,36,-1,-1,-1,0,-1,-1,1000,1000,3000,1000,1000,1500,1000,3000,0,1000,1500,1000,1
200000,1,1,2,36,1,-2,-2,-2,-1,-1,0,0,0,0,3774,0,0,0,0,3774,0,686,1
60000,2,2,2,25,0,0,0,0,0,0,53447,51734,50293,26667,26608,27665,2025,5000,2000,1000,1500,1000,1
50000,1,1,2,36,0,0,0,0,0,0,49750,48854,47892,49439,48630,49160,2100,2000,2500,2413,2000,1987,1
450000,2,2,1,41,0,-1,0,-1,-1,-1,104624,28114,19758,12518,18328,14879,28114,1424,12518,18328,14879,34744,1
50000,1,2,2,31,0,0,2,0,0,0,23051,18190,12521,14308,14769,15925,2719,0,2000,1000,1542,764,1
90000,2,2,1,32,0,0,0,0,0,0,68248,57751,45074,38489,28558,29245,2388,2000,2412,1200,1300,1200,1
130000,1,3,1,45,-1,-1,-1,-1,-1,-1,1475,1826,2831,2756,1585,1215,1826,2831,2756,1585,1215,2402,0
100000,2,1,2,27,0,0,0,0,0,-1,19164,23828,25138,26499,26799,1150,5000,2000,2000,500,1150,0,1
180000,2,3,1,43,1,-1,-1,-1,-1,-1,0,2602,498,498,1835,11337,2602,498,498,1835,10000,380,0
280000,2,2,3,40,0,0,0,0,0,0,291952,275948,240627,228230,209987,196997,8562,7071,6574,5938,5867,7704,1
170000,1,2,2,35,0,0,0,0,0,2,115634,118823,120475,109993,115151,112232,5935,6040,4000,8000,0,4320,1
80000,1,2,2,42,0,0,0,0,0,0,75264,75919,78078,28868,29174,29444,3200,4613,1100,1500,1500,966,1
160000,1,1,2,35,-1,-1,-1,-1,-1,-1,396,396,396,0,792,1220,396,396,0,793,1220,0,1
240000,1,1,2,33,1,-2,-2,-2,-2,-1,0,0,0,0,0,41300,0,0,0,0,41300,868,1
450000,2,1,1,33,-2,-2,-2,-2,-2,-2,3485,2989,2278,4714,768,1069,3004,2289,4737,771,1074,370,1
200000,2,1,2,36,0,0,-2,-2,-2,-2,120869,0,0,0,0,0,0,0,0,0,0,0,1
50000,1,2,2,30,1,2,0,0,0,0,52419,51309,51135,48371,56294,61259,0,2500,2271,50000,10100,3000,1
100000,2,1,2,22,2,0,0,0,0,0,72222,73859,75427,76587,78711,80510,3400,3400,3000,3500,3200,2000,1
50000,1,2,2,25,0,0,0,0,0,0,48424,50340,48395,49604,48397,49847,2710,2760,2750,1507,2000,1500,1
50000,1,2,1,24,-1,-1,-1,0,0,0,390,918,19583,19593,19364,19893,918,19583,1000,1000,1000,1000,1
80000,2,3,2,25,0,0,0,0,0,0,80804,81390,81700,79080,59873,60520,3000,3058,9013,2200,2200,2500,1
100000,1,2,2,30,2,4,4,4,3,2,89898,92422,95979,93580,91181,93563,4900,5900,0,0,4000,3200,0
230000,2,1,2,28,-1,0,0,0,0,0,48144,51966,44477,39998,23278,27775,12000,2353,5000,0,8000,643,1
20000,1,3,1,41,2,0,0,0,0,0,18738,18986,20110,19584,16539,19466,1376,1500,593,2701,4261,941,0
30000,2,3,1,46,0,0,0,0,0,0,29003,28544,27177,28630,25087,25342,1500,2000,2390,1000,1000,2000,1
260000,2,1,1,35,-2,-2,-2,-2,-1,-1,-124,-124,-124,1599,360,882,0,0,1723,366,882,0,0
90000,1,2,1,39,2,2,2,2,2,2,26493,30034,29268,31776,32456,31800,4000,0,3000,1500,0,2600,0
240000,2,3,2,25,0,-1,-1,-1,-1,-1,198768,2986,191142,98080,19380,100000,2986,191142,98080,79380,100000,50254,1
160000,2,2,1,40,-1,-1,-2,-2,-2,-2,6102,0,0,0,0,0,0,0,0,0,0,0,1
50000,1,3,1,45,0,0,0,0,0,0,29875,15028,5639,6389,7130,7857,1700,1250,1000,1000,1000,1000,1
390000,2,2,2,33,0,0,0,0,0,0,45818,144656,148366,99008,69990,71935,100000,6000,3704,2741,3314,2556,1
170000,2,1,2,27,-1,0,0,0,0,0,41977,38895,39698,38330,39602,39922,1650,4500,4000,4000,3000,3000,1
130000,2,1,2,29,-2,-2,-2,-2,-2,-1,0,0,0,0,0,62043,0,0,0,0,62043,16533,1
290000,2,2,1,49,0,0,0,0,0,0,282538,281749,238490,86202,83155,84927,10711,12915,2962,2863,2996,3257,0
20000,1,3,3,46,0,0,-1,0,-1,-1,20393,19908,20310,15617,219,1205,1425,20310,1020,219,1205,109,1
10000,1,1,1,38,-1,-1,2,0,0,2,4711,9617,9307,9665,10470,10169,5000,0,500,1100,0,1000,0
130000,2,2,1,45,0,0,0,0,0,0,79277,63767,62599,51950,44189,38034,3500,3022,2000,2000,2000,2000,1
10000,1,2,2,28,1,2,2,2,2,2,3717,3659,5640,5401,6811,6567,150,2200,0,1500,0,6000,0
210000,1,3,1,45,2,3,4,4,5,6,115785,122904,129847,137277,145533,154105,10478,10478,11078,11078,11678,10478,0
130000,2,3,1,43,3,2,2,2,2,2,19085,18491,20579,19950,21625,21129,0,2400,0,2000,0,1800,0
470000,2,2,1,35,0,0,0,0,0,0,64875,57920,59307,61500,59563,57368,2505,3000,3016,2200,3000,1600,1
20000,2,2,1,24,0,0,2,0,0,2,16505,18817,18227,19632,20298,20337,2905,0,1720,1754,893,0,0
200000,1,1,2,30,-1,-1,-1,-1,0,0,6589,3423,2785,54271,60326,63339,3449,2798,54271,7000,4000,6000,1
500000,2,2,2,34,0,0,0,0,0,0,175570,141773,132747,94651,73734,62519,8734,40000,3912,2101,34000,32000,1
500000,2,1,2,29,0,0,0,0,-1,-1,28555,33055,42392,36641,12149,426518,5000,10000,5132,12159,426529,20016,1
260000,2,1,2,31,0,0,0,0,0,0,181679,187642,190152,186696,188632,190948,8900,7200,6800,7100,7200,6500,1
200000,2,2,2,34,-2,-2,-2,-2,-2,-2,0,0,0,445,2309,-10,0,0,445,2332,10,0,1
500000,2,2,1,31,1,-1,-1,-1,0,0,0,5377,4131,44588,44388,5085,5377,4131,44588,0,0,3148,1
200000,2,1,2,34,0,0,0,0,0,0,129554,116490,119279,121782,125427,140460,5600,6000,4300,5500,17000,5300,1
120000,2,1,2,45,0,0,0,0,0,2,90041,86140,87941,89737,95451,97379,3079,3185,3251,7200,3600,3900,1
360000,1,3,1,53,0,0,0,0,0,0,8669,8254,8988,6868,5604,6158,1303,1513,706,700,600,2000,1
20000,2,2,1,24,1,2,0,0,2,2,18817,18227,19632,20298,20337,19863,0,1720,1754,893,0,400,1
50000,2,2,1,34,0,0,-1,-1,-1,-1,2435,0,197,2995,19515,0,0,197,2995,19515,0,3734,1
360000,1,1,2,34,0,0,0,0,0,0,350178,359050,366591,331833,288709,290583,15000,15502,13801,9852,10224,10010,1
80000,2,2,1,26,0,0,0,0,0,0,35897,30090,29299,12406,1308,-52,1510,2085,248,26,52,0,1
60000,1,2,1,35,2,2,2,2,2,2,20195,21267,21332,21680,23011,23498,1700,700,1000,2000,1000,0,1
20000,1,2,2,26,1,5,4,3,2,0,13242,12762,12276,11790,11460,14090,0,0,0,0,3000,5000,0
230000,2,1,1,36,-2,-2,-2,-2,-2,-2,928,282,282,2427,282,282,282,282,2427,282,282,1886,1
350000,1,1,1,41,0,0,0,0,0,0,24297,25299,26329,27343,27886,28470,1411,1441,1455,998,1033,1038,1
360000,2,2,2,35,2,2,2,0,0,0,360023,363239,350214,319960,260944,202686,14693,30,12302,10004,7506,19721,0
280000,2,1,1,35,0,0,0,0,0,0,281424,232826,195621,96843,99232,102620,9604,53459,4000,4000,5000,4000,1
130000,2,1,1,55,0,0,0,0,0,0,126205,128064,131524,46445,44973,45578,4998,5946,1620,1623,1659,1749,1
50000,1,2,2,25,0,0,0,0,0,0,50547,49480,50643,48123,18092,28728,1900,2000,2000,2000,11041,1056,1
210000,2,2,1,36,-1,-1,0,-1,-1,-1,2853,8028,10827,5385,1187,1552,8037,6018,5388,1191,1554,1870,1
140000,2,2,2,29,0,0,0,2,0,0,62023,61729,67891,65861,64848,64936,3000,8600,6,2500,2500,2500,1
220000,2,2,1,41,1,2,-1,-1,-1,-1,6516,194,3619,7069,4092,0,0,3655,7069,4092,0,0,1
80000,2,2,1,37,2,2,2,2,2,2,15234,16893,17834,17250,18470,18023,2200,1500,0,1500,0,1600,0
80000,2,2,2,28,0,-1,-1,0,0,0,18112,8857,69841,59075,58998,61038,10084,79200,2108,2200,3006,2523,1
100000,2,3,1,36,0,0,2,0,0,2,101972,115335,112016,112906,120101,138819,16608,0,4233,9200,21000,4000,0
160000,2,3,1,41,2,2,2,0,0,2,46017,47188,46134,47063,50034,51063,2200,0,2000,3900,2000,0,0
80000,1,3,1,31,1,2,0,0,0,0,27653,26703,26856,27844,27480,28061,0,1459,1447,983,1023,1042,1
50000,2,3,1,32,0,0,0,0,0,0,33231,34544,35976,15996,32714,16720,1868,2300,1239,600,600,600,0
280000,2,3,1,46,0,0,0,0,0,0,100858,107768,111858,83428,73908,81908,7768,5000,10000,0,8000,0,1
150000,1,1,2,46,0,0,0,0,0,0,69627,49082,50170,46725,100503,54798,5000,3000,3000,5000,10000,5000,1
160000,2,1,1,33,-2,-2,-2,-2,-2,-2,5233,5393,1824,350,150,199,5401,1829,350,150,199,1145,1
120000,2,2,1,48,-1,-1,-1,-1,0,-1,626,0,1252,1252,1252,626,0,1252,1252,0,626,0,1
50000,2,3,2,22,2,2,2,0,0,0,42717,51319,50245,9246,18992,9697,9289,300,332,400,358,350,1
50000,1,1,1,40,0,0,0,0,0,0,42549,36110,9715,8965,6652,7385,2200,2000,1000,500,1000,400,1
40000,2,3,1,40,1,-1,2,2,2,-2,-531,2661,3871,1488,0,0,3383,2000,0,0,0,431,0
130000,1,2,2,25,0,0,0,2,2,2,113290,112561,119435,105382,49643,46812,5650,12421,0,7000,0,2000,1
350000,1,3,2,41,-2,-2,-2,-2,-2,-2,-331,1656,1440,27000,872,12600,2155,1440,27000,872,12600,0,1
360000,2,2,2,35,1,-2,-1,-1,0,-1,0,0,22190,21416,6854,357,0,22190,21416,1545,357,357,1
130000,2,3,1,42,1,-2,-2,-2,-2,-2,0,0,0,0,0,0,0,0,0,0,0,5000,1
50000,1,2,2,23,0,0,0,0,0,0,48025,47611,44249,29321,29309,29739,2122,1815,1184,1206,1411,904,1
470000,2,1,1,35,0,0,0,0,0,0,270005,262579,248080,232961,217802,202092,9500,9000,8086,14700,7000,9000,1
500000,2,2,2,44,0,0,0,0,0,0,77257,73089,81210,88888,107072,115264,10000,10000,10000,20000,10000,0,1
200000,1,2,2,29,0,0,0,0,0,0,69182,69862,44150,43874,41378,832,3000,3500,1500,500,1000,109586,1
200000,1,3,1,46,-2,-2,-2,-2,-2,-2,0,0,0,0,0,0,0,0,0,0,0,0,1
30000,2,3,1,42,2,-1,-1,-1,0,-1,836,836,836,1672,836,390,836,836,1672,0,390,930,1
130000,2,2,2,42,0,0,0,-1,-1,-1,49363,47432,94050,21000,858,2160,5026,5000,21000,858,2160,200,1
160000,1,1,1,40,1,-1,-1,-1,-1,-1,0,567,4027,3100,2123,4899,567,4059,3100,2123,4899,3165,1
470000,2,1,1,37,-2,-2,-2,-2,-2,-1,0,0,0,0,0,924,0,0,0,0,924,32673,1
20000,1,2,1,45,4,3,2,0,0,0,21605,20987,20200,19600,19600,20000,0,0,0,0,400,0,1
240000,1,2,1,44,0,-1,-1,-2,-1,0,8421,14201,-28,-401,5109,7001,14230,0,0,7000,2000,3919,1
50000,1,2,1,42,0,0,0,0,0,0,35255,21317,22252,22541,22863,20288,1690,1620,900,780,750,1670,1
230000,2,2,1,30,-1,-1,-1,-1,0,-1,6294,1935,-74,926,426,926,1945,0,1500,0,1000,0,1
50000,1,2,2,26,0,0,0,0,0,0,47169,48197,47738,47676,46694,47807,1804,1746,1681,1695,1890,4005,1
200000,2,2,1,34,1,-1,-1,-1,0,0,2500,9814,0,4379,1699,0,9814,0,4379,0,0,0,0
110000,1,2,2,26,0,0,0,0,0,0,61167,60549,55400,10711,10868,11079,2721,2422,1132,289,341,327,1
150000,1,5,1,42,2,0,0,0,0,0,143947,147394,142991,146745,149526,147034,4742,4847,4997,4120,4133,3993,1
20000,1,1,1,31,0,0,0,2,-1,-1,4596,5675,8231,2717,4733,1099,1161,2717,0,4733,1099,0,0
50000,2,2,1,28,-1,-1,-1,2,-1,-1,1019,1672,836,836,836,1517,1672,836,0,836,1517,1394,1
50000,1,3,2,25,0,0,2,2,0,0,39686,43685,44694,43673,44659,49512,5000,2000,0,2000,6000,300,1
500000,1,2,2,30,0,0,0,0,0,0,135634,135796,133712,136069,67837,69514,5034,6000,5355,3500,2513,5000,1
240000,2,2,2,26,0,0,0,0,0,0,141315,128940,124226,113133,113966,103360,6349,5834,3870,4000,3825,3520,1
50000,1,3,2,33,0,0,0,0,0,0,47834,47821,48442,42550,16324,17556,1866,2007,1915,589,1500,1000,1
50000,1,2,2,30,0,0,0,0,0,0,16397,17378,17523,18467,17865,18234,1572,1617,1561,759,779,908,1
70000,2,1,2,26,0,0,0,0,0,0,41614,43610,46581,47634,51305,52580,3000,4000,1829,4500,2100,2500,1
80000,2,2,1,53,0,0,0,0,0,0,48688,101878,20475,20325,20276,20662,2530,3990,850,800,1100,1100,1
140000,2,2,2,27,-2,-2,-2,-2,-2,-2,0,0,0,0,0,1079,0,0,0,0,1079,88654,1
170000,2,2,2,26,0,0,0,0,0,0,141476,143850,134502,122186,122506,117121,5113,4514,4376,4432,4142,3455,1
150000,2,1,2,26,0,0,0,0,-1,-1,38580,38168,37775,36390,390,390,2000,3473,1000,390,390,390,1
230000,1,2,1,30,-1,-1,-2,-1,-1,-1,5200,0,0,8780,11990,0,0,0,8780,11990,0,0,1
230000,2,1,1,32,-2,-2,-2,-2,-2,-2,2774,0,0,0,0,5347,0,0,0,0,5347,0,1
60000,1,1,2,29,0,0,0,0,0,0,31235,31462,31499,16773,11568,9727,6050,6037,5084,6000,4000,3832,1
500000,2,2,2,39,0,0,0,0,0,-1,229332,161360,117606,18343,15737,203291,7400,6000,1889,3781,208122,6084,1
50000,1,2,1,21,-1,0,0,0,0,0,47285,47807,48371,48629,49410,49568,2108,2062,1710,1923,1512,1000,1
220000,1,2,1,39,1,2,0,0,0,0,4949,4724,6478,7412,7886,8358,0,2000,1200,600,600,600,1
170000,2,2,1,28,0,0,0,0,0,0,105509,106445,68703,66338,62135,65706,4285,3000,3000,3000,5000,3000,1
550000,1,1,1,49,-1,-1,-1,-1,-1,-2,42141,1515,1488,18334,-114,-114,1522,1495,18426,0,0,22670,0
10000,1,2,1,50,1,2,0,0,0,0,10171,8150,8446,8067,8227,8400,2,1281,1134,294,305,1000,1
80000,2,3,1,27,0,0,0,0,0,0,24003,21887,14799,6402,4950,4661,3028,1241,3010,2025,3500,26028,0
200000,2,2,2,25,0,0,0,0,0,0,194202,197220,130930,130775,128752,122695,8000,4500,4532,5451,5000,4500,1
150000,1,1,1,41,-2,-2,-1,2,-1,-1,0,0,6785,6572,1800,0,0,6785,0,1808,0,0,1
200000,2,1,1,37,0,0,0,0,2,2,37958,40487,41590,43967,44722,46032,3023,1600,2900,1600,2000,0,1
20000,1,2,2,21,0,0,0,0,0,0,18671,18497,19633,18347,9347,0,1614,1750,1000,1000,0,0,1
20000,2,2,3,52,0,0,2,0,0,0,8586,10041,10571,10995,11169,11979,1600,1000,600,500,1000,500,1
50000,1,2,2,43,0,0,0,0,0,0,12661,13743,14777,12404,10777,16597,1600,1605,2000,500,6000,6000,0
110000,2,1,2,24,2,0,0,0,0,2,85123,40882,35428,39680,44097,42543,2000,2000,5000,5000,0,2000,0
80000,2,2,3,36,0,0,0,0,0,0,63908,55028,44654,42464,38320,40586,10051,5013,3044,5006,5012,5046,1
100000,2,2,1,39,0,0,0,0,0,0,100549,94471,57529,58070,58615,58760,3711,3155,1696,1889,1764,1714,1
190000,1,2,1,42,0,0,0,0,0,0,31323,28890,26793,27304,25845,22796,1500,1500,2000,1500,898,1000,1
180000,2,1,1,26,-1,-1,-1,-1,-1,-1,4745,5865,6059,5537,17366,16971,5865,6091,5537,17366,16971,2785,1
50000,1,3,2,32,0,0,0,0,0,0,50114,50893,49660,29742,29311,29739,1991,1875,1044,1060,1211,1179,1
660000,2,2,2,33,0,0,0,0,0,0,495736,390258,349361,331565,329604,322581,13393,12113,12004,12008,11503,12019,1
80000,1,2,1,29,4,3,2,2,2,2,12237,11756,11281,12785,12283,13184,0,0,2000,0,1100,0,0
220000,1,1,2,29,0,0,0,0,0,0,26012,25916,24998,23965,23865,23667,1410,1417,1333,731,1019,1045,1
240000,2,2,1,35,2,2,2,2,2,2,32463,33444,33996,34539,35238,35910,1800,1400,1400,1400,1400,0,0
60000,1,2,2,28,0,0,2,2,2,2,37788,39366,41531,42048,41241,44056,2500,3114,1496,0,3500,0,0
160000,2,2,1,31,-2,-2,-2,-2,-2,-2,11648,780,0,5100,0,0,780,0,5100,0,0,0,1
360000,1,1,2,32,-1,-1,-1,-1,0,0,27,185,0,617,617,0,185,0,617,0,0,0,1
330000,2,2,1,31,-1,0,-1,-1,-1,-1,1732,1349,1366,1383,1383,1383,1000,1400,1400,1383,1383,851,1
80000,1,3,2,28,1,2,2,0,0,0,38151,39227,38318,42614,86966,41950,2000,0,5000,1500,1500,7000,0
380000,1,1,1,34,0,0,0,0,0,0,124486,106065,97979,100599,81087,82793,3563,3385,4074,2592,2696,3569,1
70000,1,2,1,33,0,0,2,0,0,0,21670,24401,23716,24124,24684,25222,3400,0,1100,1100,1100,1103,1
230000,1,2,2,28,0,0,-2,-2,-2,-2,26574,-26,-26,90624,92624,-89,26,0,90650,2000,89,0,1
500000,1,1,1,43,-1,-1,-1,0,0,-1,14872,53132,74478,61069,37369,2581,53421,74559,1343,907,2592,42767,1
310000,2,2,1,35,2,0,0,0,0,0,304991,311243,306314,258610,246491,198889,13019,11128,8407,8599,6833,5987,0
50000,2,1,2,25,0,0,0,0,2,2,35427,36307,36989,38559,39958,38313,2000,2000,3000,3000,0,3090,1
200000,1,2,1,40,0,0,-1,0,0,0,1296,2035,120921,126429,85500,81305,2564,124500,8000,3500,4000,3000,1
360000,2,1,1,31,-2,-2,-2,-1,0,-1,-5,-5,-5,4232,3189,7511,0,0,4237,16,7548,4105,1
230000,1,3,2,30,1,-2,-2,-2,-2,-2,0,0,0,0,0,0,0,0,0,0,0,0,0
180000,2,1,2,28,1,-2,-2,-2,-2,-2,0,0,0,0,0,0,0,0,0,0,0,0,1
20000,1,1,2,29,3,2,2,2,0,0,16330,15784,18200,17613,18371,19865,0,3000,0,1200,1800,0,0
360000,1,1,1,43,1,-1,-1,-1,-1,0,-985,7542,6169,2391,8539,10068,10000,30000,5000,10004,5000,0,1
30000,2,2,1,33,0,0,0,0,0,0,30147,28789,29885,30188,21647,22087,1554,1650,950,800,800,500,1
210000,2,1,2,41,-1,-1,-1,-2,-1,-1,194,6479,-200,-200,23560,0,6479,0,0,23760,0,0,0
30000,2,2,1,32,0,0,-2,-2,-2,-2,3454,-2,-2,-2,708,940,0,0,0,710,1042,0,1
400000,2,2,1,30,0,0,-1,-1,-1,-1,161226,139481,17939,10315,22728,11493,5000,17939,12845,22728,11493,10703,1
20000,2,1,2,25,2,2,2,2,2,2,9317,18576,18219,17095,19748,18722,10000,800,0,3500,0,1000,0
180000,2,2,2,44,0,0,0,0,0,0,23611,24651,25631,23609,24529,25095,1436,1416,2150,1500,1000,1000,1
160000,2,1,2,31,-1,-1,-1,-1,-1,-1,4203,9739,15628,3666,4098,4237,9739,17751,3666,4098,4237,3007,1
180000,2,1,2,30,-2,-2,-2,-2,-2,-1,1490,3687,1352,960,4921,3031,3687,1352,960,4921,3031,2718,1
320000,2,1,2,29,0,0,0,0,0,0,42596,43548,33674,34259,62546,106857,1955,2020,1605,30039,65000,5000,1
250000,2,1,2,28,2,2,2,0,0,0,21404,48774,28705,32017,19052,9847,28705,0,4000,3000,1500,1000,0
400000,1,2,1,30,-1,0,0,0,-1,-1,11633,12294,13038,13751,5765,21784,1200,1287,1000,5819,26957,507,1
240000,1,1,2,34,1,2,-1,-1,0,0,40286,38008,9497,9124,7128,2745,14,9497,9124,2000,1200,1000,1
10000,2,2,2,22,0,-1,0,0,0,0,14896,12011,7929,7693,6838,3486,7000,4000,207,229,70,0,1
20000,2,2,1,26,1,2,2,2,2,4,15803,15252,18093,18499,20898,19999,0,3103,1000,3000,0,0,0
170000,2,2,1,36,2,2,2,2,2,2,15570,15031,16784,17711,17131,18197,0,2500,1500,0,1500,1000,1
50000,1,2,2,23,-1,-1,0,0,-1,-1,2165,14796,20816,11804,1420,0,15000,20300,9500,1420,0,0,0
200000,2,1,2,30,0,0,0,0,0,0,59891,60537,61592,59786,58172,59175,3000,2800,3000,2100,2070,1800,1
50000,2,1,2,22,0,-1,-1,-1,-1,-1,4124,1070,0,1217,3766,381,1070,0,1217,3766,381,1980,1
70000,2,2,2,23,1,2,0,0,2,2,17461,16892,18013,19315,19859,19390,0,1400,1600,1000,0,1000,0
50000,1,3,3,58,0,0,0,0,0,0,46199,47179,47445,17945,18165,18557,2023,1289,789,659,694,623,1
160000,1,1,2,31,-2,-2,-1,0,0,0,2930,459,2613,22315,26911,35239,466,4171,22137,20000,12198,0,1
260000,1,2,1,42,-2,-2,-2,-2,-2,-2,246,246,246,246,246,246,246,246,246,246,246,246,1
120000,2,2,1,32,0,0,0,0,0,0,111441,113869,116110,111978,112822,114969,5596,5498,5500,4000,4300,5012,1
150000,1,1,2,32,2,2,2,2,2,2,126115,128860,131426,132703,129080,136996,6300,6100,4900,0,10200,5100,1
400000,2,2,1,46,-1,-1,-1,-1,-1,-1,30018,19735,26181,134967,52991,163837,19753,26245,135000,53000,163837,37345,1
70000,2,3,1,38,1,2,0,0,0,0,59020,57400,21868,13514,14303,14211,50,1379,1500,1000,1000,1000,1
110000,2,2,2,24,-1,-1,-1,-1,-1,0,1183,1362,1352,1867,36986,40053,1362,1352,1867,36986,5000,3000,1
60000,2,2,1,42,0,0,0,0,0,0,61759,60399,38994,40338,40142,39904,2600,2000,2000,1614,1590,2000,1
20000,1,2,2,34,0,0,0,0,0,0,18351,17706,18831,18334,17280,15582,1304,1429,1608,346,312,318,0
500000,2,2,1,36,0,0,0,0,0,-1,4952,6607,8544,15351,5839,9192,3008,4005,8048,131,9213,111,1
360000,1,1,1,38,0,0,0,0,0,0,277523,117239,121284,93951,58200,52585,4013,90054,9011,3007,2592,1013,1
210000,1,2,2,26,0,0,-2,-2,-1,2,9358,-27,-27,-27,3073,2878,0,0,0,3100,0,2003,1
140000,1,3,2,30,2,2,2,2,2,0,145627,145339,136223,113942,109652,109118,6005,210,7903,0,4183,4213,1
200000,2,2,2,24,0,0,0,0,0,0,52143,53186,55929,194441,146190,141550,1910,3600,141000,5100,5200,5100,1
20000,2,3,2,39,0,0,0,2,2,3,8720,12241,16020,16457,20906,20289,4000,4000,1000,4750,0,600,0
280000,1,2,1,41,-1,-1,-1,-1,-1,-1,3520,3110,3188,4176,10276,9898,3110,3188,4189,10276,9898,1691,1
20000,2,3,1,54,2,0,0,2,2,2,14381,16174,18210,19335,19715,20249,2350,2300,1721,1000,1000,1000,1
110000,2,2,2,52,0,0,0,0,0,0,38298,39295,40331,41346,42013,42890,1935,1971,1986,1653,1706,1714,1
240000,1,2,2,29,0,0,0,0,0,0,243774,242529,242079,243114,213930,219009,8891,12350,15969,7968,8700,17500,1
290000,2,2,2,54,-2,-2,-2,-2,-2,-2,-68,-68,-68,675,-6,2168,0,0,743,0,2174,972,1
20000,1,2,2,38,2,-1,-1,-1,-1,-1,1442,1261,390,390,390,930,1261,390,390,390,930,0,1
130000,1,2,1,39,0,0,0,0,0,0,88014,88951,90672,89252,91118,95105,3245,3217,3177,3286,4200,2500,1
90000,2,2,2,23,0,0,0,0,0,0,23362,23255,23539,28986,27079,21966,9025,3539,9000,650,584,639,1
20000,1,2,2,22,1,2,2,2,2,0,9422,10106,14127,14598,14069,14690,1000,4211,1000,0,1000,1000,0
20000,2,3,2,22,-1,-1,-1,-1,-1,-2,390,390,0,780,0,0,390,0,780,0,0,0,1
180000,2,3,1,49,0,0,0,0,0,0,92140,92517,94808,89137,88637,84966,3892,5002,3153,5000,3037,3200,1
500000,2,1,2,32,0,0,0,0,0,0,253767,222365,207026,203513,202853,202404,10000,10000,7000,7000,6799,7000,1
240000,1,2,1,36,0,0,0,0,0,0,239003,227962,231284,239410,184094,101776,9700,8500,12036,8300,5000,5000,1
120000,2,2,2,24,0,0,0,0,0,2,112336,113351,115515,113948,122127,121962,4200,4100,4100,10000,4560,0,1
20000,2,2,2,26,0,0,0,0,0,0,17938,18798,19347,8007,4890,0,1456,1005,160,98,0,0,1
60000,2,2,2,26,0,0,0,0,0,0,57171,58656,53271,54331,55513,56898,2464,1932,1944,2057,2351,1963,1
300000,2,1,1,36,0,0,0,0,0,0,272899,254078,252427,254160,250645,245851,9251,10505,9157,9319,9600,8500,1
60000,2,2,1,37,0,0,0,0,0,0,60655,60281,59968,40377,40679,40493,2410,2203,1500,1600,1500,1400,1
230000,2,1,2,29,-1,-1,-1,-1,0,-1,2521,-1000,12009,5627,215,3039,0,13009,8018,0,3039,2000,1
360000,1,2,1,31,1,-2,-2,-2,-2,-2,0,0,0,0,0,0,0,0,0,0,0,0,1
50000,1,2,2,34,0,0,0,0,-2,-2,50713,49402,44415,0,0,0,3000,1000,0,0,0,0,1
370000,2,1,1,36,-2,-2,-2,-2,-2,-2,2788,25790,3007,4246,3737,2290,25794,3007,4305,3737,2290,22259,1
200000,1,1,1,57,-2,-2,-2,-1,2,2,152519,148751,144076,8174,8198,7918,0,0,8222,300,0,1000,0
80000,1,1,1,41,-1,-1,-1,-1,-1,-1,11688,8739,10926,3355,6127,25675,8739,10926,3362,6127,25675,7606,1
70000,1,3,1,47,0,0,2,2,0,0,62080,67523,68334,67132,66796,67743,6874,2030,0,1866,1878,1909,0
140000,2,2,1,34,0,0,0,0,0,0,141066,129173,116858,105786,93273,91207,4873,4691,4000,4000,4000,4000,1
30000,1,2,2,25,0,0,0,0,-1,-1,29745,16309,5235,3122,11446,1914,2500,1517,2000,11446,1914,6699,0
50000,2,1,2,27,-1,-1,-2,-1,0,0,6018,0,0,6085,6085,5605,0,0,6085,0,0,6690,1
30000,2,3,1,43,-1,3,2,2,0,0,10330,10040,10903,10533,10132,10343,0,1149,101,348,359,364,1
280000,1,1,2,27,-1,-1,0,0,0,-1,6564,1333,21064,19969,578,35152,1334,21003,428,12,35152,892,1
80000,2,1,2,23,-1,-1,0,0,-1,-1,3526,6687,4356,3450,4318,0,6687,1000,0,4318,0,254,1
150000,2,1,2,33,0,0,0,0,0,0,11529,6745,6177,7215,7644,8367,2000,1262,1300,700,1000,950,1
20000,2,2,2,24,2,0,0,0,0,3,2968,3980,5075,5979,6796,6463,1223,1318,1183,1000,0,0,0
140000,2,2,1,39,-1,-1,-1,0,0,0,1007,3680,4214,3790,3357,3426,3685,4214,76,67,69,1376,1
60000,2,4,2,23,0,0,0,0,0,0,60876,60606,58227,60538,45018,38086,2523,2155,45088,1722,1523,2000,1
50000,2,3,1,44,0,0,0,0,0,0,45858,46315,47435,48290,49257,49345,2000,1865,1720,1687,1732,2007,1
90000,2,2,1,54,-1,-1,-1,-1,-1,-1,692,392,332,14579,2091,506,394,332,14579,2091,506,417,1
180000,2,2,2,28,0,0,0,0,0,0,103203,108032,109741,112907,115924,118832,6500,5000,5000,5000,5000,5000,1
180000,1,2,2,41,-2,-2,-2,-2,-2,-2,0,900,910,0,0,0,900,910,0,0,0,0,1
120000,2,2,2,28,-1,-1,-1,-1,-1,-1,4174,3821,1113,390,390,14613,3821,1113,390,390,14613,770,1
90000,2,2,1,32,0,0,-2,-1,-1,-2,4857,-43,-43,968,4385,17889,0,0,1011,4385,17889,9455,1
100000,2,2,1,29,-2,-2,-2,-2,-2,-2,0,0,0,0,0,0,0,0,0,0,0,0,1
360000,2,1,1,38,-1,-1,-1,-1,-1,0,1873,13532,5757,28974,8093,3250,13537,5762,29000,8093,1500,3513,1
360000,2,2,2,31,0,-1,-1,-1,-2,-2,3386,5964,1340,1650,4350,4792,5964,1340,1650,4350,4792,40682,1
200000,1,2,1,31,1,2,2,0,0,0,29070,31302,29192,28170,28763,28453,3019,6,991,1032,1310,2000,1
30000,2,1,2,30,0,0,0,0,0,0,4480,8381,12085,16788,18388,23228,4000,5000,5000,2000,5000,500,1
310000,2,2,2,24,0,0,0,0,0,0,203519,182513,161002,139275,120762,102598,6373,5600,5000,4500,3500,2816,1
60000,1,2,2,26,0,0,0,0,0,0,38815,40171,37274,30203,30809,33323,2023,1491,2000,1092,3000,1353,1
370000,1,2,1,33,1,-2,-2,-1,2,2,0,0,0,361,211,3659,0,0,422,0,3448,0,1
500000,2,1,1,39,-1,-1,-1,-1,-1,-1,10840,1108,2111,920,920,920,1108,2111,920,920,920,0,1
20000,1,1,2,22,1,2,2,0,0,0,19438,20528,19464,18604,18172,14444,1700,0,700,620,800,300,0
20000,1,2,1,41,-1,-1,-1,-1,-1,-1,9598,0,2889,0,1448,0,0,2889,0,1448,0,0,1
140000,2,1,2,32,0,-1,0,0,0,0,10281,32163,20421,19573,11611,0,32172,1476,2140,1000,0,0,1
170000,1,4,1,40,0,0,0,0,0,0,171650,171841,171014,168142,169821,173014,6384,7540,7540,6301,6517,6035,1
430000,2,2,2,27,-2,-2,-2,-2,-2,-2,263,263,4119,4390,20952,15562,1764,4120,535,20990,2506,500,0
50000,1,3,1,33,0,0,0,0,0,0,50859,50462,50654,20046,20067,19703,2007,2199,691,707,703,697,1
50000,1,2,2,43,0,0,0,0,0,0,50756,50552,49465,40020,10407,9037,1934,1917,2500,500,500,1000,1
200000,2,2,1,38,-1,-1,-1,-1,-1,0,788,165,1520,413,150,150,165,1520,413,300,0,1638,1
120000,2,5,1,41,-2,-2,-2,-2,-2,-2,0,77,-1460,-1460,-1460,-1460,77,1460,0,0,0,0,1
370000,1,2,2,39,2,0,0,0,0,0,334394,337272,340152,345904,322168,272461,14005,12004,12362,12006,9555,11005,0
140000,2,3,1,37,-1,0,0,0,-1,-1,4637,4619,5538,2770,390,390,1141,1450,1000,390,390,390,1
340000,2,1,1,43,0,0,0,0,0,0,15928,18338,20035,24238,20315,16378,3000,2000,5000,1000,723,5000,1
100000,2,2,1,58,2,2,0,0,0,0,87851,85594,87095,88357,77155,80108,0,3300,2839,3000,4000,2000,0
30000,2,1,2,24,-1,-1,0,0,0,-1,25616,27526,11458,7500,7000,5192,31348,1328,1000,7000,5192,0,1
210000,1,3,2,32,-2,-1,-1,-1,-1,-1,1649,1000,0,1761,675,752,1000,0,1761,675,752,1104,1
280000,2,1,2,30,-1,-1,-1,-2,-2,-2,26679,52223,25088,9427,2829,198,52223,25100,9427,2838,198,4139,1
500000,1,2,1,41,0,0,0,0,0,0,171565,184782,152365,139757,153348,127391,20241,20154,20019,20151,20037,21,1
30000,1,2,2,36,0,0,0,0,0,0,36124,35538,34359,32450,30633,30628,2500,2215,1156,1200,3000,3000,0
90000,2,2,2,32,2,3,2,3,2,2,76442,76633,78174,78800,77417,82369,2000,3400,2500,0,6250,3100,1
210000,1,2,2,43,1,-2,-1,0,0,0,0,0,38013,40555,45075,37056,0,38013,3000,5000,3000,3000,1
80000,2,2,1,40,2,0,0,-2,-2,-2,80934,82150,0,0,0,0,3800,0,0,0,0,0,0
30000,2,3,1,47,-2,-2,-2,-2,-2,-2,6911,10507,4785,4567,11762,4209,10523,4790,4736,55762,4209,22815,1
200000,2,2,1,37,0,0,0,-1,-1,0,97645,99894,97400,4283,145769,143712,3952,4500,4283,148192,5133,5108,1
180000,2,1,1,42,-2,-2,-2,-2,-2,-1,626,0,1290,0,0,1200,0,1290,0,0,1200,0,1
90000,2,2,2,23,0,0,0,0,0,0,13107,13740,14770,13306,10465,9704,1251,1281,1173,500,1000,1000,1
250000,2,2,1,31,1,-2,-2,-1,-1,-1,0,0,0,1000,0,1013,0,0,1000,0,1013,0,1
500000,2,3,2,35,1,-2,-1,0,0,0,458863,16818,37596,62845,80212,20494,16918,37596,31802,30615,21346,10678,1
270000,1,1,2,36,0,0,0,2,0,0,78630,68921,46512,40335,37165,22156,10076,4018,14,2051,2000,0,1
360000,2,1,1,36,-2,-2,-2,-2,-2,-2,0,0,0,0,0,0,0,0,0,0,0,0,0
200000,1,2,2,35,0,0,0,0,0,0,27784,33877,35420,26609,25392,23367,10000,10000,2000,5000,5000,1000,1
150000,1,2,2,26,2,2,0,0,0,0,37594,30432,20346,19447,8420,8631,0,1150,664,500,500,1000,1
200000,1,1,2,30,1,-1,-1,-1,-1,-1,0,1870,1000,0,1275,543,1870,1000,0,1275,543,0,1
20000,1,2,1,62,0,0,0,-2,-2,-2,19724,19581,0,0,0,0,1000,0,20500,0,0,0,0
70000,1,2,2,40,2,2,2,0,0,0,69164,70938,69248,69366,48998,27863,3500,0,2109,1500,3769,0,0
100000,2,3,1,35,1,-2,-2,-2,-1,-1,0,0,0,0,249,317,0,0,0,249,317,0,1
10000,1,2,2,26,1,-1,0,0,0,0,7140,8489,9488,9129,9479,9523,11153,1152,1150,500,345,387,1
290000,1,2,1,39,1,-1,-1,-1,-2,-2,-9,698,728,-2,-2,-2,707,730,0,0,0,0,0
100000,1,2,1,41,-1,-1,-1,-1,0,0,91,949,3079,6427,6558,0,957,3079,6427,131,0,0,0
380000,2,1,1,37,0,0,0,0,0,0,452092,442041,446224,419943,420016,426622,17400,16672,14088,14500,14700,14671,1
160000,2,2,2,38,0,0,0,0,0,0,159637,155003,158156,153699,127366,117812,5580,5680,4950,4350,4300,4360,1
20000,2,2,1,43,0,0,0,0,0,2,19295,19639,18541,19059,19757,19913,1295,1309,1602,1300,600,400,1
30000,2,2,2,21,-1,-1,0,0,-1,-1,290,12115,11306,3562,1621,1307,20002,1101,1,1724,1408,0,1
50000,1,3,2,26,0,0,0,0,2,0,25060,26649,28202,30727,30098,32580,2000,2000,3000,0,3000,3000,1
420000,2,2,1,40,0,0,0,2,0,0,33561,38901,38710,38022,20256,22743,5900,900,101,3000,3000,5000,1
10000,2,1,2,22,0,0,2,0,0,0,6967,9199,8908,9676,9680,8343,2523,0,1000,4,167,3535,0
120000,2,1,2,27,-1,-1,-2,-2,-2,-2,934,0,0,0,0,0,0,0,0,0,0,0,0
50000,2,2,1,42,0,0,0,0,0,0,49401,47828,48416,20098,20130,20158,2100,2000,702,718,730,632,1
210000,2,1,2,26,0,0,0,0,-1,-1,9899,6000,4100,0,10790,7373,1008,1000,0,10790,7373,0,1
30000,1,2,2,26,0,0,0,0,0,-2,25993,6296,17223,18305,0,0,1183,11500,2000,0,0,0,1
130000,2,2,2,28,2,0,0,0,0,0,7964,8976,9998,11007,11226,11460,1152,1174,1183,402,415,418,1
30000,2,3,1,32,0,0,0,2,0,0,27395,25947,30473,27940,28397,29009,2000,5303,0,1200,1200,1200,1
60000,2,2,2,22,0,0,0,0,2,2,60434,60935,56585,77520,29002,30274,2141,3085,3623,0,3158,0,1
120000,2,3,1,58,1,-1,-1,-2,-2,-1,0,2228,0,0,0,672,2228,0,0,0,672,2507,0
180000,2,1,2,30,0,0,0,0,0,0,44478,40311,43847,50763,69026,32030,8000,10000,10000,23000,5000,4000,1
70000,1,1,2,28,0,0,0,0,0,0,67857,69711,64947,26022,28575,21460,3000,1500,13959,3000,1500,4000,1
80000,2,2,1,41,0,0,0,0,0,0,74228,76138,45441,30526,28356,2661,3500,2000,1400,1600,400,1000,1
140000,2,2,1,37,1,-1,-1,0,0,-2,0,177,1460,1460,0,0,177,1460,0,0,0,0,0
220000,2,2,2,28,-1,-1,-1,-1,-1,-1,7468,5045,4944,7083,2495,8365,5045,4949,7083,2495,8365,5574,1
140000,1,1,2,37,-1,-1,-1,-1,-1,-1,291,291,291,291,291,441,291,291,291,291,441,291,1
500000,1,1,1,61,-1,-1,-1,0,0,0,11430,29015,25364,19550,21096,23491,29205,25428,9575,11116,15063,217,1
120000,1,2,2,28,0,0,0,0,0,0,92677,92809,93392,93609,95055,96761,4516,5005,5006,5014,5008,4008,1
70000,1,2,1,38,0,0,0,0,0,0,52121,53235,52015,38985,36097,36995,1965,1995,1336,1430,1500,1292,1
280000,1,2,1,43,0,0,0,0,0,0,149803,131171,132165,133948,133070,135089,6150,6256,6275,5012,5363,4000,1
410000,2,3,2,31,-2,-2,-2,-2,-2,-2,0,0,0,0,0,3932,0,0,0,0,3932,1238,1
50000,1,1,2,28,0,0,-1,-1,-1,-2,23266,16093,19906,11132,0,0,5224,19906,11132,0,0,0,1
30000,2,1,2,27,-1,0,0,0,0,-1,418,1470,2418,2009,3009,7093,1052,1000,500,1000,7093,1000,1
130000,1,2,2,27,0,0,0,0,0,0,29078,30110,31119,31891,32429,33035,1506,1515,1287,1200,1341,1663,1
250000,2,2,1,54,-1,-1,2,-1,-1,-1,17582,600,600,9375,8765,3649,1200,0,9375,8765,3649,95417,1
280000,1,1,1,60,-2,-2,-2,-2,-2,-2,792,0,192,396,0,396,0,192,996,0,396,396,1
150000,2,1,1,54,-2,-2,-2,-2,-2,-2,-1,262,329,39919,263,263,263,331,40118,264,264,790,0
360000,2,2,1,35,0,-1,-1,-1,-1,-1,106010,24892,10772,21847,21835,9255,24976,10786,21916,21904,9261,22127,0
60000,2,3,1,49,0,0,0,0,0,0,60335,52211,48293,49311,50290,51346,6751,6803,1821,1800,1866,1896,1
240000,2,1,2,36,0,0,0,0,0,0,7283,5266,5113,7113,7113,4178,1263,1000,2000,2500,2000,5000,1
50000,2,2,2,38,0,0,0,0,0,2,31426,23712,18919,24227,25229,12150,1655,1675,15000,2610,0,2000,1
130000,2,2,1,40,-1,-1,-1,0,-1,-1,1445,1445,1651,1651,390,0,1445,1651,0,390,0,780,1
130000,2,1,2,29,-1,-1,-1,-1,-1,-1,430,430,230,630,430,14802,430,230,830,430,14802,430,1
200000,2,2,1,51,0,0,0,0,0,0,288015,148160,98651,251331,255017,54705,4470,9746,155858,5869,1964,1938,1
20000,2,3,2,39,0,0,2,2,3,2,12241,16020,16457,20906,20289,20407,4000,1000,4750,0,600,0,1
160000,2,2,1,42,0,0,0,0,0,0,165686,169969,170142,119529,122059,111378,8450,5289,4022,4195,3986,3958,0
360000,1,3,1,41,-1,-1,-1,-1,-1,-1,498,498,498,498,498,498,498,498,498,498,498,498,0
10000,1,2,2,24,1,2,2,0,0,3,5570,7327,7065,8058,9433,9008,2000,0,1125,1500,0,0,0
50000,1,2,1,49,0,0,0,0,0,0,49816,49749,48589,59469,20239,20059,3000,2000,1900,1004,1600,700,1
80000,2,3,1,41,0,-1,-1,-1,-1,-1,42124,1833,2446,834,1596,855,1835,2458,834,1600,855,0,1
360000,2,2,1,49,0,0,0,0,0,0,338321,329178,320709,310208,289883,279709,12323,22023,12023,10023,10823,7523,1
200000,1,3,1,44,0,0,0,0,0,0,69106,70393,73220,74419,76078,77822,3000,4000,3000,3000,3000,3000,1
20000,1,2,2,32,0,0,0,-1,0,-1,14549,11292,7120,8115,2594,1610,1306,3045,10000,0,1610,0,1
150000,2,2,1,36,0,0,0,0,0,0,339351,133681,100683,147127,79942,71976,7000,3500,3000,5242,3009,4000,1
260000,2,2,2,30,-1,-1,-1,-1,-1,-1,165,165,274,165,333,165,165,274,165,333,165,293,1
120000,1,2,2,30,0,0,0,0,0,0,98440,100802,104378,106651,108362,96168,4000,5200,5500,5000,5000,5000,1
280000,2,2,2,37,-1,-1,-1,-1,-1,-1,12693,13214,13466,12619,13985,12603,13214,13466,12619,13985,12603,16921,1
280000,2,1,2,32,-1,-1,-1,0,-1,-1,13532,3312,14907,3008,8988,11547,23871,14907,0,8988,11547,19826,1
390000,1,1,1,35,-1,-1,0,0,0,0,14673,83728,67892,65246,68949,52724,83728,2637,2576,5000,2724,2000,1
170000,1,1,1,41,0,0,0,0,0,0,70317,56742,49176,41969,37409,36214,2579,5019,10041,5012,5024,5012,1
180000,2,1,2,26,-2,-2,-2,-2,-2,-2,100,100,100,100,100,100,100,100,100,100,100,100,1
150000,2,1,1,40,0,0,0,0,0,0,152880,151333,151264,146328,148012,151014,6000,10031,4630,4918,9000,5104,1
280000,2,1,2,29,-2,-2,-2,-2,-2,-2,0,0,0,0,0,0,0,0,0,0,0,0,0
130000,2,3,1,49,0,0,0,0,0,0,25339,26342,27376,28415,28980,29738,1427,1461,1500,1037,1225,1080,1
280000,2,2,2,33,0,0,0,0,0,-1,71174,66228,39379,13409,40854,2930,2290,1304,1000,29485,2930,0,1
120000,2,3,1,36,0,0,0,0,0,0,9826,10838,11876,12853,13109,13015,1181,1219,1196,452,460,463,0
160000,2,1,2,30,-1,-1,-2,-1,-1,2,9640,0,0,2804,403,253,0,0,2804,403,0,3144,1
30000,2,2,1,38,1,2,2,0,0,0,29803,30766,29918,29071,29527,30480,1734,0,1148,1034,2667,0,1
100000,2,2,1,49,1,-2,-2,-2,-2,-2,0,0,0,0,0,0,0,0,0,0,0,0,1
90000,2,2,2,23,0,0,0,0,0,0,42105,43919,46812,44976,46406,47625,2500,3970,2500,2500,2500,1700,0
70000,2,3,1,35,2,2,2,2,2,2,50834,52163,51060,54200,52734,55903,2460,0,4600,0,4200,2200,0
50000,2,5,1,33,2,0,-1,2,0,0,24890,25440,26191,25193,25742,27171,1925,28293,0,1100,2030,0,0
270000,2,2,1,37,0,0,0,0,0,0,110593,102486,94362,86861,78538,70158,4500,3500,4000,3000,3000,2200,1
300000,2,1,2,48,2,0,0,0,0,0,304040,305627,305697,269017,275230,260419,11500,12000,10000,10500,10000,10000,0
500000,2,1,2,27,0,0,0,0,0,0,73798,74781,75559,76426,56197,42998,4794,5560,2426,3521,1641,913,1
20000,2,3,2,40,0,0,0,0,0,-1,19088,13828,9290,6636,2941,642,1248,1200,1156,1000,700,4600,1
50000,2,3,1,44,0,0,2,0,0,0,46989,51036,48353,47264,29325,31100,5177,22,2154,1200,3450,0,1
50000,2,3,1,31,1,-2,-2,-2,-1,-1,0,0,0,0,414,0,0,0,0,414,0,0,1
50000,2,3,2,23,0,0,0,0,0,0,32644,34096,34941,34243,28014,28528,2000,1700,1502,1000,1200,1200,1
20000,2,2,1,43,0,0,0,0,0,0,6459,7470,8492,9547,20766,12197,1123,1145,1200,2000,3000,1000,1
220000,1,3,1,41,-2,-2,-2,-2,-2,-2,10804,34407,14510,7229,12806,35433,34415,14565,7229,12806,35433,11405,1
150000,2,5,1,34,0,0,0,0,0,0,83000,88000,93000,98000,100000,0,5000,5000,5000,2000,0,0,1
350000,1,3,1,44,-1,-1,-1,-1,-1,-1,266692,3551,33112,2341,63698,38355,3569,33276,2353,64017,38546,435,1
50000,1,1,3,37,1,2,0,0,0,0,49457,47080,45833,45310,6313,5009,0,1200,1000,126,1000,0,1
80000,2,2,2,23,1,2,2,2,2,2,68594,66893,72307,70556,74021,75675,0,6507,0,5260,3000,4584,1
90000,2,2,1,35,0,0,0,0,0,0,82164,77060,76589,62892,58326,59491,2926,3571,2381,2083,2100,1976,1
50000,2,2,2,22,0,0,0,0,-1,0,44593,33019,13552,0,28105,29684,5000,3000,0,28105,2000,2000,1
20000,2,2,1,42,0,0,0,0,0,0,19185,18621,19605,19717,19203,19871,1323,1307,691,705,995,722,1
240000,2,1,1,35,-1,-1,0,-1,0,-1,5770,10412,4578,5928,5619,13227,10420,1150,5928,3619,13227,7764,1
450000,1,1,1,34,0,0,0,0,0,0,451113,460261,455701,451559,429235,391559,18500,20000,17000,16300,14108,16000,1
450000,1,1,1,33,-1,-1,-1,-1,-1,-1,390,390,390,390,389,990,390,390,390,389,992,780,1
150000,1,3,1,45,-1,0,-1,-1,-1,-1,29169,15000,15000,0,15000,0,1000,15000,0,15000,0,0,1
