has_candidate,is_feasible,rejection_reason,is_model_verified,is_fully_verified,orig_prob,cf_prob,verification_margin,distance_l0,distance_l1,distance_l2,num_features_changed,changed_features,applicant_id,model,generator,robustness_rate,stability_interval
True,False,"Feature 'status_checking_account_A11' value -0.21 is out of domain bounds [0.00, 1.00]",True,False,0.22222518856468518,0.5295878537612216,0.02958785376122164,29,2.775851069260638,0.5999999999185132,29,"['duration_months', 'credit_amount', 'installment_rate', 'status_checking_account_A11', 'status_checking_account_A12', 'status_checking_account_A13', 'status_checking_account_A14', 'savings_account_A61', 'savings_account_A62', 'savings_account_A63', 'savings_account_A64', 'savings_account_A65', 'other_debtors_guarantors_A101', 'other_debtors_guarantors_A102', 'other_debtors_guarantors_A103', 'property_A121', 'property_A122', 'property_A123', 'property_A124', 'other_installment_plans_A141', 'other_installment_plans_A142', 'other_installment_plans_A143', 'housing_A151', 'housing_A152', 'housing_A153', 'job_A171', 'job_A172', 'job_A173', 'job_A174']",3,LogisticRegression,Local_Baseline,0.0,0.0
True,False,"Feature 'status_checking_account_A11' value -0.16 is out of domain bounds [0.00, 1.00]",True,False,0.2738481678805767,0.5133072158572313,0.01330721585723127,29,2.0818933111142566,0.44999999997226703,29,"['duration_months', 'credit_amount', 'installment_rate', 'status_checking_account_A11', 'status_checking_account_A12', 'status_checking_account_A13', 'status_checking_account_A14', 'savings_account_A61', 'savings_account_A62', 'savings_account_A63', 'savings_account_A64', 'savings_account_A65', 'other_debtors_guarantors_A101', 'other_debtors_guarantors_A102', 'other_debtors_guarantors_A103', 'property_A121', 'property_A122', 'property_A123', 'property_A124', 'other_installment_plans_A141', 'other_installment_plans_A142', 'other_installment_plans_A143', 'housing_A151', 'housing_A152', 'housing_A153', 'job_A171', 'job_A172', 'job_A173', 'job_A174']",8,LogisticRegression,Local_Baseline,0.0,0.0
True,True,,True,True,0.44196665698510124,0.5273787471380594,0.027378747138059434,29,0.6939684728051619,0.15,29,"['duration_months', 'credit_amount', 'installment_rate', 'status_checking_account_A11', 'status_checking_account_A12', 'status_checking_account_A13', 'status_checking_account_A14', 'savings_account_A61', 'savings_account_A62', 'savings_account_A63', 'savings_account_A64', 'savings_account_A65', 'other_debtors_guarantors_A101', 'other_debtors_guarantors_A102', 'other_debtors_guarantors_A103', 'property_A121', 'property_A122', 'property_A123', 'property_A124', 'other_installment_plans_A141', 'other_installment_plans_A142', 'other_installment_plans_A143', 'housing_A151', 'housing_A152', 'housing_A153', 'job_A171', 'job_A172', 'job_A173', 'job_A174']",11,LogisticRegression,Local_Baseline,1.0,0.026503149673682946
True,False,"Feature 'status_checking_account_A12' value -0.10 is out of domain bounds [0.00, 1.00]",True,False,0.23360406082080987,0.545663498086862,0.04566349808686199,29,2.7758540591083047,0.5999999999278383,29,"['duration_months', 'credit_amount', 'installment_rate', 'status_checking_account_A11', 'status_checking_account_A12', 'status_checking_account_A13', 'status_checking_account_A14', 'savings_account_A61', 'savings_account_A62', 'savings_account_A63', 'savings_account_A64', 'savings_account_A65', 'other_debtors_guarantors_A101', 'other_debtors_guarantors_A102', 'other_debtors_guarantors_A103', 'property_A121', 'property_A122', 'property_A123', 'property_A124', 'other_installment_plans_A141', 'other_installment_plans_A142', 'other_installment_plans_A143', 'housing_A151', 'housing_A152', 'housing_A153', 'job_A171', 'job_A172', 'job_A173', 'job_A174']",15,LogisticRegression,Local_Baseline,0.0,0.0
True,False,"Feature 'status_checking_account_A11' value -0.21 is out of domain bounds [0.00, 1.00]",True,False,0.20252606231028328,0.5001637713705993,0.00016377137059930824,29,2.7758451474006156,0.599999999902741,29,"['duration_months', 'credit_amount', 'installment_rate', 'status_checking_account_A11', 'status_checking_account_A12', 'status_checking_account_A13', 'status_checking_account_A14', 'savings_account_A61', 'savings_account_A62', 'savings_account_A63', 'savings_account_A64', 'savings_account_A65', 'other_debtors_guarantors_A101', 'other_debtors_guarantors_A102', 'other_debtors_guarantors_A103', 'property_A121', 'property_A122', 'property_A123', 'property_A124', 'other_installment_plans_A141', 'other_installment_plans_A142', 'other_installment_plans_A143', 'housing_A151', 'housing_A152', 'housing_A153', 'job_A171', 'job_A172', 'job_A173', 'job_A174']",22,LogisticRegression,Local_Baseline,0.0,0.0
True,False,"Feature 'status_checking_account_A11' value -0.10 is out of domain bounds [0.00, 1.00]",True,False,0.37119750628337456,0.5395509237453139,0.03955092374531388,29,1.387934865161392,0.2999999999972879,29,"['duration_months', 'credit_amount', 'installment_rate', 'status_checking_account_A11', 'status_checking_account_A12', 'status_checking_account_A13', 'status_checking_account_A14', 'savings_account_A61', 'savings_account_A62', 'savings_account_A63', 'savings_account_A64', 'savings_account_A65', 'other_debtors_guarantors_A101', 'other_debtors_guarantors_A102', 'other_debtors_guarantors_A103', 'property_A121', 'property_A122', 'property_A123', 'property_A124', 'other_installment_plans_A141', 'other_installment_plans_A142', 'other_installment_plans_A143', 'housing_A151', 'housing_A152', 'housing_A153', 'job_A171', 'job_A172', 'job_A173', 'job_A174']",24,LogisticRegression,Local_Baseline,0.0,0.0
True,False,"Feature 'status_checking_account_A11' value -0.31 is out of domain bounds [0.00, 1.00]",True,False,0.14900327453476078,0.5779621766607059,0.07796217666070593,29,4.1637602866721775,0.899999999695509,29,"['duration_months', 'credit_amount', 'installment_rate', 'status_checking_account_A11', 'status_checking_account_A12', 'status_checking_account_A13', 'status_checking_account_A14', 'savings_account_A61', 'savings_account_A62', 'savings_account_A63', 'savings_account_A64', 'savings_account_A65', 'other_debtors_guarantors_A101', 'other_debtors_guarantors_A102', 'other_debtors_guarantors_A103', 'property_A121', 'property_A122', 'property_A123', 'property_A124', 'other_installment_plans_A141', 'other_installment_plans_A142', 'other_installment_plans_A143', 'housing_A151', 'housing_A152', 'housing_A153', 'job_A171', 'job_A172', 'job_A173', 'job_A174']",25,LogisticRegression,Local_Baseline,0.0,0.0
True,False,"Feature 'status_checking_account_A11' value -0.16 is out of domain bounds [0.00, 1.00]",True,False,0.29489059674601625,0.5390896181759823,0.03908961817598233,29,2.081896581308025,0.4499999999788832,29,"['duration_months', 'credit_amount', 'installment_rate', 'status_checking_account_A11', 'status_checking_account_A12', 'status_checking_account_A13', 'status_checking_account_A14', 'savings_account_A61', 'savings_account_A62', 'savings_account_A63', 'savings_account_A64', 'savings_account_A65', 'other_debtors_guarantors_A101', 'other_debtors_guarantors_A102', 'other_debtors_guarantors_A103', 'property_A121', 'property_A122', 'property_A123', 'property_A124', 'other_installment_plans_A141', 'other_installment_plans_A142', 'other_installment_plans_A143', 'housing_A151', 'housing_A152', 'housing_A153', 'job_A171', 'job_A172', 'job_A173', 'job_A174']",27,LogisticRegression,Local_Baseline,0.0,0.0
True,False,"Feature 'other_debtors_guarantors_A102' value -0.11 is out of domain bounds [0.00, 1.00]",True,False,0.29154707136919095,0.5350784269575332,0.03507842695753316,29,2.0818961023362164,0.44999999997786005,29,"['duration_months', 'credit_amount', 'installment_rate', 'status_checking_account_A11', 'status_checking_account_A12', 'status_checking_account_A13', 'status_checking_account_A14', 'savings_account_A61', 'savings_account_A62', 'savings_account_A63', 'savings_account_A64', 'savings_account_A65', 'other_debtors_guarantors_A101', 'other_debtors_guarantors_A102', 'other_debtors_guarantors_A103', 'property_A121', 'property_A122', 'property_A123', 'property_A124', 'other_installment_plans_A141', 'other_installment_plans_A142', 'other_installment_plans_A143', 'housing_A151', 'housing_A152', 'housing_A153', 'job_A171', 'job_A172', 'job_A173', 'job_A174']",37,LogisticRegression,Local_Baseline,0.0,0.0
True,False,"Feature 'status_checking_account_A12' value -0.16 is out of domain bounds [0.00, 1.00]",True,False,0.14138989166030422,0.5629294836039531,0.06292948360395312,29,4.163755913736806,0.8999999996742826,29,"['duration_months', 'credit_amount', 'installment_rate', 'status_checking_account_A11', 'status_checking_account_A12', 'status_checking_account_A13', 'status_checking_account_A14', 'savings_account_A61', 'savings_account_A62', 'savings_account_A63', 'savings_account_A64', 'savings_account_A65', 'other_debtors_guarantors_A101', 'other_debtors_guarantors_A102', 'other_debtors_guarantors_A103', 'property_A121', 'property_A122', 'property_A123', 'property_A124', 'other_installment_plans_A141', 'other_installment_plans_A142', 'other_installment_plans_A143', 'housing_A151', 'housing_A152', 'housing_A153', 'job_A171', 'job_A172', 'job_A173', 'job_A174']",39,LogisticRegression,Local_Baseline,0.0,0.0
True,False,"Feature 'status_checking_account_A11' value -0.16 is out of domain bounds [0.00, 1.00]",True,False,0.2710380531625619,0.5097648684479837,0.009764868447983743,29,2.0818928275593236,0.449999999971361,29,"['duration_months', 'credit_amount', 'installment_rate', 'status_checking_account_A11', 'status_checking_account_A12', 'status_checking_account_A13', 'status_checking_account_A14', 'savings_account_A61', 'savings_account_A62', 'savings_account_A63', 'savings_account_A64', 'savings_account_A65', 'other_debtors_guarantors_A101', 'other_debtors_guarantors_A102', 'other_debtors_guarantors_A103', 'property_A121', 'property_A122', 'property_A123', 'property_A124', 'other_installment_plans_A141', 'other_installment_plans_A142', 'other_installment_plans_A143', 'housing_A151', 'housing_A152', 'housing_A153', 'job_A171', 'job_A172', 'job_A173', 'job_A174']",44,LogisticRegression,Local_Baseline,0.0,0.0
True,False,"Feature 'other_debtors_guarantors_A102' value -0.11 is out of domain bounds [0.00, 1.00]",True,False,0.28938233832913024,0.5324645105843768,0.03246451058437683,29,2.081895784146839,0.4499999999771908,29,"['duration_months', 'credit_amount', 'installment_rate', 'status_checking_account_A11', 'status_checking_account_A12', 'status_checking_account_A13', 'status_checking_account_A14', 'savings_account_A61', 'savings_account_A62', 'savings_account_A63', 'savings_account_A64', 'savings_account_A65', 'other_debtors_guarantors_A101', 'other_debtors_guarantors_A102', 'other_debtors_guarantors_A103', 'property_A121', 'property_A122', 'property_A123', 'property_A124', 'other_installment_plans_A141', 'other_installment_plans_A142', 'other_installment_plans_A143', 'housing_A151', 'housing_A152', 'housing_A153', 'job_A171', 'job_A172', 'job_A173', 'job_A174']",47,LogisticRegression,Local_Baseline,0.0,0.0
True,True,,True,True,0.3856816477431967,0.5548080914692946,0.05480809146929455,29,1.3879356812399257,0.2999999999980967,29,"['duration_months', 'credit_amount', 'installment_rate', 'status_checking_account_A11', 'status_checking_account_A12', 'status_checking_account_A13', 'status_checking_account_A14', 'savings_account_A61', 'savings_account_A62', 'savings_account_A63', 'savings_account_A64', 'savings_account_A65', 'other_debtors_guarantors_A101', 'other_debtors_guarantors_A102', 'other_debtors_guarantors_A103', 'property_A121', 'property_A122', 'property_A123', 'property_A124', 'other_installment_plans_A141', 'other_installment_plans_A142', 'other_installment_plans_A143', 'housing_A151', 'housing_A152', 'housing_A153', 'job_A171', 'job_A172', 'job_A173', 'job_A174']",48,LogisticRegression,Local_Baseline,1.0,0.05318567247389827
True,False,"Feature 'status_checking_account_A12' value -0.10 is out of domain bounds [0.00, 1.00]",True,False,0.23545919268952292,0.548224097793766,0.04822409779376602,29,2.7758545180056498,0.5999999999293534,29,"['duration_months', 'credit_amount', 'installment_rate', 'status_checking_account_A11', 'status_checking_account_A12', 'status_checking_account_A13', 'status_checking_account_A14', 'savings_account_A61', 'savings_account_A62', 'savings_account_A63', 'savings_account_A64', 'savings_account_A65', 'other_debtors_guarantors_A101', 'other_debtors_guarantors_A102', 'other_debtors_guarantors_A103', 'property_A121', 'property_A122', 'property_A123', 'property_A124', 'other_installment_plans_A141', 'other_installment_plans_A142', 'other_installment_plans_A143', 'housing_A151', 'housing_A152', 'housing_A153', 'job_A171', 'job_A172', 'job_A173', 'job_A174']",53,LogisticRegression,Local_Baseline,0.0,0.0
True,False,"Feature 'status_checking_account_A12' value -0.10 is out of domain bounds [0.00, 1.00]",True,False,0.2070766090886249,0.507148979098526,0.007148979098525965,29,2.7758466025622615,0.5999999999062936,29,"['duration_months', 'credit_amount', 'installment_rate', 'status_checking_account_A11', 'status_checking_account_A12', 'status_checking_account_A13', 'status_checking_account_A14', 'savings_account_A61', 'savings_account_A62', 'savings_account_A63', 'savings_account_A64', 'savings_account_A65', 'other_debtors_guarantors_A101', 'other_debtors_guarantors_A102', 'other_debtors_guarantors_A103', 'property_A121', 'property_A122', 'property_A123', 'property_A124', 'other_installment_plans_A141', 'other_installment_plans_A142', 'other_installment_plans_A143', 'housing_A151', 'housing_A152', 'housing_A153', 'job_A171', 'job_A172', 'job_A173', 'job_A174']",55,LogisticRegression,Local_Baseline,0.0,0.0
True,False,Categorical group 'credit' has invalid one-hot encoding sum (0.40),True,False,0.457911954411526,0.5434048243412538,0.04340482434125381,29,0.6939687503955098,0.14999999999999997,29,"['duration_months', 'credit_amount', 'installment_rate', 'status_checking_account_A11', 'status_checking_account_A12', 'status_checking_account_A13', 'status_checking_account_A14', 'savings_account_A61', 'savings_account_A62', 'savings_account_A63', 'savings_account_A64', 'savings_account_A65', 'other_debtors_guarantors_A101', 'other_debtors_guarantors_A102', 'other_debtors_guarantors_A103', 'property_A121', 'property_A122', 'property_A123', 'property_A124', 'other_installment_plans_A141', 'other_installment_plans_A142', 'other_installment_plans_A143', 'housing_A151', 'housing_A152', 'housing_A153', 'job_A171', 'job_A172', 'job_A173', 'job_A174']",56,LogisticRegression,Local_Baseline,0.0,0.0
True,False,"Feature 'status_checking_account_A11' value -0.31 is out of domain bounds [0.00, 1.00]",True,False,0.14307560142423226,0.566326043439908,0.066326043439908,29,4.163756914441057,0.8999999996789011,29,"['duration_months', 'credit_amount', 'installment_rate', 'status_checking_account_A11', 'status_checking_account_A12', 'status_checking_account_A13', 'status_checking_account_A14', 'savings_account_A61', 'savings_account_A62', 'savings_account_A63', 'savings_account_A64', 'savings_account_A65', 'other_debtors_guarantors_A101', 'other_debtors_guarantors_A102', 'other_debtors_guarantors_A103', 'property_A121', 'property_A122', 'property_A123', 'property_A124', 'other_installment_plans_A141', 'other_installment_plans_A142', 'other_installment_plans_A143', 'housing_A151', 'housing_A152', 'housing_A153', 'job_A171', 'job_A172', 'job_A173', 'job_A174']",61,LogisticRegression,Local_Baseline,0.0,0.0
True,False,Categorical group 'credit' has invalid one-hot encoding sum (2.22),True,False,0.4829950811374024,0.5682618376095618,0.06826183760956184,29,0.693969008122768,0.15000000000000002,29,"['duration_months', 'credit_amount', 'installment_rate', 'status_checking_account_A11', 'status_checking_account_A12', 'status_checking_account_A13', 'status_checking_account_A14', 'savings_account_A61', 'savings_account_A62', 'savings_account_A63', 'savings_account_A64', 'savings_account_A65', 'other_debtors_guarantors_A101', 'other_debtors_guarantors_A102', 'other_debtors_guarantors_A103', 'property_A121', 'property_A122', 'property_A123', 'property_A124', 'other_installment_plans_A141', 'other_installment_plans_A142', 'other_installment_plans_A143', 'housing_A151', 'housing_A152', 'housing_A153', 'job_A171', 'job_A172', 'job_A173', 'job_A174']",62,LogisticRegression,Local_Baseline,0.0,0.0
True,True,,True,True,0.37904516747177575,0.547856765647553,0.047856765647553035,29,1.3879353267431334,0.29999999999774124,29,"['duration_months', 'credit_amount', 'installment_rate', 'status_checking_account_A11', 'status_checking_account_A12', 'status_checking_account_A13', 'status_checking_account_A14', 'savings_account_A61', 'savings_account_A62', 'savings_account_A63', 'savings_account_A64', 'savings_account_A65', 'other_debtors_guarantors_A101', 'other_debtors_guarantors_A102', 'other_debtors_guarantors_A103', 'property_A121', 'property_A122', 'property_A123', 'property_A124', 'other_installment_plans_A141', 'other_installment_plans_A142', 'other_installment_plans_A143', 'housing_A151', 'housing_A152', 'housing_A153', 'job_A171', 'job_A172', 'job_A173', 'job_A174']",65,LogisticRegression,Local_Baseline,1.0,0.04613795905685136
True,False,"Feature 'status_checking_account_A12' value -0.10 is out of domain bounds [0.00, 1.00]",True,False,0.2573680992271153,0.577261726099342,0.07726172609934201,29,2.775859360559465,0.5999999999467416,29,"['duration_months', 'credit_amount', 'installment_rate', 'status_checking_account_A11', 'status_checking_account_A12', 'status_checking_account_A13', 'status_checking_account_A14', 'savings_account_A61', 'savings_account_A62', 'savings_account_A63', 'savings_account_A64', 'savings_account_A65', 'other_debtors_guarantors_A101', 'other_debtors_guarantors_A102', 'other_debtors_guarantors_A103', 'property_A121', 'property_A122', 'property_A123', 'property_A124', 'other_installment_plans_A141', 'other_installment_plans_A142', 'other_installment_plans_A143', 'housing_A151', 'housing_A152', 'housing_A153', 'job_A171', 'job_A172', 'job_A173', 'job_A174']",69,LogisticRegression,Local_Baseline,0.0,0.0
True,False,"Feature 'status_checking_account_A11' value -0.36 is out of domain bounds [0.00, 1.00]",True,False,0.09472515118319923,0.5355407994346235,0.035540799434623516,29,4.8576880916159855,1.0499999994181417,29,"['duration_months', 'credit_amount', 'installment_rate', 'status_checking_account_A11', 'status_checking_account_A12', 'status_checking_account_A13', 'status_checking_account_A14', 'savings_account_A61', 'savings_account_A62', 'savings_account_A63', 'savings_account_A64', 'savings_account_A65', 'other_debtors_guarantors_A101', 'other_debtors_guarantors_A102', 'other_debtors_guarantors_A103', 'property_A121', 'property_A122', 'property_A123', 'property_A124', 'other_installment_plans_A141', 'other_installment_plans_A142', 'other_installment_plans_A143', 'housing_A151', 'housing_A152', 'housing_A153', 'job_A171', 'job_A172', 'job_A173', 'job_A174']",71,LogisticRegression,Local_Baseline,0.0,0.0
True,False,Categorical group 'credit' has invalid one-hot encoding sum (0.30),True,False,0.4908573826286199,0.5759658480457303,0.07596584804573026,29,0.6939690438683447,0.15000000000000002,29,"['duration_months', 'credit_amount', 'installment_rate', 'status_checking_account_A11', 'status_checking_account_A12', 'status_checking_account_A13', 'status_checking_account_A14', 'savings_account_A61', 'savings_account_A62', 'savings_account_A63', 'savings_account_A64', 'savings_account_A65', 'other_debtors_guarantors_A101', 'other_debtors_guarantors_A102', 'other_debtors_guarantors_A103', 'property_A121', 'property_A122', 'property_A123', 'property_A124', 'other_installment_plans_A141', 'other_installment_plans_A142', 'other_installment_plans_A143', 'housing_A151', 'housing_A152', 'housing_A153', 'job_A171', 'job_A172', 'job_A173', 'job_A174']",74,LogisticRegression,Local_Baseline,0.0,0.0
True,False,"Feature 'status_checking_account_A11' value -0.10 is out of domain bounds [0.00, 1.00]",True,False,0.4115615760052509,0.5812980248606582,0.08129802486065818,29,1.3879367544871333,0.29999999999921134,29,"['duration_months', 'credit_amount', 'installment_rate', 'status_checking_account_A11', 'status_checking_account_A12', 'status_checking_account_A13', 'status_checking_account_A14', 'savings_account_A61', 'savings_account_A62', 'savings_account_A63', 'savings_account_A64', 'savings_account_A65', 'other_debtors_guarantors_A101', 'other_debtors_guarantors_A102', 'other_debtors_guarantors_A103', 'property_A121', 'property_A122', 'property_A123', 'property_A124', 'other_installment_plans_A141', 'other_installment_plans_A142', 'other_installment_plans_A143', 'housing_A151', 'housing_A152', 'housing_A153', 'job_A171', 'job_A172', 'job_A173', 'job_A174']",91,LogisticRegression,Local_Baseline,0.0,0.0
True,False,Categorical group 'credit' has invalid one-hot encoding sum (0.44),True,False,0.4624604391765249,0.5479441352361463,0.04794413523614627,29,0.6939688133713586,0.15000000000000005,29,"['duration_months', 'credit_amount', 'installment_rate', 'status_checking_account_A11', 'status_checking_account_A12', 'status_checking_account_A13', 'status_checking_account_A14', 'savings_account_A61', 'savings_account_A62', 'savings_account_A63', 'savings_account_A64', 'savings_account_A65', 'other_debtors_guarantors_A101', 'other_debtors_guarantors_A102', 'other_debtors_guarantors_A103', 'property_A121', 'property_A122', 'property_A123', 'property_A124', 'other_installment_plans_A141', 'other_installment_plans_A142', 'other_installment_plans_A143', 'housing_A151', 'housing_A152', 'housing_A153', 'job_A171', 'job_A172', 'job_A173', 'job_A174']",94,LogisticRegression,Local_Baseline,0.0,0.0
True,False,"Feature 'status_checking_account_A11' value -0.10 is out of domain bounds [0.00, 1.00]",True,False,0.40306048899609015,0.5727031844422178,0.0727031844422178,29,1.3879364557447,0.2999999999988952,29,"['duration_months', 'credit_amount', 'installment_rate', 'status_checking_account_A11', 'status_checking_account_A12', 'status_checking_account_A13', 'status_checking_account_A14', 'savings_account_A61', 'savings_account_A62', 'savings_account_A63', 'savings_account_A64', 'savings_account_A65', 'other_debtors_guarantors_A101', 'other_debtors_guarantors_A102', 'other_debtors_guarantors_A103', 'property_A121', 'property_A122', 'property_A123', 'property_A124', 'other_installment_plans_A141', 'other_installment_plans_A142', 'other_installment_plans_A143', 'housing_A151', 'housing_A152', 'housing_A153', 'job_A171', 'job_A172', 'job_A173', 'job_A174']",104,LogisticRegression,Local_Baseline,0.0,0.0
True,False,"Feature 'status_checking_account_A11' value -0.21 is out of domain bounds [0.00, 1.00]",True,False,0.23066171259207405,0.5415681005165257,0.04156810051652571,29,2.775853315049157,0.5999999999254296,29,"['duration_months', 'credit_amount', 'installment_rate', 'status_checking_account_A11', 'status_checking_account_A12', 'status_checking_account_A13', 'status_checking_account_A14', 'savings_account_A61', 'savings_account_A62', 'savings_account_A63', 'savings_account_A64', 'savings_account_A65', 'other_debtors_guarantors_A101', 'other_debtors_guarantors_A102', 'other_debtors_guarantors_A103', 'property_A121', 'property_A122', 'property_A123', 'property_A124', 'other_installment_plans_A141', 'other_installment_plans_A142', 'other_installment_plans_A143', 'housing_A151', 'housing_A152', 'housing_A153', 'job_A171', 'job_A172', 'job_A173', 'job_A174']",108,LogisticRegression,Local_Baseline,0.0,0.0
True,False,"Feature 'status_checking_account_A11' value -0.10 is out of domain bounds [0.00, 1.00]",True,False,0.40946470492106657,0.5791875583340784,0.07918755833407842,29,1.387936685647421,0.2999999999991381,29,"['duration_months', 'credit_amount', 'installment_rate', 'status_checking_account_A11', 'status_checking_account_A12', 'status_checking_account_A13', 'status_checking_account_A14', 'savings_account_A61', 'savings_account_A62', 'savings_account_A63', 'savings_account_A64', 'savings_account_A65', 'other_debtors_guarantors_A101', 'other_debtors_guarantors_A102', 'other_debtors_guarantors_A103', 'property_A121', 'property_A122', 'property_A123', 'property_A124', 'other_installment_plans_A141', 'other_installment_plans_A142', 'other_installment_plans_A143', 'housing_A151', 'housing_A152', 'housing_A153', 'job_A171', 'job_A172', 'job_A173', 'job_A174']",110,LogisticRegression,Local_Baseline,0.0,0.0
True,False,"Feature 'status_checking_account_A12' value -0.10 is out of domain bounds [0.00, 1.00]",True,False,0.22061998085299445,0.527267564643472,0.02726756464347202,29,2.7758506227441733,0.5999999999172005,29,"['duration_months', 'credit_amount', 'installment_rate', 'status_checking_account_A11', 'status_checking_account_A12', 'status_checking_account_A13', 'status_checking_account_A14', 'savings_account_A61', 'savings_account_A62', 'savings_account_A63', 'savings_account_A64', 'savings_account_A65', 'other_debtors_guarantors_A101', 'other_debtors_guarantors_A102', 'other_debtors_guarantors_A103', 'property_A121', 'property_A122', 'property_A123', 'property_A124', 'other_installment_plans_A141', 'other_installment_plans_A142', 'other_installment_plans_A143', 'housing_A151', 'housing_A152', 'housing_A153', 'job_A171', 'job_A172', 'job_A173', 'job_A174']",111,LogisticRegression,Local_Baseline,0.0,0.0
True,False,"Feature 'other_debtors_guarantors_A102' value -0.11 is out of domain bounds [0.00, 1.00]",True,False,0.28949265592685075,0.5325980425974447,0.0325980425974447,29,2.0818958005165173,0.449999999977225,29,"['duration_months', 'credit_amount', 'installment_rate', 'status_checking_account_A11', 'status_checking_account_A12', 'status_checking_account_A13', 'status_checking_account_A14', 'savings_account_A61', 'savings_account_A62', 'savings_account_A63', 'savings_account_A64', 'savings_account_A65', 'other_debtors_guarantors_A101', 'other_debtors_guarantors_A102', 'other_debtors_guarantors_A103', 'property_A121', 'property_A122', 'property_A123', 'property_A124', 'other_installment_plans_A141', 'other_installment_plans_A142', 'other_installment_plans_A143', 'housing_A151', 'housing_A152', 'housing_A153', 'job_A171', 'job_A172', 'job_A173', 'job_A174']",121,LogisticRegression,Local_Baseline,0.0,0.0
True,False,Categorical group 'credit' has invalid one-hot encoding sum (0.71),True,False,0.43225860599389077,0.5175345379022335,0.01753453790223347,29,0.6939682604943351,0.14999999999999997,29,"['duration_months', 'credit_amount', 'installment_rate', 'status_checking_account_A11', 'status_checking_account_A12', 'status_checking_account_A13', 'status_checking_account_A14', 'savings_account_A61', 'savings_account_A62', 'savings_account_A63', 'savings_account_A64', 'savings_account_A65', 'other_debtors_guarantors_A101', 'other_debtors_guarantors_A102', 'other_debtors_guarantors_A103', 'property_A121', 'property_A122', 'property_A123', 'property_A124', 'other_installment_plans_A141', 'other_installment_plans_A142', 'other_installment_plans_A143', 'housing_A151', 'housing_A152', 'housing_A153', 'job_A171', 'job_A172', 'job_A173', 'job_A174']",128,LogisticRegression,Local_Baseline,0.0,0.0
True,False,"Feature 'other_debtors_guarantors_A102' value -0.11 is out of domain bounds [0.00, 1.00]",True,False,0.3304458424957981,0.5798743160601251,0.07987431606012507,29,2.0819007678479173,0.44999999998864076,29,"['duration_months', 'credit_amount', 'installment_rate', 'status_checking_account_A11', 'status_checking_account_A12', 'status_checking_account_A13', 'status_checking_account_A14', 'savings_account_A61', 'savings_account_A62', 'savings_account_A63', 'savings_account_A64', 'savings_account_A65', 'other_debtors_guarantors_A101', 'other_debtors_guarantors_A102', 'other_debtors_guarantors_A103', 'property_A121', 'property_A122', 'property_A123', 'property_A124', 'other_installment_plans_A141', 'other_installment_plans_A142', 'other_installment_plans_A143', 'housing_A151', 'housing_A152', 'housing_A153', 'job_A171', 'job_A172', 'job_A173', 'job_A174']",131,LogisticRegression,Local_Baseline,0.0,0.0
True,False,"Feature 'status_checking_account_A11' value -0.21 is out of domain bounds [0.00, 1.00]",True,False,0.23621379027065542,0.5492609366495025,0.049260936649502485,29,2.7758547024220626,0.5999999999299688,29,"['duration_months', 'credit_amount', 'installment_rate', 'status_checking_account_A11', 'status_checking_account_A12', 'status_checking_account_A13', 'status_checking_account_A14', 'savings_account_A61', 'savings_account_A62', 'savings_account_A63', 'savings_account_A64', 'savings_account_A65', 'other_debtors_guarantors_A101', 'other_debtors_guarantors_A102', 'other_debtors_guarantors_A103', 'property_A121', 'property_A122', 'property_A123', 'property_A124', 'other_installment_plans_A141', 'other_installment_plans_A142', 'other_installment_plans_A143', 'housing_A151', 'housing_A152', 'housing_A153', 'job_A171', 'job_A172', 'job_A173', 'job_A174']",135,LogisticRegression,Local_Baseline,0.0,0.0
True,False,Categorical group 'credit' has invalid one-hot encoding sum (0.47),True,False,0.2871936210925446,0.5298079974761916,0.02980799747619156,29,2.0818954559309337,0.44999999997650914,29,"['duration_months', 'credit_amount', 'installment_rate', 'status_checking_account_A11', 'status_checking_account_A12', 'status_checking_account_A13', 'status_checking_account_A14', 'savings_account_A61', 'savings_account_A62', 'savings_account_A63', 'savings_account_A64', 'savings_account_A65', 'other_debtors_guarantors_A101', 'other_debtors_guarantors_A102', 'other_debtors_guarantors_A103', 'property_A121', 'property_A122', 'property_A123', 'property_A124', 'other_installment_plans_A141', 'other_installment_plans_A142', 'other_installment_plans_A143', 'housing_A151', 'housing_A152', 'housing_A153', 'job_A171', 'job_A172', 'job_A173', 'job_A174']",139,LogisticRegression,Local_Baseline,0.0,0.0
True,False,Categorical group 'credit' has invalid one-hot encoding sum (0.70),True,False,0.4664755963852239,0.5519394105029708,0.051939410502970795,29,0.6939688629843239,0.15000000000000002,29,"['duration_months', 'credit_amount', 'installment_rate', 'status_checking_account_A11', 'status_checking_account_A12', 'status_checking_account_A13', 'status_checking_account_A14', 'savings_account_A61', 'savings_account_A62', 'savings_account_A63', 'savings_account_A64', 'savings_account_A65', 'other_debtors_guarantors_A101', 'other_debtors_guarantors_A102', 'other_debtors_guarantors_A103', 'property_A121', 'property_A122', 'property_A123', 'property_A124', 'other_installment_plans_A141', 'other_installment_plans_A142', 'other_installment_plans_A143', 'housing_A151', 'housing_A152', 'housing_A153', 'job_A171', 'job_A172', 'job_A173', 'job_A174']",140,LogisticRegression,Local_Baseline,0.0,0.0
True,False,"Feature 'status_checking_account_A11' value -0.31 is out of domain bounds [0.00, 1.00]",True,False,0.12627544285498446,0.5306001820529422,0.030600182052942237,29,4.16374605622336,0.8999999996360568,29,"['duration_months', 'credit_amount', 'installment_rate', 'status_checking_account_A11', 'status_checking_account_A12', 'status_checking_account_A13', 'status_checking_account_A14', 'savings_account_A61', 'savings_account_A62', 'savings_account_A63', 'savings_account_A64', 'savings_account_A65', 'other_debtors_guarantors_A101', 'other_debtors_guarantors_A102', 'other_debtors_guarantors_A103', 'property_A121', 'property_A122', 'property_A123', 'property_A124', 'other_installment_plans_A141', 'other_installment_plans_A142', 'other_installment_plans_A143', 'housing_A151', 'housing_A152', 'housing_A153', 'job_A171', 'job_A172', 'job_A173', 'job_A174']",144,LogisticRegression,Local_Baseline,0.0,0.0
True,False,"Feature 'status_checking_account_A11' value -0.16 is out of domain bounds [0.00, 1.00]",True,False,0.3108027643778063,0.5577554913617224,0.05775549136172242,29,2.0818986566810365,0.4499999999835352,29,"['duration_months', 'credit_amount', 'installment_rate', 'status_checking_account_A11', 'status_checking_account_A12', 'status_checking_account_A13', 'status_checking_account_A14', 'savings_account_A61', 'savings_account_A62', 'savings_account_A63', 'savings_account_A64', 'savings_account_A65', 'other_debtors_guarantors_A101', 'other_debtors_guarantors_A102', 'other_debtors_guarantors_A103', 'property_A121', 'property_A122', 'property_A123', 'property_A124', 'other_installment_plans_A141', 'other_installment_plans_A142', 'other_installment_plans_A143', 'housing_A151', 'housing_A152', 'housing_A153', 'job_A171', 'job_A172', 'job_A173', 'job_A174']",147,LogisticRegression,Local_Baseline,0.0,0.0
True,False,"Feature 'status_checking_account_A11' value -0.47 is out of domain bounds [0.00, 1.00]",True,False,0.05015856224465626,0.5359812951616161,0.03598129516161608,29,6.245558899905525,1.3499999988751743,29,"['duration_months', 'credit_amount', 'installment_rate', 'status_checking_account_A11', 'status_checking_account_A12', 'status_checking_account_A13', 'status_checking_account_A14', 'savings_account_A61', 'savings_account_A62', 'savings_account_A63', 'savings_account_A64', 'savings_account_A65', 'other_debtors_guarantors_A101', 'other_debtors_guarantors_A102', 'other_debtors_guarantors_A103', 'property_A121', 'property_A122', 'property_A123', 'property_A124', 'other_installment_plans_A141', 'other_installment_plans_A142', 'other_installment_plans_A143', 'housing_A151', 'housing_A152', 'housing_A153', 'job_A171', 'job_A172', 'job_A173', 'job_A174']",151,LogisticRegression,Local_Baseline,0.0,0.0
True,False,"Feature 'status_checking_account_A12' value -0.13 is out of domain bounds [0.00, 1.00]",True,False,0.17084179200718094,0.5335424282221599,0.033542428222159915,29,3.469802038443954,0.7499999998097007,29,"['duration_months', 'credit_amount', 'installment_rate', 'status_checking_account_A11', 'status_checking_account_A12', 'status_checking_account_A13', 'status_checking_account_A14', 'savings_account_A61', 'savings_account_A62', 'savings_account_A63', 'savings_account_A64', 'savings_account_A65', 'other_debtors_guarantors_A101', 'other_debtors_guarantors_A102', 'other_debtors_guarantors_A103', 'property_A121', 'property_A122', 'property_A123', 'property_A124', 'other_installment_plans_A141', 'other_installment_plans_A142', 'other_installment_plans_A143', 'housing_A151', 'housing_A152', 'housing_A153', 'job_A171', 'job_A172', 'job_A173', 'job_A174']",154,LogisticRegression,Local_Baseline,0.0,0.0
True,False,"Feature 'status_checking_account_A11' value -0.41 is out of domain bounds [0.00, 1.00]",True,False,0.06573018888089004,0.5220517751481958,0.022051775148195785,29,5.551619465161529,1.1999999991505519,29,"['duration_months', 'credit_amount', 'installment_rate', 'status_checking_account_A11', 'status_checking_account_A12', 'status_checking_account_A13', 'status_checking_account_A14', 'savings_account_A61', 'savings_account_A62', 'savings_account_A63', 'savings_account_A64', 'savings_account_A65', 'other_debtors_guarantors_A101', 'other_debtors_guarantors_A102', 'other_debtors_guarantors_A103', 'property_A121', 'property_A122', 'property_A123', 'property_A124', 'other_installment_plans_A141', 'other_installment_plans_A142', 'other_installment_plans_A143', 'housing_A151', 'housing_A152', 'housing_A153', 'job_A171', 'job_A172', 'job_A173', 'job_A174']",155,LogisticRegression,Local_Baseline,0.0,0.0
True,False,"Feature 'status_checking_account_A11' value -0.16 is out of domain bounds [0.00, 1.00]",True,False,0.33394454580006394,0.5837116059551272,0.08371160595512717,29,2.081901093225324,0.4499999999894619,29,"['duration_months', 'credit_amount', 'installment_rate', 'status_checking_account_A11', 'status_checking_account_A12', 'status_checking_account_A13', 'status_checking_account_A14', 'savings_account_A61', 'savings_account_A62', 'savings_account_A63', 'savings_account_A64', 'savings_account_A65', 'other_debtors_guarantors_A101', 'other_debtors_guarantors_A102', 'other_debtors_guarantors_A103', 'property_A121', 'property_A122', 'property_A123', 'property_A124', 'other_installment_plans_A141', 'other_installment_plans_A142', 'other_installment_plans_A143', 'housing_A151', 'housing_A152', 'housing_A153', 'job_A171', 'job_A172', 'job_A173', 'job_A174']",156,LogisticRegression,Local_Baseline,0.0,0.0
True,False,"Feature 'status_checking_account_A11' value -0.16 is out of domain bounds [0.00, 1.00]",True,False,0.3135461161140615,0.5609046025408697,0.06090460254086971,29,2.0818989810030755,0.4499999999842949,29,"['duration_months', 'credit_amount', 'installment_rate', 'status_checking_account_A11', 'status_checking_account_A12', 'status_checking_account_A13', 'status_checking_account_A14', 'savings_account_A61', 'savings_account_A62', 'savings_account_A63', 'savings_account_A64', 'savings_account_A65', 'other_debtors_guarantors_A101', 'other_debtors_guarantors_A102', 'other_debtors_guarantors_A103', 'property_A121', 'property_A122', 'property_A123', 'property_A124', 'other_installment_plans_A141', 'other_installment_plans_A142', 'other_installment_plans_A143', 'housing_A151', 'housing_A152', 'housing_A153', 'job_A171', 'job_A172', 'job_A173', 'job_A174']",157,LogisticRegression,Local_Baseline,0.0,0.0
True,False,"Feature 'status_checking_account_A11' value -0.10 is out of domain bounds [0.00, 1.00]",True,False,0.4051180678590335,0.5747928924017921,0.0747928924017921,29,1.3879365328452171,0.29999999999897636,29,"['duration_months', 'credit_amount', 'installment_rate', 'status_checking_account_A11', 'status_checking_account_A12', 'status_checking_account_A13', 'status_checking_account_A14', 'savings_account_A61', 'savings_account_A62', 'savings_account_A63', 'savings_account_A64', 'savings_account_A65', 'other_debtors_guarantors_A101', 'other_debtors_guarantors_A102', 'other_debtors_guarantors_A103', 'property_A121', 'property_A122', 'property_A123', 'property_A124', 'other_installment_plans_A141', 'other_installment_plans_A142', 'other_installment_plans_A143', 'housing_A151', 'housing_A152', 'housing_A153', 'job_A171', 'job_A172', 'job_A173', 'job_A174']",167,LogisticRegression,Local_Baseline,0.0,0.0
True,False,"Feature 'other_debtors_guarantors_A102' value -0.11 is out of domain bounds [0.00, 1.00]",True,False,0.3099468373514185,0.5567688861397482,0.056768886139748176,29,2.0818985535013597,0.4499999999832954,29,"['duration_months', 'credit_amount', 'installment_rate', 'status_checking_account_A11', 'status_checking_account_A12', 'status_checking_account_A13', 'status_checking_account_A14', 'savings_account_A61', 'savings_account_A62', 'savings_account_A63', 'savings_account_A64', 'savings_account_A65', 'other_debtors_guarantors_A101', 'other_debtors_guarantors_A102', 'other_debtors_guarantors_A103', 'property_A121', 'property_A122', 'property_A123', 'property_A124', 'other_installment_plans_A141', 'other_installment_plans_A142', 'other_installment_plans_A143', 'housing_A151', 'housing_A152', 'housing_A153', 'job_A171', 'job_A172', 'job_A173', 'job_A174']",171,LogisticRegression,Local_Baseline,0.0,0.0
True,False,Categorical group 'credit' has invalid one-hot encoding sum (0.33),True,False,0.4356568148152953,0.5209879539453248,0.020987953945324822,29,0.6939683385401005,0.14999999999999997,29,"['duration_months', 'credit_amount', 'installment_rate', 'status_checking_account_A11', 'status_checking_account_A12', 'status_checking_account_A13', 'status_checking_account_A14', 'savings_account_A61', 'savings_account_A62', 'savings_account_A63', 'savings_account_A64', 'savings_account_A65', 'other_debtors_guarantors_A101', 'other_debtors_guarantors_A102', 'other_debtors_guarantors_A103', 'property_A121', 'property_A122', 'property_A123', 'property_A124', 'other_installment_plans_A141', 'other_installment_plans_A142', 'other_installment_plans_A143', 'housing_A151', 'housing_A152', 'housing_A153', 'job_A171', 'job_A172', 'job_A173', 'job_A174']",176,LogisticRegression,Local_Baseline,0.0,0.0
True,False,"Feature 'status_checking_account_A11' value -0.31 is out of domain bounds [0.00, 1.00]",True,False,0.12121181240038194,0.5189531942132392,0.018953194213239155,29,4.163742372429334,0.899999999625017,29,"['duration_months', 'credit_amount', 'installment_rate', 'status_checking_account_A11', 'status_checking_account_A12', 'status_checking_account_A13', 'status_checking_account_A14', 'savings_account_A61', 'savings_account_A62', 'savings_account_A63', 'savings_account_A64', 'savings_account_A65', 'other_debtors_guarantors_A101', 'other_debtors_guarantors_A102', 'other_debtors_guarantors_A103', 'property_A121', 'property_A122', 'property_A123', 'property_A124', 'other_installment_plans_A141', 'other_installment_plans_A142', 'other_installment_plans_A143', 'housing_A151', 'housing_A152', 'housing_A153', 'job_A171', 'job_A172', 'job_A173', 'job_A174']",182,LogisticRegression,Local_Baseline,0.0,0.0
True,False,"Feature 'status_checking_account_A12' value -0.13 is out of domain bounds [0.00, 1.00]",True,False,0.1917335981718926,0.5683837105361911,0.06838371053619108,29,3.469810486136899,0.7499999998435877,29,"['duration_months', 'credit_amount', 'installment_rate', 'status_checking_account_A11', 'status_checking_account_A12', 'status_checking_account_A13', 'status_checking_account_A14', 'savings_account_A61', 'savings_account_A62', 'savings_account_A63', 'savings_account_A64', 'savings_account_A65', 'other_debtors_guarantors_A101', 'other_debtors_guarantors_A102', 'other_debtors_guarantors_A103', 'property_A121', 'property_A122', 'property_A123', 'property_A124', 'other_installment_plans_A141', 'other_installment_plans_A142', 'other_installment_plans_A143', 'housing_A151', 'housing_A152', 'housing_A153', 'job_A171', 'job_A172', 'job_A173', 'job_A174']",185,LogisticRegression,Local_Baseline,0.0,0.0
True,False,"Feature 'other_debtors_guarantors_A102' value -0.11 is out of domain bounds [0.00, 1.00]",True,False,0.2857835559817056,0.5280892466685411,0.028089246668541068,29,2.081895241001314,0.4499999999760675,29,"['duration_months', 'credit_amount', 'installment_rate', 'status_checking_account_A11', 'status_checking_account_A12', 'status_checking_account_A13', 'status_checking_account_A14', 'savings_account_A61', 'savings_account_A62', 'savings_account_A63', 'savings_account_A64', 'savings_account_A65', 'other_debtors_guarantors_A101', 'other_debtors_guarantors_A102', 'other_debtors_guarantors_A103', 'property_A121', 'property_A122', 'property_A123', 'property_A124', 'other_installment_plans_A141', 'other_installment_plans_A142', 'other_installment_plans_A143', 'housing_A151', 'housing_A152', 'housing_A153', 'job_A171', 'job_A172', 'job_A173', 'job_A174']",186,LogisticRegression,Local_Baseline,0.0,0.0
True,False,"Feature 'status_checking_account_A11' value -0.10 is out of domain bounds [0.00, 1.00]",True,False,0.36388511446884986,0.5317265274015659,0.031726527401565896,29,1.387934393383604,0.29999999999683546,29,"['duration_months', 'credit_amount', 'installment_rate', 'status_checking_account_A11', 'status_checking_account_A12', 'status_checking_account_A13', 'status_checking_account_A14', 'savings_account_A61', 'savings_account_A62', 'savings_account_A63', 'savings_account_A64', 'savings_account_A65', 'other_debtors_guarantors_A101', 'other_debtors_guarantors_A102', 'other_debtors_guarantors_A103', 'property_A121', 'property_A122', 'property_A123', 'property_A124', 'other_installment_plans_A141', 'other_installment_plans_A142', 'other_installment_plans_A143', 'housing_A151', 'housing_A152', 'housing_A153', 'job_A171', 'job_A172', 'job_A173', 'job_A174']",187,LogisticRegression,Local_Baseline,0.0,0.0
True,True,,True,True,0.47756500075592573,0.5629168856374223,0.06291688563742226,29,0.693968970884939,0.15,29,"['duration_months', 'credit_amount', 'installment_rate', 'status_checking_account_A11', 'status_checking_account_A12', 'status_checking_account_A13', 'status_checking_account_A14', 'savings_account_A61', 'savings_account_A62', 'savings_account_A63', 'savings_account_A64', 'savings_account_A65', 'other_debtors_guarantors_A101', 'other_debtors_guarantors_A102', 'other_debtors_guarantors_A103', 'property_A121', 'property_A122', 'property_A123', 'property_A124', 'other_installment_plans_A141', 'other_installment_plans_A142', 'other_installment_plans_A143', 'housing_A151', 'housing_A152', 'housing_A153', 'job_A171', 'job_A172', 'job_A173', 'job_A174']",198,LogisticRegression,Local_Baseline,1.0,0.061875395557571045
True,False,Categorical group 'credit' has invalid one-hot encoding sum (1.34),True,False,0.47014170425787505,0.5555777545766905,0.05557775457669045,29,0.6939689033878107,0.15000000000000002,29,"['duration_months', 'credit_amount', 'installment_rate', 'status_checking_account_A11', 'status_checking_account_A12', 'status_checking_account_A13', 'status_checking_account_A14', 'savings_account_A61', 'savings_account_A62', 'savings_account_A63', 'savings_account_A64', 'savings_account_A65', 'other_debtors_guarantors_A101', 'other_debtors_guarantors_A102', 'other_debtors_guarantors_A103', 'property_A121', 'property_A122', 'property_A123', 'property_A124', 'other_installment_plans_A141', 'other_installment_plans_A142', 'other_installment_plans_A143', 'housing_A151', 'housing_A152', 'housing_A153', 'job_A171', 'job_A172', 'job_A173', 'job_A174']",199,LogisticRegression,Local_Baseline,0.0,0.0
True,False,"Feature 'status_checking_account_A12' value -0.13 is out of domain bounds [0.00, 1.00]",True,False,0.18039213658006062,0.5499210177772867,0.04992101777728675,29,3.469806113761845,0.7499999998249388,29,"['duration_months', 'credit_amount', 'installment_rate', 'status_checking_account_A11', 'status_checking_account_A12', 'status_checking_account_A13', 'status_checking_account_A14', 'savings_account_A61', 'savings_account_A62', 'savings_account_A63', 'savings_account_A64', 'savings_account_A65', 'other_debtors_guarantors_A101', 'other_debtors_guarantors_A102', 'other_debtors_guarantors_A103', 'property_A121', 'property_A122', 'property_A123', 'property_A124', 'other_installment_plans_A141', 'other_installment_plans_A142', 'other_installment_plans_A143', 'housing_A151', 'housing_A152', 'housing_A153', 'job_A171', 'job_A172', 'job_A173', 'job_A174']",210,LogisticRegression,Local_Baseline,0.0,0.0
True,False,"Feature 'status_checking_account_A12' value -0.10 is out of domain bounds [0.00, 1.00]",True,False,0.20722239183940902,0.5073708392942934,0.007370839294293385,29,2.7758466482954396,0.5999999999064087,29,"['duration_months', 'credit_amount', 'installment_rate', 'status_checking_account_A11', 'status_checking_account_A12', 'status_checking_account_A13', 'status_checking_account_A14', 'savings_account_A61', 'savings_account_A62', 'savings_account_A63', 'savings_account_A64', 'savings_account_A65', 'other_debtors_guarantors_A101', 'other_debtors_guarantors_A102', 'other_debtors_guarantors_A103', 'property_A121', 'property_A122', 'property_A123', 'property_A124', 'other_installment_plans_A141', 'other_installment_plans_A142', 'other_installment_plans_A143', 'housing_A151', 'housing_A152', 'housing_A153', 'job_A171', 'job_A172', 'job_A173', 'job_A174']",219,LogisticRegression,Local_Baseline,0.0,0.0
True,False,"Feature 'other_debtors_guarantors_A102' value -0.11 is out of domain bounds [0.00, 1.00]",True,False,0.3214848343735792,0.5699066466975835,0.06990664669758351,29,2.081899865225577,0.4499999999864112,29,"['duration_months', 'credit_amount', 'installment_rate', 'status_checking_account_A11', 'status_checking_account_A12', 'status_checking_account_A13', 'status_checking_account_A14', 'savings_account_A61', 'savings_account_A62', 'savings_account_A63', 'savings_account_A64', 'savings_account_A65', 'other_debtors_guarantors_A101', 'other_debtors_guarantors_A102', 'other_debtors_guarantors_A103', 'property_A121', 'property_A122', 'property_A123', 'property_A124', 'other_installment_plans_A141', 'other_installment_plans_A142', 'other_installment_plans_A143', 'housing_A151', 'housing_A152', 'housing_A153', 'job_A171', 'job_A172', 'job_A173', 'job_A174']",222,LogisticRegression,Local_Baseline,0.0,0.0
True,False,"Feature 'status_checking_account_A12' value -0.21 is out of domain bounds [0.00, 1.00]",True,False,0.07496105699032227,0.5571502039447879,0.05715020394478787,29,5.551633407099928,1.1999999991757613,29,"['duration_months', 'credit_amount', 'installment_rate', 'status_checking_account_A11', 'status_checking_account_A12', 'status_checking_account_A13', 'status_checking_account_A14', 'savings_account_A61', 'savings_account_A62', 'savings_account_A63', 'savings_account_A64', 'savings_account_A65', 'other_debtors_guarantors_A101', 'other_debtors_guarantors_A102', 'other_debtors_guarantors_A103', 'property_A121', 'property_A122', 'property_A123', 'property_A124', 'other_installment_plans_A141', 'other_installment_plans_A142', 'other_installment_plans_A143', 'housing_A151', 'housing_A152', 'housing_A153', 'job_A171', 'job_A172', 'job_A173', 'job_A174']",228,LogisticRegression,Local_Baseline,0.0,0.0
True,False,Categorical group 'credit' has invalid one-hot encoding sum (0.34),True,False,0.4909866000271995,0.57609211935216,0.07609211935215998,29,0.6939690442762719,0.14999999999999997,29,"['duration_months', 'credit_amount', 'installment_rate', 'status_checking_account_A11', 'status_checking_account_A12', 'status_checking_account_A13', 'status_checking_account_A14', 'savings_account_A61', 'savings_account_A62', 'savings_account_A63', 'savings_account_A64', 'savings_account_A65', 'other_debtors_guarantors_A101', 'other_debtors_guarantors_A102', 'other_debtors_guarantors_A103', 'property_A121', 'property_A122', 'property_A123', 'property_A124', 'other_installment_plans_A141', 'other_installment_plans_A142', 'other_installment_plans_A143', 'housing_A151', 'housing_A152', 'housing_A153', 'job_A171', 'job_A172', 'job_A173', 'job_A174']",230,LogisticRegression,Local_Baseline,0.0,0.0
True,False,"Feature 'status_checking_account_A12' value -0.21 is out of domain bounds [0.00, 1.00]",True,False,0.0626172184576293,0.5091039674156205,0.009103967415620473,29,5.551614246403148,1.1999999991477035,29,"['duration_months', 'credit_amount', 'installment_rate', 'status_checking_account_A11', 'status_checking_account_A12', 'status_checking_account_A13', 'status_checking_account_A14', 'savings_account_A61', 'savings_account_A62', 'savings_account_A63', 'savings_account_A64', 'savings_account_A65', 'other_debtors_guarantors_A101', 'other_debtors_guarantors_A102', 'other_debtors_guarantors_A103', 'property_A121', 'property_A122', 'property_A123', 'property_A124', 'other_installment_plans_A141', 'other_installment_plans_A142', 'other_installment_plans_A143', 'housing_A151', 'housing_A152', 'housing_A153', 'job_A171', 'job_A172', 'job_A173', 'job_A174']",231,LogisticRegression,Local_Baseline,0.0,0.0
True,False,"Feature 'status_checking_account_A12' value -0.13 is out of domain bounds [0.00, 1.00]",True,False,0.19700913366219092,0.576629270837693,0.076629270837693,29,3.469812356296695,0.7499999998523149,29,"['duration_months', 'credit_amount', 'installment_rate', 'status_checking_account_A11', 'status_checking_account_A12', 'status_checking_account_A13', 'status_checking_account_A14', 'savings_account_A61', 'savings_account_A62', 'savings_account_A63', 'savings_account_A64', 'savings_account_A65', 'other_debtors_guarantors_A101', 'other_debtors_guarantors_A102', 'other_debtors_guarantors_A103', 'property_A121', 'property_A122', 'property_A123', 'property_A124', 'other_installment_plans_A141', 'other_installment_plans_A142', 'other_installment_plans_A143', 'housing_A151', 'housing_A152', 'housing_A153', 'job_A171', 'job_A172', 'job_A173', 'job_A174']",235,LogisticRegression,Local_Baseline,0.0,0.0
True,False,"Feature 'status_checking_account_A12' value -0.10 is out of domain bounds [0.00, 1.00]",True,False,0.20276027242516276,0.5005261485027612,0.0005261485027612256,29,2.7758452236107414,0.599999999902922,29,"['duration_months', 'credit_amount', 'installment_rate', 'status_checking_account_A11', 'status_checking_account_A12', 'status_checking_account_A13', 'status_checking_account_A14', 'savings_account_A61', 'savings_account_A62', 'savings_account_A63', 'savings_account_A64', 'savings_account_A65', 'other_debtors_guarantors_A101', 'other_debtors_guarantors_A102', 'other_debtors_guarantors_A103', 'property_A121', 'property_A122', 'property_A123', 'property_A124', 'other_installment_plans_A141', 'other_installment_plans_A142', 'other_installment_plans_A143', 'housing_A151', 'housing_A152', 'housing_A153', 'job_A171', 'job_A172', 'job_A173', 'job_A174']",237,LogisticRegression,Local_Baseline,0.0,0.0
True,False,"Feature 'status_checking_account_A11' value -0.10 is out of domain bounds [0.00, 1.00]",True,False,0.3945499013523118,0.5639949096636653,0.06399490966366528,29,1.3879361041178269,0.2999999999985289,29,"['duration_months', 'credit_amount', 'installment_rate', 'status_checking_account_A11', 'status_checking_account_A12', 'status_checking_account_A13', 'status_checking_account_A14', 'savings_account_A61', 'savings_account_A62', 'savings_account_A63', 'savings_account_A64', 'savings_account_A65', 'other_debtors_guarantors_A101', 'other_debtors_guarantors_A102', 'other_debtors_guarantors_A103', 'property_A121', 'property_A122', 'property_A123', 'property_A124', 'other_installment_plans_A141', 'other_installment_plans_A142', 'other_installment_plans_A143', 'housing_A151', 'housing_A152', 'housing_A153', 'job_A171', 'job_A172', 'job_A173', 'job_A174']",241,LogisticRegression,Local_Baseline,0.0,0.0
True,False,"Feature 'other_debtors_guarantors_A102' value -0.11 is out of domain bounds [0.00, 1.00]",True,False,0.2672986110592602,0.5050135654399299,0.005013565439929923,29,2.081892166572715,0.44999999997015183,29,"['duration_months', 'credit_amount', 'installment_rate', 'status_checking_account_A11', 'status_checking_account_A12', 'status_checking_account_A13', 'status_checking_account_A14', 'savings_account_A61', 'savings_account_A62', 'savings_account_A63', 'savings_account_A64', 'savings_account_A65', 'other_debtors_guarantors_A101', 'other_debtors_guarantors_A102', 'other_debtors_guarantors_A103', 'property_A121', 'property_A122', 'property_A123', 'property_A124', 'other_installment_plans_A141', 'other_installment_plans_A142', 'other_installment_plans_A143', 'housing_A151', 'housing_A152', 'housing_A153', 'job_A171', 'job_A172', 'job_A173', 'job_A174']",249,LogisticRegression,Local_Baseline,0.0,0.0
True,False,Categorical group 'other_debtors_guarantors' has invalid one-hot encoding sum (2.10),True,False,0.22222518856468518,0.5009487684204655,0.00094876842046554,2,2.1,1.4866068747318506,2,"['other_debtors_guarantors_A103', 'property_A121']",3,LogisticRegression,DiCE,0.0,0.0
True,False,Categorical group 'job' has invalid one-hot encoding sum (2.00),True,False,0.2738481678805767,0.5112736886057332,0.01127368860573319,4,3.986117708003296,2.2338792417771707,4,"['duration_months', 'savings_account_A61', 'savings_account_A63', 'job_A172']",8,LogisticRegression,DiCE,0.0,0.0
True,False,Categorical group 'property' has invalid one-hot encoding sum (1.70),True,False,0.44196665698510124,0.5003021395536797,0.00030213955367974776,1,0.7,0.7,1,['property_A121'],11,LogisticRegression,DiCE,0.0,0.0
True,False,Categorical group 'property' has invalid one-hot encoding sum (2.00),True,False,0.23360406082080987,0.5262268951541333,0.026226895154133345,3,2.9000000000000004,1.6881943016134133,3,"['status_checking_account_A13', 'status_checking_account_A14', 'property_A123']",15,LogisticRegression,DiCE,0.0,0.0
True,False,Categorical group 'job' has invalid one-hot encoding sum (2.70),True,False,0.20252606231028328,0.5002791943359309,0.00027919433593093235,5,3.3,1.5652475842498528,5,"['status_checking_account_A14', 'savings_account_A61', 'job_A172', 'job_A173', 'job_A174']",22,LogisticRegression,DiCE,0.0,0.0
True,False,Categorical group 'purpose' has invalid one-hot encoding sum (1.29),True,False,0.22222518856468518,0.504844869854683,0.0048448698546830204,30,2.179216168169541,0.5238439270887941,30,"['duration_months', 'credit_amount', 'installment_rate', 'number_existing_credits', 'status_checking_account_A12', 'status_checking_account_A13', 'status_checking_account_A14', 'purpose_A41', 'purpose_A42', 'purpose_A43', 'purpose_A44', 'purpose_A46', 'purpose_A48', 'purpose_A49', 'savings_account_A63', 'savings_account_A65', 'present_employment_since_A72', 'present_employment_since_A74', 'other_debtors_guarantors_A101', 'other_debtors_guarantors_A103', 'property_A121', 'property_A123', 'other_installment_plans_A141', 'other_installment_plans_A143', 'housing_A151', 'housing_A152', 'housing_A153', 'job_A172', 'job_A173', 'job_A174']",3,LogisticRegression,Constraint_Aware_VLoan,0.0,0.0
True,False,Categorical group 'purpose' has invalid one-hot encoding sum (1.35),True,False,0.2738481678805767,0.5186476335128318,0.01864763351283183,26,1.7524561519601034,0.4389564919104565,26,"['duration_months', 'credit_amount', 'installment_rate', 'number_existing_credits', 'status_checking_account_A12', 'status_checking_account_A13', 'status_checking_account_A14', 'purpose_A41', 'purpose_A42', 'purpose_A44', 'purpose_A48', 'purpose_A49', 'savings_account_A61', 'savings_account_A63', 'savings_account_A64', 'savings_account_A65', 'present_employment_since_A72', 'present_employment_since_A74', 'other_debtors_guarantors_A101', 'other_debtors_guarantors_A103', 'property_A121', 'property_A122', 'property_A123', 'property_A124', 'housing_A153', 'job_A172']",8,LogisticRegression,Constraint_Aware_VLoan,0.0,0.0
True,True,,True,True,0.44196665698510124,0.5143256319929319,0.014325631992931909,26,0.4631396958978016,0.12058757891113685,26,"['duration_months', 'credit_amount', 'installment_rate', 'number_existing_credits', 'status_checking_account_A11', 'status_checking_account_A13', 'status_checking_account_A14', 'purpose_A41', 'purpose_A42', 'purpose_A44', 'purpose_A48', 'purpose_A49', 'savings_account_A61', 'savings_account_A63', 'savings_account_A64', 'savings_account_A65', 'present_employment_since_A73', 'present_employment_since_A74', 'other_debtors_guarantors_A101', 'other_debtors_guarantors_A103', 'property_A121', 'property_A122', 'housing_A153', 'job_A172', 'job_A173', 'job_A174']",11,LogisticRegression,Constraint_Aware_VLoan,1.0,0.014552596485905012
True,False,Categorical group 'purpose' has invalid one-hot encoding sum (1.38),True,False,0.23360406082080987,0.5073101900861501,0.007310190086150081,28,1.9545869151574276,0.49369884180448276,28,"['duration_months', 'credit_amount', 'installment_rate', 'number_existing_credits', 'status_checking_account_A11', 'status_checking_account_A13', 'status_checking_account_A14', 'purpose_A41', 'purpose_A42', 'purpose_A44', 'purpose_A48', 'purpose_A49', 'savings_account_A61', 'savings_account_A63', 'savings_account_A64', 'savings_account_A65', 'present_employment_since_A73', 'present_employment_since_A74', 'other_debtors_guarantors_A101', 'other_debtors_guarantors_A103', 'property_A121', 'property_A122', 'property_A123', 'property_A124', 'housing_A152', 'job_A172', 'job_A173', 'job_A174']",15,LogisticRegression,Constraint_Aware_VLoan,0.0,0.0
True,False,Categorical group 'purpose' has invalid one-hot encoding sum (1.35),True,False,0.20252606231028328,0.5120481870053609,0.012048187005360922,30,2.46104852396128,0.5756966689121512,30,"['duration_months', 'credit_amount', 'installment_rate', 'number_existing_credits', 'status_checking_account_A12', 'status_checking_account_A13', 'status_checking_account_A14', 'purpose_A40', 'purpose_A41', 'purpose_A42', 'purpose_A43', 'purpose_A44', 'purpose_A48', 'purpose_A49', 'savings_account_A61', 'savings_account_A63', 'savings_account_A64', 'savings_account_A65', 'present_employment_since_A72', 'present_employment_since_A74', 'other_debtors_guarantors_A101', 'other_debtors_guarantors_A103', 'property_A122', 'property_A123', 'housing_A151', 'housing_A152', 'housing_A153', 'job_A171', 'job_A172', 'job_A174']",22,LogisticRegression,Constraint_Aware_VLoan,0.0,0.0
True,False,Categorical group 'purpose' has invalid one-hot encoding sum (1.19),True,False,0.37119750628337456,0.5052749593288578,0.005274959328857798,27,0.943872682086372,0.23426480729200583,27,"['duration_months', 'credit_amount', 'number_existing_credits', 'status_checking_account_A12', 'status_checking_account_A13', 'status_checking_account_A14', 'purpose_A41', 'purpose_A42', 'purpose_A44', 'purpose_A48', 'purpose_A49', 'savings_account_A64', 'savings_account_A65', 'present_employment_since_A71', 'present_employment_since_A74', 'other_debtors_guarantors_A101', 'other_debtors_guarantors_A103', 'property_A121', 'property_A122', 'property_A123', 'property_A124', 'housing_A151', 'housing_A152', 'housing_A153', 'job_A171', 'job_A172', 'job_A174']",24,LogisticRegression,Constraint_Aware_VLoan,0.0,0.0
True,False,Categorical group 'purpose' has invalid one-hot encoding sum (1.45),True,False,0.14900327453476078,0.519782979703616,0.019782979703615977,30,3.128697668030518,0.7396682722108173,30,"['duration_months', 'credit_amount', 'installment_rate', 'number_existing_credits', 'status_checking_account_A12', 'status_checking_account_A13', 'status_checking_account_A14', 'purpose_A40', 'purpose_A41', 'purpose_A42', 'purpose_A43', 'purpose_A44', 'purpose_A48', 'purpose_A49', 'savings_account_A61', 'savings_account_A63', 'savings_account_A64', 'savings_account_A65', 'present_employment_since_A73', 'present_employment_since_A74', 'other_debtors_guarantors_A101', 'other_debtors_guarantors_A103', 'property_A121', 'property_A123', 'housing_A151', 'housing_A152', 'housing_A153', 'job_A172', 'job_A173', 'job_A174']",25,LogisticRegression,Constraint_Aware_VLoan,0.0,0.0
True,False,Categorical group 'purpose' has invalid one-hot encoding sum (1.34),True,False,0.29489059674601625,0.5139275135930339,0.013927513593033902,30,1.63593566990333,0.3933870677303593,30,"['duration_months', 'credit_amount', 'installment_rate', 'number_existing_credits', 'status_checking_account_A12', 'status_checking_account_A13', 'status_checking_account_A14', 'purpose_A41', 'purpose_A410', 'purpose_A42', 'purpose_A43', 'purpose_A44', 'purpose_A48', 'purpose_A49', 'savings_account_A63', 'savings_account_A64', 'present_employment_since_A71', 'present_employment_since_A74', 'other_debtors_guarantors_A101', 'other_debtors_guarantors_A103', 'property_A121', 'property_A122', 'property_A123', 'property_A124', 'other_installment_plans_A141', 'other_installment_plans_A143', 'housing_A152', 'job_A171', 'job_A172', 'job_A174']",27,LogisticRegression,Constraint_Aware_VLoan,0.0,0.0
True,False,Categorical group 'purpose' has invalid one-hot encoding sum (1.30),True,False,0.29154707136919095,0.5057579895802872,0.0057579895802871706,28,1.502831286628066,0.3698536022262725,28,"['duration_months', 'credit_amount', 'installment_rate', 'number_existing_credits', 'status_checking_account_A11', 'status_checking_account_A13', 'status_checking_account_A14', 'purpose_A41', 'purpose_A42', 'purpose_A43', 'purpose_A44', 'purpose_A48', 'savings_account_A61', 'savings_account_A63', 'savings_account_A64', 'savings_account_A65', 'present_employment_since_A73', 'present_employment_since_A74', 'other_debtors_guarantors_A101', 'other_debtors_guarantors_A103', 'property_A121', 'property_A123', 'housing_A151', 'housing_A152', 'housing_A153', 'job_A172', 'job_A173', 'job_A174']",37,LogisticRegression,Constraint_Aware_VLoan,0.0,0.0
True,False,Categorical group 'purpose' has invalid one-hot encoding sum (1.56),True,False,0.14138989166030422,0.5212835120197039,0.02128351201970391,28,3.08428246611281,0.7320000435000745,28,"['duration_months', 'credit_amount', 'installment_rate', 'number_existing_credits', 'status_checking_account_A11', 'status_checking_account_A13', 'status_checking_account_A14', 'purpose_A41', 'purpose_A43', 'purpose_A44', 'purpose_A48', 'purpose_A49', 'savings_account_A61', 'savings_account_A63', 'savings_account_A64', 'savings_account_A65', 'present_employment_since_A72', 'present_employment_since_A74', 'other_debtors_guarantors_A102', 'other_debtors_guarantors_A103', 'property_A121', 'property_A122', 'property_A123', 'property_A124', 'housing_A151', 'housing_A152', 'housing_A153', 'job_A174']",39,LogisticRegression,Constraint_Aware_VLoan,0.0,0.0
True,False,Categorical group 'purpose' has invalid one-hot encoding sum (1.25),True,False,0.2710380531625619,0.5053960283274616,0.005396028327461555,30,1.7388127977624404,0.4107097861374778,30,"['duration_months', 'credit_amount', 'installment_rate', 'number_existing_credits', 'status_checking_account_A12', 'status_checking_account_A13', 'status_checking_account_A14', 'purpose_A40', 'purpose_A41', 'purpose_A42', 'purpose_A43', 'purpose_A44', 'purpose_A48', 'purpose_A49', 'savings_account_A61', 'savings_account_A63', 'savings_account_A64', 'savings_account_A65', 'present_employment_since_A72', 'present_employment_since_A74', 'other_debtors_guarantors_A101', 'other_debtors_guarantors_A103', 'property_A121', 'property_A122', 'housing_A151', 'housing_A152', 'housing_A153', 'job_A172', 'job_A173', 'job_A174']",44,LogisticRegression,Constraint_Aware_VLoan,0.0,0.0
True,False,Categorical group 'purpose' has invalid one-hot encoding sum (1.22),True,False,0.28938233832913024,0.5122397037627638,0.012239703762763843,26,1.498070350129652,0.3771786298322966,26,"['duration_months', 'credit_amount', 'installment_rate', 'number_existing_credits', 'status_checking_account_A11', 'status_checking_account_A13', 'status_checking_account_A14', 'purpose_A40', 'purpose_A41', 'purpose_A42', 'purpose_A43', 'purpose_A44', 'purpose_A48', 'purpose_A49', 'savings_account_A61', 'savings_account_A63', 'savings_account_A64', 'savings_account_A65', 'other_debtors_guarantors_A101', 'other_debtors_guarantors_A103', 'property_A121', 'property_A122', 'property_A123', 'property_A124', 'housing_A152', 'job_A174']",47,LogisticRegression,Constraint_Aware_VLoan,0.0,0.0
True,False,Categorical group 'purpose' has invalid one-hot encoding sum (1.16),True,False,0.3856816477431967,0.5086917815313658,0.00869178153136585,25,0.7992315627621325,0.20429423306522293,25,"['duration_months', 'installment_rate', 'number_existing_credits', 'status_checking_account_A11', 'status_checking_account_A13', 'status_checking_account_A14', 'purpose_A41', 'purpose_A42', 'purpose_A43', 'purpose_A44', 'purpose_A49', 'savings_account_A61', 'savings_account_A63', 'savings_account_A64', 'savings_account_A65', 'present_employment_since_A74', 'present_employment_since_A75', 'other_debtors_guarantors_A101', 'other_debtors_guarantors_A103', 'property_A121', 'property_A122', 'other_installment_plans_A141', 'other_installment_plans_A143', 'housing_A153', 'job_A174']",48,LogisticRegression,Constraint_Aware_VLoan,0.0,0.0
True,False,Categorical group 'purpose' has invalid one-hot encoding sum (1.27),True,False,0.23545919268952292,0.5002740636964057,0.00027406369640570194,29,1.9219547869436773,0.4651506930346819,29,"['duration_months', 'credit_amount', 'number_existing_credits', 'status_checking_account_A11', 'status_checking_account_A13', 'status_checking_account_A14', 'purpose_A40', 'purpose_A41', 'purpose_A42', 'purpose_A43', 'purpose_A44', 'purpose_A48', 'purpose_A49', 'savings_account_A61', 'savings_account_A63', 'savings_account_A64', 'savings_account_A65', 'present_employment_since_A71', 'present_employment_since_A74', 'other_debtors_guarantors_A101', 'other_debtors_guarantors_A103', 'property_A121', 'property_A122', 'housing_A151', 'housing_A152', 'housing_A153', 'job_A172', 'job_A173', 'job_A174']",53,LogisticRegression,Constraint_Aware_VLoan,0.0,0.0
True,False,Categorical group 'purpose' has invalid one-hot encoding sum (1.32),True,False,0.2070766090886249,0.501194079447119,0.001194079447119023,28,2.1892138585438827,0.5406213951086668,28,"['duration_months', 'credit_amount', 'installment_rate', 'number_existing_credits', 'status_checking_account_A11', 'status_checking_account_A13', 'status_checking_account_A14', 'purpose_A40', 'purpose_A41', 'purpose_A42', 'purpose_A43', 'purpose_A44', 'purpose_A48', 'purpose_A49', 'savings_account_A61', 'savings_account_A63', 'savings_account_A64', 'savings_account_A65', 'other_debtors_guarantors_A101', 'other_debtors_guarantors_A103', 'property_A121', 'property_A122', 'housing_A151', 'housing_A152', 'housing_A153', 'job_A172', 'job_A173', 'job_A174']",55,LogisticRegression,Constraint_Aware_VLoan,0.0,0.0
True,False,Categorical group 'credit' has invalid one-hot encoding sum (0.41),True,False,0.457911954411526,0.506384986268614,0.006384986268613946,26,0.3124337805605663,0.08052124670544661,26,"['duration_months', 'credit_amount', 'installment_rate', 'number_existing_credits', 'status_checking_account_A11', 'status_checking_account_A13', 'status_checking_account_A14', 'purpose_A41', 'purpose_A42', 'purpose_A44', 'purpose_A48', 'purpose_A49', 'savings_account_A61', 'savings_account_A63', 'savings_account_A64', 'savings_account_A65', 'present_employment_since_A74', 'present_employment_since_A75', 'other_debtors_guarantors_A101', 'other_debtors_guarantors_A103', 'property_A121', 'property_A122', 'housing_A153', 'job_A172', 'job_A173', 'job_A174']",56,LogisticRegression,Constraint_Aware_VLoan,0.0,0.0
True,False,Categorical group 'purpose' has invalid one-hot encoding sum (1.40),True,False,0.14307560142423226,0.5057275336692274,0.005727533669227403,30,3.0876232217068336,0.7378941755448428,30,"['duration_months', 'credit_amount', 'installment_rate', 'number_existing_credits', 'status_checking_account_A12', 'status_checking_account_A13', 'status_checking_account_A14', 'purpose_A41', 'purpose_A42', 'purpose_A43', 'purpose_A44', 'purpose_A46', 'purpose_A48', 'purpose_A49', 'savings_account_A62', 'savings_account_A63', 'savings_account_A64', 'savings_account_A65', 'other_debtors_guarantors_A101', 'other_debtors_guarantors_A103', 'property_A121', 'property_A122', 'property_A123', 'property_A124', 'housing_A151', 'housing_A152', 'housing_A153', 'job_A172', 'job_A173', 'job_A174']",61,LogisticRegression,Constraint_Aware_VLoan,0.0,0.0
True,False,Categorical group 'credit' has invalid one-hot encoding sum (2.23),True,False,0.4829950811374024,0.5044343936168291,0.004434393616829069,26,0.14253187915732002,0.037832835511089576,26,"['duration_months', 'credit_amount', 'installment_rate', 'number_existing_credits', 'status_checking_account_A12', 'status_checking_account_A13', 'status_checking_account_A14', 'purpose_A41', 'purpose_A42', 'purpose_A43', 'purpose_A44', 'purpose_A48', 'savings_account_A63', 'savings_account_A64', 'present_employment_since_A73', 'present_employment_since_A74', 'other_debtors_guarantors_A101', 'other_debtors_guarantors_A103', 'property_A121', 'property_A122', 'property_A123', 'property_A124', 'housing_A152', 'job_A172', 'job_A173', 'job_A174']",62,LogisticRegression,Constraint_Aware_VLoan,0.0,0.0
True,False,Categorical group 'purpose' has invalid one-hot encoding sum (1.20),True,False,0.37904516747177575,0.5231454195871916,0.02314541958719163,26,0.9445085849053918,0.24226186575153197,26,"['duration_months', 'credit_amount', 'installment_rate', 'number_existing_credits', 'status_checking_account_A11', 'status_checking_account_A13', 'status_checking_account_A14', 'purpose_A41', 'purpose_A43', 'purpose_A44', 'purpose_A48', 'purpose_A49', 'savings_account_A61', 'savings_account_A63', 'savings_account_A64', 'savings_account_A65', 'present_employment_since_A74', 'present_employment_since_A75', 'other_debtors_guarantors_A101', 'other_debtors_guarantors_A103', 'property_A121', 'property_A122', 'housing_A153', 'job_A172', 'job_A173', 'job_A174']",65,LogisticRegression,Constraint_Aware_VLoan,0.0,0.0
True,False,Categorical group 'purpose' has invalid one-hot encoding sum (1.36),True,False,0.2573680992271153,0.5105562895063438,0.010556289506343797,27,1.8041221129255436,0.44971990406490453,27,"['duration_months', 'credit_amount', 'number_existing_credits', 'status_checking_account_A11', 'status_checking_account_A13', 'status_checking_account_A14', 'purpose_A41', 'purpose_A43', 'purpose_A44', 'purpose_A48', 'purpose_A49', 'savings_account_A61', 'savings_account_A63', 'savings_account_A64', 'savings_account_A65', 'present_employment_since_A72', 'present_employment_since_A74', 'other_debtors_guarantors_A101', 'other_debtors_guarantors_A103', 'property_A121', 'property_A123', 'housing_A151', 'housing_A152', 'housing_A153', 'job_A172', 'job_A173', 'job_A174']",69,LogisticRegression,Constraint_Aware_VLoan,0.0,0.0
True,False,Categorical group 'purpose' has invalid one-hot encoding sum (1.49),True,False,0.09472515118319923,0.5240823574864492,0.024082357486449157,30,3.887572437507676,0.9295170821127215,30,"['duration_months', 'credit_amount', 'installment_rate', 'number_existing_credits', 'status_checking_account_A12', 'status_checking_account_A13', 'status_checking_account_A14', 'purpose_A41', 'purpose_A42', 'purpose_A43', 'purpose_A44', 'purpose_A46', 'purpose_A48', 'purpose_A49', 'savings_account_A61', 'savings_account_A63', 'savings_account_A64', 'savings_account_A65', 'present_employment_since_A74', 'present_employment_since_A75', 'other_debtors_guarantors_A101', 'other_debtors_guarantors_A103', 'property_A121', 'property_A122', 'property_A123', 'property_A124', 'housing_A152', 'job_A172', 'job_A173', 'job_A174']",71,LogisticRegression,Constraint_Aware_VLoan,0.0,0.0
True,False,Categorical group 'credit' has invalid one-hot encoding sum (0.32),True,False,0.4908573826286199,0.5168752275280198,0.016875227528019843,26,0.16517401928753694,0.041676942720841936,26,"['duration_months', 'credit_amount', 'installment_rate', 'number_existing_credits', 'status_checking_account_A11', 'status_checking_account_A13', 'status_checking_account_A14', 'purpose_A40', 'purpose_A41', 'purpose_A42', 'purpose_A43', 'purpose_A44', 'purpose_A48', 'purpose_A49', 'savings_account_A61', 'savings_account_A63', 'savings_account_A64', 'savings_account_A65', 'present_employment_since_A73', 'present_employment_since_A74', 'other_debtors_guarantors_A101', 'other_debtors_guarantors_A103', 'property_A122', 'property_A123', 'housing_A153', 'job_A174']",74,LogisticRegression,Constraint_Aware_VLoan,0.0,0.0
True,False,Categorical group 'purpose' has invalid one-hot encoding sum (1.17),True,False,0.4115615760052509,0.5168919119638811,0.016891911963881068,24,0.7025890597064753,0.188321683279851,24,"['duration_months', 'credit_amount', 'installment_rate', 'number_existing_credits', 'status_checking_account_A12', 'status_checking_account_A13', 'status_checking_account_A14', 'purpose_A41', 'purpose_A42', 'purpose_A43', 'purpose_A44', 'purpose_A48', 'savings_account_A63', 'savings_account_A64', 'present_employment_since_A73', 'present_employment_since_A74', 'other_debtors_guarantors_A101', 'other_debtors_guarantors_A103', 'property_A121', 'property_A122', 'other_installment_plans_A141', 'other_installment_plans_A143', 'housing_A153', 'job_A172']",91,LogisticRegression,Constraint_Aware_VLoan,0.0,0.0
True,False,Categorical group 'credit' has invalid one-hot encoding sum (0.45),True,False,0.4624604391765249,0.5148944393367771,0.014894439336777143,28,0.341706392693364,0.08372037688418367,28,"['duration_months', 'credit_amount', 'installment_rate', 'number_existing_credits', 'status_checking_account_A11', 'status_checking_account_A13', 'status_checking_account_A14', 'purpose_A40', 'purpose_A41', 'purpose_A42', 'purpose_A43', 'purpose_A44', 'purpose_A48', 'purpose_A49', 'savings_account_A61', 'savings_account_A63', 'savings_account_A64', 'savings_account_A65', 'present_employment_since_A72', 'present_employment_since_A74', 'other_debtors_guarantors_A101', 'other_debtors_guarantors_A103', 'property_A122', 'property_A123', 'housing_A153', 'job_A172', 'job_A173', 'job_A174']",94,LogisticRegression,Constraint_Aware_VLoan,0.0,0.0
True,False,Categorical group 'purpose' has invalid one-hot encoding sum (1.16),True,False,0.40306048899609015,0.5132103877006821,0.013210387700682058,26,0.7393942049637656,0.19280409899071888,26,"['duration_months', 'credit_amount', 'installment_rate', 'number_existing_credits', 'status_checking_account_A12', 'status_checking_account_A13', 'status_checking_account_A14', 'purpose_A41', 'purpose_A42', 'purpose_A44', 'purpose_A48', 'purpose_A49', 'savings_account_A61', 'savings_account_A63', 'savings_account_A64', 'savings_account_A65', 'present_employment_since_A73', 'present_employment_since_A74', 'other_debtors_guarantors_A101', 'other_debtors_guarantors_A103', 'property_A121', 'property_A122', 'housing_A153', 'job_A172', 'job_A173', 'job_A174']",104,LogisticRegression,Constraint_Aware_VLoan,0.0,0.0
True,False,Categorical group 'purpose' has invalid one-hot encoding sum (1.32),True,False,0.23066171259207405,0.5122840159889263,0.012284015988926256,30,2.1716800597706305,0.5214868854457304,30,"['duration_months', 'credit_amount', 'installment_rate', 'number_existing_credits', 'status_checking_account_A12', 'status_checking_account_A13', 'status_checking_account_A14', 'purpose_A40', 'purpose_A41', 'purpose_A42', 'purpose_A43', 'purpose_A44', 'purpose_A48', 'purpose_A49', 'savings_account_A62', 'savings_account_A63', 'savings_account_A64', 'savings_account_A65', 'present_employment_since_A74', 'present_employment_since_A75', 'other_debtors_guarantors_A101', 'other_debtors_guarantors_A103', 'property_A121', 'property_A122', 'property_A123', 'property_A124', 'housing_A152', 'job_A172', 'job_A173', 'job_A174']",108,LogisticRegression,Constraint_Aware_VLoan,0.0,0.0
True,False,Categorical group 'credit' has invalid one-hot encoding sum (2.06),True,False,0.40946470492106657,0.503026380313203,0.0030263803132030143,26,0.6282974795829297,0.15889388791806228,26,"['duration_months', 'credit_amount', 'installment_rate', 'number_existing_credits', 'status_checking_account_A12', 'status_checking_account_A13', 'status_checking_account_A14', 'purpose_A40', 'purpose_A41', 'purpose_A42', 'purpose_A43', 'purpose_A44', 'purpose_A48', 'purpose_A49', 'savings_account_A61', 'savings_account_A63', 'savings_account_A64', 'savings_account_A65', 'other_debtors_guarantors_A101', 'other_debtors_guarantors_A103', 'property_A122', 'property_A123', 'housing_A151', 'housing_A152', 'housing_A153', 'job_A174']",110,LogisticRegression,Constraint_Aware_VLoan,0.0,0.0
True,False,Categorical group 'purpose' has invalid one-hot encoding sum (1.30),True,False,0.22061998085299445,0.5146827813987801,0.014682781398780098,30,2.142044949074052,0.5142583371166759,30,"['duration_months', 'credit_amount', 'installment_rate', 'number_existing_credits', 'status_checking_account_A11', 'status_checking_account_A13', 'status_checking_account_A14', 'purpose_A40', 'purpose_A41', 'purpose_A42', 'purpose_A43', 'purpose_A44', 'purpose_A48', 'purpose_A49', 'savings_account_A61', 'savings_account_A63', 'savings_account_A64', 'savings_account_A65', 'present_employment_since_A73', 'present_employment_since_A74', 'other_debtors_guarantors_A101', 'other_debtors_guarantors_A103', 'property_A121', 'property_A122', 'property_A123', 'property_A124', 'housing_A152', 'job_A172', 'job_A173', 'job_A174']",111,LogisticRegression,Constraint_Aware_VLoan,0.0,0.0
True,False,Categorical group 'purpose' has invalid one-hot encoding sum (1.29),True,False,0.28949265592685075,0.5031642445844419,0.0031642445844418665,28,1.509633472256058,0.36977066631720396,28,"['duration_months', 'credit_amount', 'installment_rate', 'number_existing_credits', 'status_checking_account_A11', 'status_checking_account_A13', 'status_checking_account_A14', 'purpose_A41', 'purpose_A43', 'purpose_A44', 'purpose_A48', 'purpose_A49', 'savings_account_A61', 'savings_account_A63', 'savings_account_A64', 'savings_account_A65', 'present_employment_since_A74', 'present_employment_since_A75', 'other_debtors_guarantors_A101', 'other_debtors_guarantors_A103', 'property_A121', 'property_A123', 'housing_A151', 'housing_A152', 'housing_A153', 'job_A172', 'job_A173', 'job_A174']",121,LogisticRegression,Constraint_Aware_VLoan,0.0,0.0
True,False,Categorical group 'credit' has invalid one-hot encoding sum (0.72),True,False,0.43225860599389077,0.5030589574116736,0.003058957411673613,26,0.4646126883949029,0.11941457445820736,26,"['duration_months', 'credit_amount', 'installment_rate', 'number_existing_credits', 'status_checking_account_A11', 'status_checking_account_A13', 'status_checking_account_A14', 'purpose_A41', 'purpose_A43', 'purpose_A44', 'purpose_A48', 'purpose_A49', 'savings_account_A64', 'savings_account_A65', 'present_employment_since_A73', 'present_employment_since_A74', 'other_debtors_guarantors_A101', 'other_debtors_guarantors_A103', 'property_A122', 'property_A123', 'other_installment_plans_A142', 'other_installment_plans_A143', 'housing_A153', 'job_A172', 'job_A173', 'job_A174']",128,LogisticRegression,Constraint_Aware_VLoan,0.0,0.0
True,False,Categorical group 'purpose' has invalid one-hot encoding sum (1.23),True,False,0.3304458424957981,0.5045998619322787,0.0045998619322786816,28,1.1866843061255916,0.290909949716179,28,"['duration_months', 'credit_amount', 'installment_rate', 'number_existing_credits', 'status_checking_account_A11', 'status_checking_account_A13', 'status_checking_account_A14', 'purpose_A41', 'purpose_A43', 'purpose_A44', 'purpose_A48', 'purpose_A49', 'savings_account_A61', 'savings_account_A63', 'savings_account_A64', 'savings_account_A65', 'present_employment_since_A73', 'present_employment_since_A74', 'other_debtors_guarantors_A101', 'other_debtors_guarantors_A103', 'property_A121', 'property_A122', 'other_installment_plans_A142', 'other_installment_plans_A143', 'housing_A153', 'job_A172', 'job_A173', 'job_A174']",131,LogisticRegression,Constraint_Aware_VLoan,0.0,0.0
True,False,Categorical group 'purpose' has invalid one-hot encoding sum (1.26),True,False,0.23621379027065542,0.5040034446308956,0.004003444630895636,29,1.9607404514585811,0.48803895210116355,29,"['duration_months', 'credit_amount', 'number_existing_credits', 'status_checking_account_A12', 'status_checking_account_A13', 'status_checking_account_A14', 'purpose_A41', 'purpose_A42', 'purpose_A43', 'purpose_A44', 'purpose_A46', 'purpose_A48', 'purpose_A49', 'savings_account_A62', 'savings_account_A63', 'savings_account_A64', 'savings_account_A65', 'present_employment_since_A73', 'present_employment_since_A74', 'other_debtors_guarantors_A101', 'other_debtors_guarantors_A103', 'property_A121', 'property_A122', 'property_A123', 'property_A124', 'housing_A152', 'job_A172', 'job_A173', 'job_A174']",135,LogisticRegression,Constraint_Aware_VLoan,0.0,0.0
True,False,Categorical group 'purpose' has invalid one-hot encoding sum (1.28),True,False,0.2871936210925446,0.5199663531059467,0.019966353105946744,28,1.592720715642109,0.3853732255932886,28,"['duration_months', 'credit_amount', 'installment_rate', 'number_existing_credits', 'status_checking_account_A11', 'status_checking_account_A13', 'status_checking_account_A14', 'purpose_A41', 'purpose_A42', 'purpose_A44', 'purpose_A48', 'purpose_A49', 'savings_account_A61', 'savings_account_A63', 'savings_account_A64', 'savings_account_A65', 'present_employment_since_A72', 'present_employment_since_A74', 'other_debtors_guarantors_A102', 'other_debtors_guarantors_A103', 'property_A121', 'property_A122', 'property_A123', 'property_A124', 'other_installment_plans_A141', 'other_installment_plans_A143', 'housing_A152', 'job_A172']",139,LogisticRegression,Constraint_Aware_VLoan,0.0,0.0
True,False,Categorical group 'credit' has invalid one-hot encoding sum (0.71),True,False,0.4664755963852239,0.5146180687476392,0.014618068747639157,26,0.31046228060911474,0.08020877375741145,26,"['duration_months', 'credit_amount', 'installment_rate', 'number_existing_credits', 'status_checking_account_A11', 'status_checking_account_A13', 'status_checking_account_A14', 'purpose_A41', 'purpose_A42', 'purpose_A44', 'purpose_A48', 'purpose_A49', 'savings_account_A61', 'savings_account_A63', 'savings_account_A64', 'savings_account_A65', 'present_employment_since_A72', 'present_employment_since_A74', 'other_debtors_guarantors_A101', 'other_debtors_guarantors_A103', 'property_A122', 'property_A123', 'housing_A153', 'job_A172', 'job_A173', 'job_A174']",140,LogisticRegression,Constraint_Aware_VLoan,0.0,0.0
True,False,Categorical group 'purpose' has invalid one-hot encoding sum (1.75),True,False,0.12627544285498446,0.5149829664051351,0.014982966405135079,28,3.5173180405575013,0.8359347657811268,28,"['duration_months', 'credit_amount', 'installment_rate', 'number_existing_credits', 'status_checking_account_A12', 'status_checking_account_A13', 'status_checking_account_A14', 'purpose_A41', 'purpose_A42', 'purpose_A43', 'purpose_A48', 'purpose_A49', 'savings_account_A63', 'savings_account_A64', 'present_employment_since_A72', 'present_employment_since_A74', 'other_debtors_guarantors_A101', 'other_debtors_guarantors_A103', 'property_A121', 'property_A122', 'property_A123', 'property_A124', 'other_installment_plans_A141', 'other_installment_plans_A143', 'housing_A153', 'job_A171', 'job_A172', 'job_A174']",144,LogisticRegression,Constraint_Aware_VLoan,0.0,0.0
True,False,Categorical group 'purpose' has invalid one-hot encoding sum (1.22),True,False,0.3108027643778063,0.5239191131264926,0.02391911312649264,28,1.5214044255230728,0.36601795738400605,28,"['duration_months', 'credit_amount', 'installment_rate', 'number_existing_credits', 'status_checking_account_A12', 'status_checking_account_A13', 'status_checking_account_A14', 'purpose_A40', 'purpose_A41', 'purpose_A42', 'purpose_A43', 'purpose_A44', 'purpose_A48', 'purpose_A49', 'savings_account_A61', 'savings_account_A63', 'savings_account_A64', 'savings_account_A65', 'present_employment_since_A72', 'present_employment_since_A74', 'other_debtors_guarantors_A101', 'other_debtors_guarantors_A103', 'property_A121', 'property_A123', 'housing_A153', 'job_A172', 'job_A173', 'job_A174']",147,LogisticRegression,Constraint_Aware_VLoan,0.0,0.0
True,False,Categorical group 'other_installment_plans' has invalid one-hot encoding sum (1.18),True,False,0.05015856224465626,0.5091914748403833,0.009191474840383296,30,5.252845693162828,1.2609685443586742,30,"['duration_months', 'credit_amount', 'installment_rate', 'number_existing_credits', 'status_checking_account_A12', 'status_checking_account_A13', 'status_checking_account_A14', 'purpose_A41', 'purpose_A410', 'purpose_A42', 'purpose_A43', 'purpose_A44', 'purpose_A48', 'purpose_A49', 'savings_account_A62', 'savings_account_A63', 'savings_account_A64', 'savings_account_A65', 'present_employment_since_A74', 'present_employment_since_A75', 'other_debtors_guarantors_A101', 'other_debtors_guarantors_A103', 'property_A121', 'property_A122', 'property_A123', 'property_A124', 'other_installment_plans_A141', 'other_installment_plans_A143', 'housing_A152', 'job_A172']",151,LogisticRegression,Constraint_Aware_VLoan,0.0,0.0
True,False,Categorical group 'purpose' has invalid one-hot encoding sum (1.37),True,False,0.17084179200718094,0.5008601523822812,0.0008601523822812096,28,2.5398900344511013,0.6294677646844451,28,"['duration_months', 'credit_amount', 'installment_rate', 'number_existing_credits', 'status_checking_account_A11', 'status_checking_account_A13', 'status_checking_account_A14', 'purpose_A40', 'purpose_A41', 'purpose_A42', 'purpose_A43', 'purpose_A44', 'purpose_A48', 'purpose_A49', 'savings_account_A61', 'savings_account_A63', 'savings_account_A64', 'savings_account_A65', 'other_debtors_guarantors_A101', 'other_debtors_guarantors_A103', 'property_A121', 'property_A122', 'property_A123', 'property_A124', 'housing_A152', 'job_A172', 'job_A173', 'job_A174']",154,LogisticRegression,Constraint_Aware_VLoan,0.0,0.0
True,False,Categorical group 'purpose' has invalid one-hot encoding sum (1.67),True,False,0.06573018888089004,0.504011141615719,0.004011141615719027,26,4.399664538108552,1.0968145369042077,26,"['duration_months', 'credit_amount', 'installment_rate', 'number_existing_credits', 'status_checking_account_A12', 'status_checking_account_A13', 'status_checking_account_A14', 'purpose_A40', 'purpose_A41', 'purpose_A42', 'purpose_A43', 'purpose_A44', 'purpose_A48', 'purpose_A49', 'savings_account_A61', 'savings_account_A63', 'savings_account_A64', 'savings_account_A65', 'other_debtors_guarantors_A101', 'other_debtors_guarantors_A103', 'property_A121', 'property_A122', 'property_A123', 'property_A124', 'housing_A153', 'job_A172']",155,LogisticRegression,Constraint_Aware_VLoan,0.0,0.0
True,False,Categorical group 'purpose' has invalid one-hot encoding sum (1.15),True,False,0.33394454580006394,0.5151869618156258,0.015186961815625843,30,1.2437546526042595,0.2962007770169242,30,"['duration_months', 'credit_amount', 'installment_rate', 'number_existing_credits', 'status_checking_account_A12', 'status_checking_account_A13', 'status_checking_account_A14', 'purpose_A41', 'purpose_A42', 'purpose_A43', 'purpose_A44', 'purpose_A46', 'purpose_A48', 'purpose_A49', 'savings_account_A61', 'savings_account_A63', 'savings_account_A64', 'savings_account_A65', 'present_employment_since_A72', 'present_employment_since_A74', 'other_debtors_guarantors_A101', 'other_debtors_guarantors_A103', 'property_A121', 'property_A122', 'property_A123', 'property_A124', 'housing_A152', 'job_A172', 'job_A173', 'job_A174']",156,LogisticRegression,Constraint_Aware_VLoan,0.0,0.0
True,False,Categorical group 'purpose' has invalid one-hot encoding sum (1.30),True,False,0.3135461161140615,0.515489154645554,0.015489154645554004,26,1.400241111599978,0.3563400133564268,26,"['duration_months', 'credit_amount', 'installment_rate', 'number_existing_credits', 'status_checking_account_A12', 'status_checking_account_A13', 'status_checking_account_A14', 'purpose_A41', 'purpose_A42', 'purpose_A43', 'purpose_A44', 'purpose_A48', 'savings_account_A61', 'savings_account_A63', 'savings_account_A64', 'savings_account_A65', 'present_employment_since_A74', 'present_employment_since_A75', 'other_debtors_guarantors_A101', 'other_debtors_guarantors_A103', 'property_A121', 'property_A122', 'property_A123', 'property_A124', 'housing_A152', 'job_A172']",157,LogisticRegression,Constraint_Aware_VLoan,0.0,0.0
True,False,Categorical group 'credit' has invalid one-hot encoding sum (0.31),True,False,0.4051180678590335,0.5020554884415763,0.0020554884415763253,26,0.6537143462478296,0.16183294253670374,26,"['duration_months', 'credit_amount', 'installment_rate', 'number_existing_credits', 'status_checking_account_A12', 'status_checking_account_A13', 'status_checking_account_A14', 'purpose_A40', 'purpose_A41', 'purpose_A42', 'purpose_A43', 'purpose_A44', 'purpose_A48', 'purpose_A49', 'savings_account_A61', 'savings_account_A63', 'savings_account_A64', 'savings_account_A65', 'present_employment_since_A72', 'present_employment_since_A74', 'other_debtors_guarantors_A101', 'other_debtors_guarantors_A103', 'property_A121', 'property_A122', 'housing_A153', 'job_A174']",167,LogisticRegression,Constraint_Aware_VLoan,0.0,0.0
True,False,Categorical group 'purpose' has invalid one-hot encoding sum (1.25),True,False,0.3099468373514185,0.5027926487931376,0.0027926487931375643,28,1.303064943015923,0.3291308603562509,28,"['duration_months', 'credit_amount', 'installment_rate', 'number_existing_credits', 'status_checking_account_A11', 'status_checking_account_A13', 'status_checking_account_A14', 'purpose_A41', 'purpose_A42', 'purpose_A44', 'purpose_A48', 'purpose_A49', 'savings_account_A61', 'savings_account_A63', 'savings_account_A64', 'savings_account_A65', 'present_employment_since_A73', 'present_employment_since_A74', 'other_debtors_guarantors_A101', 'other_debtors_guarantors_A103', 'property_A121', 'property_A122', 'property_A123', 'property_A124', 'housing_A152', 'job_A172', 'job_A173', 'job_A174']",171,LogisticRegression,Constraint_Aware_VLoan,0.0,0.0
True,False,Categorical group 'credit' has invalid one-hot encoding sum (0.34),True,False,0.4356568148152953,0.5175664213423959,0.017566421342395944,28,0.5291701242410913,0.1283498923946388,28,"['duration_months', 'credit_amount', 'installment_rate', 'number_existing_credits', 'status_checking_account_A11', 'status_checking_account_A13', 'status_checking_account_A14', 'purpose_A40', 'purpose_A41', 'purpose_A42', 'purpose_A43', 'purpose_A44', 'purpose_A48', 'purpose_A49', 'savings_account_A61', 'savings_account_A63', 'savings_account_A64', 'savings_account_A65', 'present_employment_since_A72', 'present_employment_since_A74', 'other_debtors_guarantors_A101', 'other_debtors_guarantors_A103', 'property_A121', 'property_A122', 'property_A123', 'property_A124', 'housing_A152', 'job_A172']",176,LogisticRegression,Constraint_Aware_VLoan,0.0,0.0
True,False,Categorical group 'purpose' has invalid one-hot encoding sum (1.50),True,False,0.12121181240038194,0.5130376184951001,0.0130376184951001,28,3.378357302223689,0.8237107074619731,28,"['duration_months', 'credit_amount', 'installment_rate', 'number_existing_credits', 'status_checking_account_A12', 'status_checking_account_A13', 'status_checking_account_A14', 'purpose_A40', 'purpose_A41', 'purpose_A42', 'purpose_A43', 'purpose_A44', 'purpose_A48', 'purpose_A49', 'savings_account_A61', 'savings_account_A63', 'savings_account_A64', 'savings_account_A65', 'present_employment_since_A74', 'present_employment_since_A75', 'other_debtors_guarantors_A101', 'other_debtors_guarantors_A103', 'property_A121', 'property_A122', 'property_A123', 'property_A124', 'housing_A152', 'job_A172']",182,LogisticRegression,Constraint_Aware_VLoan,0.0,0.0
True,False,Categorical group 'purpose' has invalid one-hot encoding sum (1.47),True,False,0.1917335981718926,0.5136126371118175,0.013612637111817483,28,2.429339814840278,0.6113397329239497,28,"['duration_months', 'credit_amount', 'installment_rate', 'number_existing_credits', 'status_checking_account_A11', 'status_checking_account_A13', 'status_checking_account_A14', 'purpose_A41', 'purpose_A42', 'purpose_A44', 'purpose_A48', 'purpose_A49', 'savings_account_A61', 'savings_account_A63', 'savings_account_A64', 'savings_account_A65', 'present_employment_since_A73', 'present_employment_since_A74', 'other_debtors_guarantors_A101', 'other_debtors_guarantors_A103', 'property_A121', 'property_A122', 'housing_A151', 'housing_A152', 'housing_A153', 'job_A172', 'job_A173', 'job_A174']",185,LogisticRegression,Constraint_Aware_VLoan,0.0,0.0
True,False,Categorical group 'purpose' has invalid one-hot encoding sum (1.32),True,False,0.2857835559817056,0.5165507924248594,0.01655079242485935,26,1.5992374383785992,0.4048220699508392,26,"['duration_months', 'credit_amount', 'installment_rate', 'number_existing_credits', 'status_checking_account_A11', 'status_checking_account_A13', 'status_checking_account_A14', 'purpose_A41', 'purpose_A42', 'purpose_A44', 'purpose_A48', 'purpose_A49', 'savings_account_A61', 'savings_account_A63', 'savings_account_A64', 'savings_account_A65', 'present_employment_since_A72', 'present_employment_since_A74', 'other_debtors_guarantors_A101', 'other_debtors_guarantors_A103', 'property_A121', 'property_A123', 'housing_A153', 'job_A172', 'job_A173', 'job_A174']",186,LogisticRegression,Constraint_Aware_VLoan,0.0,0.0
True,False,Categorical group 'purpose' has invalid one-hot encoding sum (1.17),True,False,0.36388511446884986,0.5216481063477287,0.021648106347728735,27,1.0582511634200982,0.2745109409159211,27,"['duration_months', 'credit_amount', 'number_existing_credits', 'status_checking_account_A12', 'status_checking_account_A13', 'status_checking_account_A14', 'purpose_A40', 'purpose_A41', 'purpose_A42', 'purpose_A43', 'purpose_A44', 'purpose_A48', 'purpose_A49', 'savings_account_A63', 'savings_account_A64', 'present_employment_since_A73', 'present_employment_since_A74', 'other_debtors_guarantors_A101', 'other_debtors_guarantors_A103', 'property_A121', 'property_A122', 'property_A123', 'property_A124', 'housing_A152', 'job_A172', 'job_A173', 'job_A174']",187,LogisticRegression,Constraint_Aware_VLoan,0.0,0.0
True,True,,True,True,0.47756500075592573,0.521724722115649,0.02172472211564902,28,0.3052683676215959,0.07680092332181139,28,"['duration_months', 'credit_amount', 'installment_rate', 'number_existing_credits', 'status_checking_account_A12', 'status_checking_account_A13', 'status_checking_account_A14', 'purpose_A41', 'purpose_A43', 'purpose_A44', 'purpose_A48', 'purpose_A49', 'savings_account_A62', 'savings_account_A63', 'savings_account_A64', 'savings_account_A65', 'present_employment_since_A74', 'present_employment_since_A75', 'other_debtors_guarantors_A101', 'other_debtors_guarantors_A103', 'property_A121', 'property_A122', 'property_A123', 'property_A124', 'housing_A152', 'job_A172', 'job_A173', 'job_A174']",198,LogisticRegression,Constraint_Aware_VLoan,1.0,0.02219329504168488
True,False,Categorical group 'credit' has invalid one-hot encoding sum (1.36),True,False,0.47014170425787505,0.5186218978938787,0.01862189789387869,26,0.3208372662256581,0.08048097701004638,26,"['duration_months', 'credit_amount', 'installment_rate', 'number_existing_credits', 'status_checking_account_A12', 'status_checking_account_A13', 'status_checking_account_A14', 'purpose_A40', 'purpose_A41', 'purpose_A42', 'purpose_A43', 'purpose_A44', 'purpose_A48', 'purpose_A49', 'savings_account_A61', 'savings_account_A63', 'savings_account_A64', 'savings_account_A65', 'present_employment_since_A71', 'present_employment_since_A74', 'other_debtors_guarantors_A101', 'other_debtors_guarantors_A103', 'property_A121', 'property_A122', 'housing_A153', 'job_A172']",199,LogisticRegression,Constraint_Aware_VLoan,0.0,0.0
True,False,Categorical group 'purpose' has invalid one-hot encoding sum (1.47),True,False,0.18039213658006062,0.5130705082533874,0.013070508253387403,30,2.6004725967794635,0.6260536067413739,30,"['duration_months', 'credit_amount', 'installment_rate', 'number_existing_credits', 'status_checking_account_A11', 'status_checking_account_A13', 'status_checking_account_A14', 'purpose_A41', 'purpose_A42', 'purpose_A44', 'purpose_A48', 'purpose_A49', 'savings_account_A61', 'savings_account_A63', 'savings_account_A64', 'savings_account_A65', 'present_employment_since_A73', 'present_employment_since_A74', 'other_debtors_guarantors_A101', 'other_debtors_guarantors_A103', 'property_A121', 'property_A122', 'other_installment_plans_A141', 'other_installment_plans_A143', 'housing_A151', 'housing_A152', 'housing_A153', 'job_A172', 'job_A173', 'job_A174']",210,LogisticRegression,Constraint_Aware_VLoan,0.0,0.0
True,False,Categorical group 'purpose' has invalid one-hot encoding sum (1.41),True,False,0.20722239183940902,0.5012226754268662,0.00122267542686616,28,2.2246440241969743,0.5404666198394174,28,"['duration_months', 'credit_amount', 'installment_rate', 'number_existing_credits', 'status_checking_account_A11', 'status_checking_account_A13', 'status_checking_account_A14', 'purpose_A41', 'purpose_A42', 'purpose_A44', 'purpose_A48', 'purpose_A49', 'savings_account_A61', 'savings_account_A63', 'savings_account_A64', 'savings_account_A65', 'present_employment_since_A72', 'present_employment_since_A74', 'other_debtors_guarantors_A101', 'other_debtors_guarantors_A103', 'property_A121', 'property_A122', 'other_installment_plans_A142', 'other_installment_plans_A143', 'housing_A153', 'job_A172', 'job_A173', 'job_A174']",219,LogisticRegression,Constraint_Aware_VLoan,0.0,0.0
True,False,Categorical group 'purpose' has invalid one-hot encoding sum (1.26),True,False,0.3214848343735792,0.5177448497623228,0.017744849762322823,28,1.335921811754742,0.33043180604756067,28,"['duration_months', 'credit_amount', 'installment_rate', 'number_existing_credits', 'status_checking_account_A11', 'status_checking_account_A13', 'status_checking_account_A14', 'purpose_A41', 'purpose_A43', 'purpose_A44', 'purpose_A48', 'purpose_A49', 'savings_account_A61', 'savings_account_A63', 'savings_account_A64', 'savings_account_A65', 'present_employment_since_A73', 'present_employment_since_A74', 'other_debtors_guarantors_A101', 'other_debtors_guarantors_A103', 'property_A121', 'property_A122', 'other_installment_plans_A141', 'other_installment_plans_A143', 'housing_A153', 'job_A172', 'job_A173', 'job_A174']",222,LogisticRegression,Constraint_Aware_VLoan,0.0,0.0
True,False,Categorical group 'purpose' has invalid one-hot encoding sum (1.86),True,False,0.07496105699032227,0.5061507985161001,0.00615079851610012,26,4.058052368495257,1.0288341537307233,26,"['duration_months', 'credit_amount', 'installment_rate', 'number_existing_credits', 'status_checking_account_A11', 'status_checking_account_A13', 'status_checking_account_A14', 'purpose_A41', 'purpose_A410', 'purpose_A42', 'purpose_A43', 'purpose_A44', 'purpose_A48', 'purpose_A49', 'savings_account_A61', 'savings_account_A63', 'savings_account_A64', 'savings_account_A65', 'present_employment_since_A71', 'present_employment_since_A74', 'other_debtors_guarantors_A102', 'other_debtors_guarantors_A103', 'property_A121', 'property_A122', 'housing_A153', 'job_A172']",228,LogisticRegression,Constraint_Aware_VLoan,0.0,0.0
True,False,Categorical group 'credit' has invalid one-hot encoding sum (0.35),True,False,0.4909866000271995,0.5161935747813408,0.016193574781340758,28,0.16590145280686386,0.041021898435397414,28,"['duration_months', 'credit_amount', 'installment_rate', 'number_existing_credits', 'status_checking_account_A11', 'status_checking_account_A13', 'status_checking_account_A14', 'purpose_A41', 'purpose_A43', 'purpose_A44', 'purpose_A48', 'purpose_A49', 'savings_account_A61', 'savings_account_A63', 'savings_account_A64', 'savings_account_A65', 'present_employment_since_A73', 'present_employment_since_A74', 'other_debtors_guarantors_A101', 'other_debtors_guarantors_A103', 'property_A121', 'property_A123', 'housing_A151', 'housing_A152', 'housing_A153', 'job_A172', 'job_A173', 'job_A174']",230,LogisticRegression,Constraint_Aware_VLoan,0.0,0.0
True,False,Categorical group 'purpose' has invalid one-hot encoding sum (1.53),True,False,0.0626172184576293,0.5233129172019605,0.023312917201960492,30,4.549273024687655,1.0587927334261211,30,"['duration_months', 'credit_amount', 'installment_rate', 'number_existing_credits', 'status_checking_account_A11', 'status_checking_account_A13', 'status_checking_account_A14', 'purpose_A41', 'purpose_A42', 'purpose_A43', 'purpose_A44', 'purpose_A46', 'purpose_A48', 'purpose_A49', 'savings_account_A61', 'savings_account_A63', 'savings_account_A64', 'savings_account_A65', 'present_employment_since_A73', 'present_employment_since_A74', 'other_debtors_guarantors_A101', 'other_debtors_guarantors_A103', 'property_A121', 'property_A123', 'other_installment_plans_A142', 'other_installment_plans_A143', 'housing_A153', 'job_A172', 'job_A173', 'job_A174']",231,LogisticRegression,Constraint_Aware_VLoan,0.0,0.0
True,False,Categorical group 'purpose' has invalid one-hot encoding sum (1.46),True,False,0.19700913366219092,0.5114282544983804,0.011428254498380364,28,2.415462484621971,0.5821586607805739,28,"['duration_months', 'credit_amount', 'installment_rate', 'number_existing_credits', 'status_checking_account_A11', 'status_checking_account_A13', 'status_checking_account_A14', 'purpose_A41', 'purpose_A43', 'purpose_A44', 'purpose_A48', 'purpose_A49', 'savings_account_A61', 'savings_account_A63', 'savings_account_A64', 'savings_account_A65', 'present_employment_since_A72', 'present_employment_since_A74', 'other_debtors_guarantors_A101', 'other_debtors_guarantors_A103', 'property_A121', 'property_A123', 'other_installment_plans_A141', 'other_installment_plans_A143', 'housing_A153', 'job_A172', 'job_A173', 'job_A174']",235,LogisticRegression,Constraint_Aware_VLoan,0.0,0.0
True,False,Categorical group 'purpose' has invalid one-hot encoding sum (1.32),True,False,0.20276027242516276,0.5162151535393542,0.01621515353935421,30,2.3583136821799107,0.5577252038852161,30,"['duration_months', 'credit_amount', 'installment_rate', 'number_existing_credits', 'status_checking_account_A11', 'status_checking_account_A13', 'status_checking_account_A14', 'purpose_A40', 'purpose_A41', 'purpose_A42', 'purpose_A43', 'purpose_A44', 'purpose_A48', 'purpose_A49', 'savings_account_A61', 'savings_account_A63', 'savings_account_A64', 'savings_account_A65', 'present_employment_since_A73', 'present_employment_since_A74', 'other_debtors_guarantors_A101', 'other_debtors_guarantors_A103', 'property_A121', 'property_A122', 'other_installment_plans_A141', 'other_installment_plans_A143', 'housing_A153', 'job_A172', 'job_A173', 'job_A174']",237,LogisticRegression,Constraint_Aware_VLoan,0.0,0.0
True,False,Categorical group 'credit' has invalid one-hot encoding sum (2.49),True,False,0.3945499013523118,0.5064868266198499,0.006486826619849895,27,0.7699979907817763,0.1946544565693153,27,"['duration_months', 'credit_amount', 'number_existing_credits', 'status_checking_account_A12', 'status_checking_account_A13', 'status_checking_account_A14', 'purpose_A40', 'purpose_A41', 'purpose_A42', 'purpose_A43', 'purpose_A44', 'purpose_A48', 'purpose_A49', 'savings_account_A63', 'savings_account_A64', 'present_employment_since_A71', 'present_employment_since_A74', 'other_debtors_guarantors_A101', 'other_debtors_guarantors_A103', 'property_A122', 'property_A123', 'housing_A151', 'housing_A152', 'housing_A153', 'job_A171', 'job_A172', 'job_A174']",241,LogisticRegression,Constraint_Aware_VLoan,0.0,0.0
True,False,Categorical group 'purpose' has invalid one-hot encoding sum (1.34),True,False,0.2672986110592602,0.5102162957374714,0.010216295737471404,28,1.7518490850126662,0.418416316323499,28,"['duration_months', 'credit_amount', 'installment_rate', 'number_existing_credits', 'status_checking_account_A11', 'status_checking_account_A13', 'status_checking_account_A14', 'purpose_A41', 'purpose_A42', 'purpose_A43', 'purpose_A44', 'purpose_A48', 'savings_account_A61', 'savings_account_A63', 'savings_account_A64', 'savings_account_A65', 'present_employment_since_A71', 'present_employment_since_A74', 'other_debtors_guarantors_A101', 'other_debtors_guarantors_A103', 'property_A121', 'property_A123', 'other_installment_plans_A142', 'other_installment_plans_A143', 'housing_A153', 'job_A172', 'job_A173', 'job_A174']",249,LogisticRegression,Constraint_Aware_VLoan,0.0,0.0
True,False,Categorical group 'job' has invalid one-hot encoding sum (1.30),True,False,0.41338865550143894,0.5032051175981137,0.0032051175981137048,29,3.064689922099925,0.9371160340404002,29,"['duration_months', 'credit_amount', 'installment_rate', 'status_checking_account_A11', 'status_checking_account_A12', 'status_checking_account_A13', 'status_checking_account_A14', 'savings_account_A61', 'savings_account_A62', 'savings_account_A63', 'savings_account_A64', 'savings_account_A65', 'other_debtors_guarantors_A101', 'other_debtors_guarantors_A102', 'other_debtors_guarantors_A103', 'property_A121', 'property_A122', 'property_A123', 'property_A124', 'other_installment_plans_A141', 'other_installment_plans_A142', 'other_installment_plans_A143', 'housing_A151', 'housing_A152', 'housing_A153', 'job_A171', 'job_A172', 'job_A173', 'job_A174']",8,RandomForest,Local_Baseline,0.0,0.0
True,False,Categorical group 'job' has invalid one-hot encoding sum (1.30),False,False,0.476945944329136,0.49520896901229045,-0.004791030987709555,29,2.7316004125897058,0.6812769086684547,29,"['duration_months', 'credit_amount', 'installment_rate', 'status_checking_account_A11', 'status_checking_account_A12', 'status_checking_account_A13', 'status_checking_account_A14', 'savings_account_A61', 'savings_account_A62', 'savings_account_A63', 'savings_account_A64', 'savings_account_A65', 'other_debtors_guarantors_A101', 'other_debtors_guarantors_A102', 'other_debtors_guarantors_A103', 'property_A121', 'property_A122', 'property_A123', 'property_A124', 'other_installment_plans_A141', 'other_installment_plans_A142', 'other_installment_plans_A143', 'housing_A151', 'housing_A152', 'housing_A153', 'job_A171', 'job_A172', 'job_A173', 'job_A174']",15,RandomForest,Local_Baseline,0.0,0.0
True,False,"Feature 'status_checking_account_A12' value 1.52 is out of domain bounds [0.00, 1.00]",True,False,0.4354815125541293,0.5269699499658933,0.026969949965893303,29,14.213116581500609,2.7074267178669302,29,"['duration_months', 'credit_amount', 'installment_rate', 'status_checking_account_A11', 'status_checking_account_A12', 'status_checking_account_A13', 'status_checking_account_A14', 'savings_account_A61', 'savings_account_A62', 'savings_account_A63', 'savings_account_A64', 'savings_account_A65', 'other_debtors_guarantors_A101', 'other_debtors_guarantors_A102', 'other_debtors_guarantors_A103', 'property_A121', 'property_A122', 'property_A123', 'property_A124', 'other_installment_plans_A141', 'other_installment_plans_A142', 'other_installment_plans_A143', 'housing_A151', 'housing_A152', 'housing_A153', 'job_A171', 'job_A172', 'job_A173', 'job_A174']",25,RandomForest,Local_Baseline,0.0,0.0
True,False,"Feature 'installment_rate' value 1.06 is out of domain bounds [-1.77, 0.91]",True,False,0.46176698438034197,0.5273204188819055,0.027320418881905506,29,5.378327943008761,1.3908750941864458,29,"['duration_months', 'credit_amount', 'installment_rate', 'status_checking_account_A11', 'status_checking_account_A12', 'status_checking_account_A13', 'status_checking_account_A14', 'savings_account_A61', 'savings_account_A62', 'savings_account_A63', 'savings_account_A64', 'savings_account_A65', 'other_debtors_guarantors_A101', 'other_debtors_guarantors_A102', 'other_debtors_guarantors_A103', 'property_A121', 'property_A122', 'property_A123', 'property_A124', 'other_installment_plans_A141', 'other_installment_plans_A142', 'other_installment_plans_A143', 'housing_A151', 'housing_A152', 'housing_A153', 'job_A171', 'job_A172', 'job_A173', 'job_A174']",37,RandomForest,Local_Baseline,0.0,0.0
True,False,"Feature 'installment_rate' value 1.44 is out of domain bounds [-1.77, 0.91]",True,False,0.37417296687543244,0.5659557849557849,0.06595578495578491,29,14.58279646913874,2.7471136509275387,29,"['duration_months', 'credit_amount', 'installment_rate', 'status_checking_account_A11', 'status_checking_account_A12', 'status_checking_account_A13', 'status_checking_account_A14', 'savings_account_A61', 'savings_account_A62', 'savings_account_A63', 'savings_account_A64', 'savings_account_A65', 'other_debtors_guarantors_A101', 'other_debtors_guarantors_A102', 'other_debtors_guarantors_A103', 'property_A121', 'property_A122', 'property_A123', 'property_A124', 'other_installment_plans_A141', 'other_installment_plans_A142', 'other_installment_plans_A143', 'housing_A151', 'housing_A152', 'housing_A153', 'job_A171', 'job_A172', 'job_A173', 'job_A174']",39,RandomForest,Local_Baseline,0.0,0.0
True,False,Categorical group 'credit' has invalid one-hot encoding sum (0.51),False,False,0.44084637327033477,0.43677699167154144,-0.06322300832845856,2,0.21809471112152462,0.16449468044503124,2,"['duration_months', 'credit_amount']",47,RandomForest,Local_Baseline,0.0,0.0
True,False,"Feature 'installment_rate' value 1.44 is out of domain bounds [-1.77, 0.91]",True,False,0.4414855055840194,0.5893348641908024,0.08933486419080239,29,14.281124293537564,2.7291158438445646,29,"['duration_months', 'credit_amount', 'installment_rate', 'status_checking_account_A11', 'status_checking_account_A12', 'status_checking_account_A13', 'status_checking_account_A14', 'savings_account_A61', 'savings_account_A62', 'savings_account_A63', 'savings_account_A64', 'savings_account_A65', 'other_debtors_guarantors_A101', 'other_debtors_guarantors_A102', 'other_debtors_guarantors_A103', 'property_A121', 'property_A122', 'property_A123', 'property_A124', 'other_installment_plans_A141', 'other_installment_plans_A142', 'other_installment_plans_A143', 'housing_A151', 'housing_A152', 'housing_A153', 'job_A171', 'job_A172', 'job_A173', 'job_A174']",48,RandomForest,Local_Baseline,0.0,0.0
True,False,Categorical group 'credit' has invalid one-hot encoding sum (1.67),True,False,0.494512269268279,0.5015153058046684,0.0015153058046684098,1,0.1499999999999999,0.1499999999999999,1,['duration_months'],52,RandomForest,Local_Baseline,0.0,0.0
True,True,,True,True,0.4852499864332166,0.5324277666604434,0.03242776666044345,2,0.545402166106306,0.42233332330087925,2,"['duration_months', 'credit_amount']",53,RandomForest,Local_Baseline,1.0,0.031170328499712463
True,False,Categorical group 'credit' has invalid one-hot encoding sum (1.26),False,False,0.3830043994203825,0.4159176611781074,-0.08408233882189259,1,0.9,0.9,1,['credit_amount'],55,RandomForest,Local_Baseline,0.0,0.0
True,False,Counterfactual is identical to original rejected applicant (no changes proposed),False,False,0.45798913386777956,0.45798913386777956,-0.04201086613222044,0,0.0,0.0,0,[],61,RandomForest,Local_Baseline,0.0,0.0
True,False,Categorical group 'job' has invalid one-hot encoding sum (1.30),False,False,0.47916703127143734,0.479583096534885,-0.02041690346511499,29,2.3710883927834328,0.4840090768472707,29,"['duration_months', 'credit_amount', 'installment_rate', 'status_checking_account_A11', 'status_checking_account_A12', 'status_checking_account_A13', 'status_checking_account_A14', 'savings_account_A61', 'savings_account_A62', 'savings_account_A63', 'savings_account_A64', 'savings_account_A65', 'other_debtors_guarantors_A101', 'other_debtors_guarantors_A102', 'other_debtors_guarantors_A103', 'property_A121', 'property_A122', 'property_A123', 'property_A124', 'other_installment_plans_A141', 'other_installment_plans_A142', 'other_installment_plans_A143', 'housing_A151', 'housing_A152', 'housing_A153', 'job_A171', 'job_A172', 'job_A173', 'job_A174']",65,RandomForest,Local_Baseline,0.0,0.0
True,False,Categorical group 'credit' has invalid one-hot encoding sum (0.36),False,False,0.491483716493733,0.4912664155193106,-0.008733584480689394,1,0.6000000000000001,0.6000000000000001,1,['credit_amount'],69,RandomForest,Local_Baseline,0.0,0.0
True,False,Categorical group 'credit' has invalid one-hot encoding sum (1.83),False,False,0.3305662787377257,0.3722114015011411,-0.12778859849885887,2,0.7136799910818629,0.5267311128034796,2,"['duration_months', 'credit_amount']",71,RandomForest,Local_Baseline,0.0,0.0
True,False,Categorical group 'credit' has invalid one-hot encoding sum (0.43),True,False,0.48633815663679836,0.5807624632593434,0.08076246325934344,2,0.21213169037926882,0.15000000000000002,2,"['duration_months', 'credit_amount']",74,RandomForest,Local_Baseline,0.0,0.0
True,False,"Feature 'status_checking_account_A12' value 1.52 is out of domain bounds [0.00, 1.00]",True,False,0.4890228798949739,0.592565182784695,0.09256518278469505,29,14.775,2.762811068459079,29,"['duration_months', 'credit_amount', 'installment_rate', 'status_checking_account_A11', 'status_checking_account_A12', 'status_checking_account_A13', 'status_checking_account_A14', 'savings_account_A61', 'savings_account_A62', 'savings_account_A63', 'savings_account_A64', 'savings_account_A65', 'other_debtors_guarantors_A101', 'other_debtors_guarantors_A102', 'other_debtors_guarantors_A103', 'property_A121', 'property_A122', 'property_A123', 'property_A124', 'other_installment_plans_A141', 'other_installment_plans_A142', 'other_installment_plans_A143', 'housing_A151', 'housing_A152', 'housing_A153', 'job_A171', 'job_A172', 'job_A173', 'job_A174']",88,RandomForest,Local_Baseline,0.0,0.0
True,False,Categorical group 'credit' has invalid one-hot encoding sum (1.17),False,False,0.48164402758799707,0.4821107582429631,-0.017889241757036878,1,0.3,0.3,1,['credit_amount'],108,RandomForest,Local_Baseline,0.0,0.0
True,False,Counterfactual is identical to original rejected applicant (no changes proposed),False,False,0.47515681206853716,0.47515681206853716,-0.02484318793146284,0,0.0,0.0,0,[],111,RandomForest,Local_Baseline,0.0,0.0
True,False,Categorical group 'job' has invalid one-hot encoding sum (1.30),False,False,0.4650695847219913,0.4640759949784015,-0.03592400502159848,29,2.325,0.4562071897723664,29,"['duration_months', 'credit_amount', 'installment_rate', 'status_checking_account_A11', 'status_checking_account_A12', 'status_checking_account_A13', 'status_checking_account_A14', 'savings_account_A61', 'savings_account_A62', 'savings_account_A63', 'savings_account_A64', 'savings_account_A65', 'other_debtors_guarantors_A101', 'other_debtors_guarantors_A102', 'other_debtors_guarantors_A103', 'property_A121', 'property_A122', 'property_A123', 'property_A124', 'other_installment_plans_A141', 'other_installment_plans_A142', 'other_installment_plans_A143', 'housing_A151', 'housing_A152', 'housing_A153', 'job_A171', 'job_A172', 'job_A173', 'job_A174']",115,RandomForest,Local_Baseline,0.0,0.0
True,False,"Feature 'status_checking_account_A12' value 1.52 is out of domain bounds [0.00, 1.00]",True,False,0.42882653379953145,0.5342264092157423,0.03422640921574227,29,14.675881061278222,2.744179947970985,29,"['duration_months', 'credit_amount', 'installment_rate', 'status_checking_account_A11', 'status_checking_account_A12', 'status_checking_account_A13', 'status_checking_account_A14', 'savings_account_A61', 'savings_account_A62', 'savings_account_A63', 'savings_account_A64', 'savings_account_A65', 'other_debtors_guarantors_A101', 'other_debtors_guarantors_A102', 'other_debtors_guarantors_A103', 'property_A121', 'property_A122', 'property_A123', 'property_A124', 'other_installment_plans_A141', 'other_installment_plans_A142', 'other_installment_plans_A143', 'housing_A151', 'housing_A152', 'housing_A153', 'job_A171', 'job_A172', 'job_A173', 'job_A174']",135,RandomForest,Local_Baseline,0.0,0.0
True,False,Counterfactual is identical to original rejected applicant (no changes proposed),False,False,0.48883153962973175,0.48883153962973175,-0.011168460370268252,0,0.0,0.0,0,[],139,RandomForest,Local_Baseline,0.0,0.0
True,False,Categorical group 'job' has invalid one-hot encoding sum (1.30),False,False,0.45808806140326785,0.4654289852614331,-0.034571014738566885,29,3.1697126017064634,0.8750224089767112,29,"['duration_months', 'credit_amount', 'installment_rate', 'status_checking_account_A11', 'status_checking_account_A12', 'status_checking_account_A13', 'status_checking_account_A14', 'savings_account_A61', 'savings_account_A62', 'savings_account_A63', 'savings_account_A64', 'savings_account_A65', 'other_debtors_guarantors_A101', 'other_debtors_guarantors_A102', 'other_debtors_guarantors_A103', 'property_A121', 'property_A122', 'property_A123', 'property_A124', 'other_installment_plans_A141', 'other_installment_plans_A142', 'other_installment_plans_A143', 'housing_A151', 'housing_A152', 'housing_A153', 'job_A171', 'job_A172', 'job_A173', 'job_A174']",144,RandomForest,Local_Baseline,0.0,0.0
True,False,"Feature 'duration_months' value 3.71 is out of domain bounds [-1.31, 3.19]",True,False,0.42414007313039515,0.5742113997113998,0.07421139971139978,29,14.636770175764957,2.761088736969035,29,"['duration_months', 'credit_amount', 'installment_rate', 'status_checking_account_A11', 'status_checking_account_A12', 'status_checking_account_A13', 'status_checking_account_A14', 'savings_account_A61', 'savings_account_A62', 'savings_account_A63', 'savings_account_A64', 'savings_account_A65', 'other_debtors_guarantors_A101', 'other_debtors_guarantors_A102', 'other_debtors_guarantors_A103', 'property_A121', 'property_A122', 'property_A123', 'property_A124', 'other_installment_plans_A141', 'other_installment_plans_A142', 'other_installment_plans_A143', 'housing_A151', 'housing_A152', 'housing_A153', 'job_A171', 'job_A172', 'job_A173', 'job_A174']",151,RandomForest,Local_Baseline,0.0,0.0
True,False,Categorical group 'credit' has invalid one-hot encoding sum (1.25),False,False,0.42411828598283285,0.4287191631758154,-0.07128083682418462,2,0.09610774624117413,0.09106168726464489,2,"['duration_months', 'credit_amount']",154,RandomForest,Local_Baseline,0.0,0.0
True,False,"Feature 'duration_months' value 3.71 is out of domain bounds [-1.31, 3.19]",True,False,0.35554025367584186,0.5332858828204095,0.03328588282040945,29,14.775000000000002,2.7790510970473354,29,"['duration_months', 'credit_amount', 'installment_rate', 'status_checking_account_A11', 'status_checking_account_A12', 'status_checking_account_A13', 'status_checking_account_A14', 'savings_account_A61', 'savings_account_A62', 'savings_account_A63', 'savings_account_A64', 'savings_account_A65', 'other_debtors_guarantors_A101', 'other_debtors_guarantors_A102', 'other_debtors_guarantors_A103', 'property_A121', 'property_A122', 'property_A123', 'property_A124', 'other_installment_plans_A141', 'other_installment_plans_A142', 'other_installment_plans_A143', 'housing_A151', 'housing_A152', 'housing_A153', 'job_A171', 'job_A172', 'job_A173', 'job_A174']",155,RandomForest,Local_Baseline,0.0,0.0
True,False,Counterfactual is identical to original rejected applicant (no changes proposed),False,False,0.439597674528909,0.439597674528909,-0.06040232547109098,0,5.551115123125783e-17,5.551115123125783e-17,0,[],157,RandomForest,Local_Baseline,0.0,0.0
True,False,Categorical group 'credit' has invalid one-hot encoding sum (0.48),True,False,0.4882413779664749,0.5213061035044756,0.021306103504475593,1,0.15000000000000002,0.15000000000000002,1,['credit_amount'],167,RandomForest,Local_Baseline,0.0,0.0
True,True,,False,False,0.4080337395202792,0.4345409331832544,-0.06545906681674563,2,0.6406055083225173,0.4542795872958977,2,"['duration_months', 'credit_amount']",171,RandomForest,Local_Baseline,0.0,0.0
True,False,"Feature 'installment_rate' value 1.44 is out of domain bounds [-1.77, 0.91]",True,False,0.40297510093429967,0.5057960831867601,0.005796083186760059,29,14.624999999999998,2.754655150831043,29,"['duration_months', 'credit_amount', 'installment_rate', 'status_checking_account_A11', 'status_checking_account_A12', 'status_checking_account_A13', 'status_checking_account_A14', 'savings_account_A61', 'savings_account_A62', 'savings_account_A63', 'savings_account_A64', 'savings_account_A65', 'other_debtors_guarantors_A101', 'other_debtors_guarantors_A102', 'other_debtors_guarantors_A103', 'property_A121', 'property_A122', 'property_A123', 'property_A124', 'other_installment_plans_A141', 'other_installment_plans_A142', 'other_installment_plans_A143', 'housing_A151', 'housing_A152', 'housing_A153', 'job_A171', 'job_A172', 'job_A173', 'job_A174']",182,RandomForest,Local_Baseline,0.0,0.0
True,True,,False,False,0.4456495540648988,0.44725498006064746,-0.052745019939352544,1,0.3,0.3,1,['credit_amount'],185,RandomForest,Local_Baseline,0.0,0.0
True,False,Counterfactual is identical to original rejected applicant (no changes proposed),False,False,0.46583133183034675,0.46583133183034675,-0.03416866816965325,0,5.551115123125783e-17,5.551115123125783e-17,0,[],210,RandomForest,Local_Baseline,0.0,0.0
True,False,Categorical group 'credit' has invalid one-hot encoding sum (0.70),False,False,0.4768131409414812,0.4815701494732081,-0.018429850526791913,1,0.30000000000000004,0.30000000000000004,1,['credit_amount'],222,RandomForest,Local_Baseline,0.0,0.0
True,False,Categorical group 'credit' has invalid one-hot encoding sum (5.43),False,False,0.3580026711652973,0.3663360044986307,-0.13366399550136931,2,0.09716997502941283,0.09144367908573052,2,"['duration_months', 'credit_amount']",228,RandomForest,Local_Baseline,0.0,0.0
True,False,Counterfactual is identical to original rejected applicant (no changes proposed),False,False,0.38383187840687183,0.38383187840687183,-0.11616812159312817,0,0.0,0.0,0,[],231,RandomForest,Local_Baseline,0.0,0.0
True,False,Categorical group 'credit' has invalid one-hot encoding sum (2.46),True,False,0.4999200164914032,0.5035152545866413,0.0035152545866412588,1,0.1499999999999999,0.1499999999999999,1,['credit_amount'],235,RandomForest,Local_Baseline,0.0,0.0
True,False,Categorical group 'credit' has invalid one-hot encoding sum (0.44),True,False,0.422156358422125,0.5227843835910895,0.022784383591089474,2,0.3469488899015346,0.2504410520582565,2,"['duration_months', 'credit_amount']",237,RandomForest,Local_Baseline,0.0,0.0
True,False,Categorical group 'credit' has invalid one-hot encoding sum (1.56),True,False,0.41338865550143894,0.5027297434485866,0.0027297434485865635,1,0.9,0.9,1,['property_A124'],8,RandomForest,DiCE,0.0,0.0
True,False,Categorical group 'credit' has invalid one-hot encoding sum (0.62),True,False,0.476945944329136,0.5029622120091856,0.002962212009185561,1,1.1,1.1,1,['savings_account_A63'],15,RandomForest,DiCE,0.0,0.0
True,False,Categorical group 'credit' has invalid one-hot encoding sum (2.51),True,False,0.4354815125541293,0.504502243270876,0.004502243270876005,2,1.0294619080032956,0.8532332956633067,2,"['duration_months', 'housing_A152']",25,RandomForest,DiCE,0.0,0.0
True,False,Categorical group 'status_checking_account' has invalid one-hot encoding sum (1.80),True,False,0.46176698438034197,0.5177897452704195,0.017789745270419544,2,3.3661790111161336,2.687987112523603,2,"['installment_rate', 'status_checking_account_A13']",37,RandomForest,DiCE,0.0,0.0
True,False,Categorical group 'property' has invalid one-hot encoding sum (2.10),True,False,0.37417296687543244,0.5812589978843299,0.08125899788432989,4,4.657531108003296,2.8034726941427315,4,"['duration_months', 'savings_account_A62', 'property_A123', 'housing_A152']",39,RandomForest,DiCE,0.0,0.0
True,False,Categorical group 'job' has invalid one-hot encoding sum (2.43),True,False,0.41338865550143894,0.5927969471696061,0.09279694716960607,35,16.065127071526984,2.756080173923645,35,"['duration_months', 'credit_amount', 'number_existing_credits', 'status_checking_account_A11', 'status_checking_account_A13', 'status_checking_account_A14', 'purpose_A40', 'purpose_A41', 'purpose_A410', 'purpose_A42', 'purpose_A44', 'purpose_A45', 'purpose_A46', 'purpose_A48', 'purpose_A49', 'savings_account_A62', 'savings_account_A63', 'savings_account_A64', 'savings_account_A65', 'present_employment_since_A71', 'present_employment_since_A73', 'present_employment_since_A74', 'present_employment_since_A75', 'other_debtors_guarantors_A102', 'other_debtors_guarantors_A103', 'property_A121', 'property_A122', 'property_A123', 'other_installment_plans_A141', 'other_installment_plans_A142', 'housing_A151', 'housing_A153', 'job_A171', 'job_A172', 'job_A173']",8,RandomForest,Constraint_Aware_VLoan,0.0,0.0
True,False,Categorical group 'credit' has invalid one-hot encoding sum (0.68),False,False,0.476945944329136,0.4828139387014707,-0.017186061298529287,2,0.23698837522279603,0.18323234676301192,2,"['duration_months', 'credit_amount']",15,RandomForest,Constraint_Aware_VLoan,0.0,0.0
True,False,Categorical group 'job' has invalid one-hot encoding sum (2.43),True,False,0.4354815125541293,0.5760239002694348,0.07602390026943484,36,16.249161324266698,2.7647462052524423,36,"['duration_months', 'credit_amount', 'installment_rate', 'number_existing_credits', 'status_checking_account_A11', 'status_checking_account_A13', 'status_checking_account_A14', 'purpose_A41', 'purpose_A410', 'purpose_A42', 'purpose_A43', 'purpose_A44', 'purpose_A45', 'purpose_A46', 'purpose_A48', 'purpose_A49', 'savings_account_A62', 'savings_account_A63', 'savings_account_A64', 'savings_account_A65', 'present_employment_since_A71', 'present_employment_since_A72', 'present_employment_since_A74', 'present_employment_since_A75', 'other_debtors_guarantors_A102', 'other_debtors_guarantors_A103', 'property_A121', 'property_A123', 'property_A124', 'other_installment_plans_A141', 'other_installment_plans_A142', 'housing_A152', 'housing_A153', 'job_A171', 'job_A172', 'job_A174']",25,RandomForest,Constraint_Aware_VLoan,0.0,0.0
True,False,Categorical group 'job' has invalid one-hot encoding sum (2.42),True,False,0.46176698438034197,0.6087503692936517,0.10875036929365167,35,15.939414921216384,2.745097632388374,35,"['duration_months', 'credit_amount', 'number_existing_credits', 'status_checking_account_A12', 'status_checking_account_A13', 'status_checking_account_A14', 'purpose_A40', 'purpose_A41', 'purpose_A410', 'purpose_A42', 'purpose_A43', 'purpose_A44', 'purpose_A45', 'purpose_A46', 'purpose_A48', 'savings_account_A62', 'savings_account_A63', 'savings_account_A64', 'savings_account_A65', 'present_employment_since_A71', 'present_employment_since_A72', 'present_employment_since_A74', 'present_employment_since_A75', 'other_debtors_guarantors_A102', 'other_debtors_guarantors_A103', 'property_A121', 'property_A123', 'property_A124', 'other_installment_plans_A141', 'other_installment_plans_A142', 'housing_A152', 'housing_A153', 'job_A171', 'job_A172', 'job_A174']",37,RandomForest,Constraint_Aware_VLoan,0.0,0.0
True,False,Categorical group 'job' has invalid one-hot encoding sum (2.43),True,False,0.37417296687543244,0.5831954070186353,0.08319540701863526,35,16.198239869995845,2.7754285137780603,35,"['duration_months', 'credit_amount', 'number_existing_credits', 'status_checking_account_A12', 'status_checking_account_A13', 'status_checking_account_A14', 'purpose_A40', 'purpose_A41', 'purpose_A410', 'purpose_A43', 'purpose_A44', 'purpose_A45', 'purpose_A46', 'purpose_A48', 'purpose_A49', 'savings_account_A62', 'savings_account_A63', 'savings_account_A64', 'savings_account_A65', 'present_employment_since_A71', 'present_employment_since_A73', 'present_employment_since_A74', 'present_employment_since_A75', 'other_debtors_guarantors_A101', 'other_debtors_guarantors_A103', 'property_A121', 'property_A122', 'property_A123', 'other_installment_plans_A141', 'other_installment_plans_A142', 'housing_A152', 'housing_A153', 'job_A171', 'job_A173', 'job_A174']",39,RandomForest,Constraint_Aware_VLoan,0.0,0.0
True,False,Categorical group 'credit' has invalid one-hot encoding sum (0.40),False,False,0.44084637327033477,0.4441797066036681,-0.05582029339633188,2,0.0893072148317878,0.06533630043356381,2,"['duration_months', 'credit_amount']",47,RandomForest,Constraint_Aware_VLoan,0.0,0.0
True,False,Categorical group 'job' has invalid one-hot encoding sum (2.42),True,False,0.4414855055840194,0.6274402383977437,0.12744023839774365,35,15.887338498453857,2.7420678202951327,35,"['duration_months', 'credit_amount', 'number_existing_credits', 'status_checking_account_A12', 'status_checking_account_A13', 'status_checking_account_A14', 'purpose_A40', 'purpose_A41', 'purpose_A410', 'purpose_A42', 'purpose_A43', 'purpose_A44', 'purpose_A45', 'purpose_A46', 'purpose_A49', 'savings_account_A62', 'savings_account_A63', 'savings_account_A64', 'savings_account_A65', 'present_employment_since_A71', 'present_employment_since_A72', 'present_employment_since_A73', 'present_employment_since_A74', 'other_debtors_guarantors_A102', 'other_debtors_guarantors_A103', 'property_A121', 'property_A122', 'property_A124', 'other_installment_plans_A142', 'other_installment_plans_A143', 'housing_A151', 'housing_A153', 'job_A171', 'job_A173', 'job_A174']",48,RandomForest,Constraint_Aware_VLoan,0.0,0.0
True,False,Categorical group 'credit' has invalid one-hot encoding sum (1.67),True,False,0.494512269268279,0.5005966066176766,0.0005966066176765761,1,0.04999999999999982,0.04999999999999982,1,['duration_months'],52,RandomForest,Constraint_Aware_VLoan,0.0,0.0
True,False,Categorical group 'credit' has invalid one-hot encoding sum (0.76),False,False,0.4852499864332166,0.4999375015374228,-6.249846257722069e-05,2,0.2342370327738128,0.2181001129444178,2,"['duration_months', 'credit_amount']",53,RandomForest,Constraint_Aware_VLoan,0.0,0.0
True,False,Categorical group 'credit' has invalid one-hot encoding sum (0.56),False,False,0.3830043994203825,0.38753240506577946,-0.11246759493422054,1,0.20000000000000007,0.20000000000000007,1,['credit_amount'],55,RandomForest,Constraint_Aware_VLoan,0.0,0.0
True,False,Categorical group 'credit' has invalid one-hot encoding sum (4.06),False,False,0.45798913386777956,0.4646558005344463,-0.03534419946555373,1,0.10000000000000009,0.10000000000000009,1,['duration_months'],61,RandomForest,Constraint_Aware_VLoan,0.0,0.0
True,True,,False,False,0.47916703127143734,0.47789198573409675,-0.022108014265903253,2,0.13032784409947024,0.09229569126916022,2,"['duration_months', 'credit_amount']",65,RandomForest,Constraint_Aware_VLoan,0.0,0.0
True,False,Categorical group 'job' has invalid one-hot encoding sum (2.42),True,False,0.491483716493733,0.6410930745297502,0.14109307452975017,36,16.293229182581378,2.7721669516096976,36,"['duration_months', 'credit_amount', 'installment_rate', 'number_existing_credits', 'status_checking_account_A12', 'status_checking_account_A13', 'status_checking_account_A14', 'purpose_A40', 'purpose_A41', 'purpose_A410', 'purpose_A43', 'purpose_A44', 'purpose_A45', 'purpose_A46', 'purpose_A48', 'purpose_A49', 'savings_account_A62', 'savings_account_A63', 'savings_account_A64', 'savings_account_A65', 'present_employment_since_A71', 'present_employment_since_A73', 'present_employment_since_A74', 'present_employment_since_A75', 'other_debtors_guarantors_A102', 'other_debtors_guarantors_A103', 'property_A121', 'property_A123', 'property_A124', 'other_installment_plans_A141', 'other_installment_plans_A142', 'housing_A152', 'housing_A153', 'job_A171', 'job_A172', 'job_A174']",69,RandomForest,Constraint_Aware_VLoan,0.0,0.0
True,False,Categorical group 'credit' has invalid one-hot encoding sum (1.87),False,False,0.3305662787377257,0.3766558459455856,-0.1233441540544144,2,0.6668916906398304,0.5045784414208755,2,"['duration_months', 'credit_amount']",71,RandomForest,Constraint_Aware_VLoan,0.0,0.0
True,False,Categorical group 'credit' has invalid one-hot encoding sum (0.36),True,False,0.48633815663679836,0.5205719334945168,0.020571933494516803,2,0.07071056345975635,0.05000000000000006,2,"['duration_months', 'credit_amount']",74,RandomForest,Constraint_Aware_VLoan,0.0,0.0
True,False,Categorical group 'job' has invalid one-hot encoding sum (2.42),True,False,0.4890228798949739,0.628242628517281,0.12824262851728097,36,16.762565555586978,2.8114856975987395,36,"['duration_months', 'credit_amount', 'installment_rate', 'number_existing_credits', 'status_checking_account_A11', 'status_checking_account_A13', 'status_checking_account_A14', 'purpose_A40', 'purpose_A410', 'purpose_A42', 'purpose_A43', 'purpose_A44', 'purpose_A45', 'purpose_A46', 'purpose_A48', 'purpose_A49', 'savings_account_A62', 'savings_account_A63', 'savings_account_A64', 'savings_account_A65', 'present_employment_since_A71', 'present_employment_since_A72', 'present_employment_since_A74', 'present_employment_since_A75', 'other_debtors_guarantors_A102', 'other_debtors_guarantors_A103', 'property_A121', 'property_A122', 'property_A124', 'other_installment_plans_A141', 'other_installment_plans_A142', 'housing_A152', 'housing_A153', 'job_A171', 'job_A172', 'job_A173']",88,RandomForest,Constraint_Aware_VLoan,0.0,0.0
True,False,Counterfactual is identical to original rejected applicant (no changes proposed),False,False,0.48164402758799707,0.48164402758799707,-0.01835597241200293,0,0.0,0.0,0,[],108,RandomForest,Constraint_Aware_VLoan,0.0,0.0
True,False,Categorical group 'job' has invalid one-hot encoding sum (1.22),False,False,0.47515681206853716,0.47515681206853716,-0.02484318793146284,36,2.7088348405414555,0.45157759322486724,36,"['duration_months', 'credit_amount', 'installment_rate', 'number_existing_credits', 'status_checking_account_A12', 'status_checking_account_A13', 'status_checking_account_A14', 'purpose_A41', 'purpose_A410', 'purpose_A42', 'purpose_A43', 'purpose_A44', 'purpose_A45', 'purpose_A46', 'purpose_A48', 'purpose_A49', 'savings_account_A62', 'savings_account_A63', 'savings_account_A64', 'savings_account_A65', 'present_employment_since_A71', 'present_employment_since_A72', 'present_employment_since_A74', 'present_employment_since_A75', 'other_debtors_guarantors_A102', 'other_debtors_guarantors_A103', 'property_A121', 'property_A122', 'property_A123', 'other_installment_plans_A141', 'other_installment_plans_A142', 'housing_A151', 'housing_A152', 'job_A171', 'job_A172', 'job_A174']",111,RandomForest,Constraint_Aware_VLoan,0.0,0.0
True,False,Categorical group 'purpose' has invalid one-hot encoding sum (1.22),False,False,0.4650695847219913,0.46865932831173485,-0.031340671688265154,36,1.05,0.22912878474779205,36,"['duration_months', 'credit_amount', 'installment_rate', 'number_existing_credits', 'status_checking_account_A11', 'status_checking_account_A13', 'status_checking_account_A14', 'purpose_A40', 'purpose_A410', 'purpose_A42', 'purpose_A43', 'purpose_A44', 'purpose_A45', 'purpose_A46', 'purpose_A48', 'purpose_A49', 'savings_account_A62', 'savings_account_A63', 'savings_account_A64', 'savings_account_A65', 'present_employment_since_A72', 'present_employment_since_A73', 'present_employment_since_A74', 'present_employment_since_A75', 'other_debtors_guarantors_A102', 'other_debtors_guarantors_A103', 'property_A121', 'property_A122', 'property_A123', 'other_installment_plans_A141', 'other_installment_plans_A142', 'housing_A151', 'housing_A152', 'job_A171', 'job_A172', 'job_A173']",115,RandomForest,Constraint_Aware_VLoan,0.0,0.0
True,False,Categorical group 'job' has invalid one-hot encoding sum (2.43),True,False,0.42882653379953145,0.6696357253284503,0.16963572532845028,36,16.676544074912723,2.7969063814750044,36,"['duration_months', 'credit_amount', 'installment_rate', 'number_existing_credits', 'status_checking_account_A11', 'status_checking_account_A13', 'status_checking_account_A14', 'purpose_A40', 'purpose_A41', 'purpose_A410', 'purpose_A42', 'purpose_A43', 'purpose_A44', 'purpose_A45', 'purpose_A48', 'purpose_A49', 'savings_account_A61', 'savings_account_A63', 'savings_account_A64', 'savings_account_A65', 'present_employment_since_A71', 'present_employment_since_A72', 'present_employment_since_A74', 'present_employment_since_A75', 'other_debtors_guarantors_A102', 'other_debtors_guarantors_A103', 'property_A121', 'property_A122', 'property_A123', 'other_installment_plans_A141', 'other_installment_plans_A142', 'housing_A151', 'housing_A152', 'job_A171', 'job_A172', 'job_A174']",135,RandomForest,Constraint_Aware_VLoan,0.0,0.0
True,False,Categorical group 'credit' has invalid one-hot encoding sum (0.44),False,False,0.48883153962973175,0.49638709518528734,-0.0036129048147126586,1,0.10000000000000009,0.10000000000000009,1,['credit_amount'],139,RandomForest,Constraint_Aware_VLoan,0.0,0.0
True,False,Categorical group 'purpose' has invalid one-hot encoding sum (1.22),False,False,0.45808806140326785,0.4673809906961971,-0.032619009303802904,36,1.1051755724924375,0.24140057547909932,36,"['duration_months', 'credit_amount', 'installment_rate', 'number_existing_credits', 'status_checking_account_A11', 'status_checking_account_A13', 'status_checking_account_A14', 'purpose_A40', 'purpose_A41', 'purpose_A410', 'purpose_A42', 'purpose_A43', 'purpose_A45', 'purpose_A46', 'purpose_A48', 'purpose_A49', 'savings_account_A61', 'savings_account_A62', 'savings_account_A63', 'savings_account_A64', 'present_employment_since_A71', 'present_employment_since_A73', 'present_employment_since_A74', 'present_employment_since_A75', 'other_debtors_guarantors_A102', 'other_debtors_guarantors_A103', 'property_A121', 'property_A122', 'property_A123', 'other_installment_plans_A142', 'other_installment_plans_A143', 'housing_A151', 'housing_A153', 'job_A172', 'job_A173', 'job_A174']",144,RandomForest,Constraint_Aware_VLoan,0.0,0.0
True,False,Categorical group 'job' has invalid one-hot encoding sum (2.42),True,False,0.42414007313039515,0.5394390164413455,0.03943901644134551,35,16.11217789150864,2.7558708689614484,35,"['credit_amount', 'installment_rate', 'number_existing_credits', 'status_checking_account_A11', 'status_checking_account_A13', 'status_checking_account_A14', 'purpose_A40', 'purpose_A41', 'purpose_A42', 'purpose_A43', 'purpose_A44', 'purpose_A45', 'purpose_A46', 'purpose_A48', 'purpose_A49', 'savings_account_A61', 'savings_account_A63', 'savings_account_A64', 'savings_account_A65', 'present_employment_since_A71', 'present_employment_since_A72', 'present_employment_since_A73', 'present_employment_since_A74', 'other_debtors_guarantors_A102', 'other_debtors_guarantors_A103', 'property_A121', 'property_A122', 'property_A123', 'other_installment_plans_A142', 'other_installment_plans_A143', 'housing_A151', 'housing_A152', 'job_A171', 'job_A172', 'job_A173']",151,RandomForest,Constraint_Aware_VLoan,0.0,0.0
True,False,Categorical group 'credit' has invalid one-hot encoding sum (1.20),False,False,0.42411828598283285,0.4289766795156846,-0.07102332048431542,2,0.17661000266729276,0.13371536396516928,2,"['duration_months', 'credit_amount']",154,RandomForest,Constraint_Aware_VLoan,0.0,0.0
True,False,Categorical group 'job' has invalid one-hot encoding sum (2.42),True,False,0.35554025367584186,0.5579872934500533,0.05798729345005327,34,15.76879673118523,2.741187132361811,34,"['credit_amount', 'number_existing_credits', 'status_checking_account_A11', 'status_checking_account_A13', 'status_checking_account_A14', 'purpose_A41', 'purpose_A410', 'purpose_A42', 'purpose_A43', 'purpose_A44', 'purpose_A45', 'purpose_A46', 'purpose_A48', 'purpose_A49', 'savings_account_A62', 'savings_account_A63', 'savings_account_A64', 'savings_account_A65', 'present_employment_since_A71', 'present_employment_since_A72', 'present_employment_since_A73', 'present_employment_since_A75', 'other_debtors_guarantors_A102', 'other_debtors_guarantors_A103', 'property_A121', 'property_A122', 'property_A123', 'other_installment_plans_A141', 'other_installment_plans_A142', 'housing_A151', 'housing_A153', 'job_A171', 'job_A172', 'job_A173']",155,RandomForest,Constraint_Aware_VLoan,0.0,0.0
True,False,Categorical group 'credit' has invalid one-hot encoding sum (2.83),False,False,0.439597674528909,0.43984688194916904,-0.060153118050830956,1,0.10000000000000003,0.10000000000000003,1,['duration_months'],157,RandomForest,Constraint_Aware_VLoan,0.0,0.0
True,False,Categorical group 'credit' has invalid one-hot encoding sum (0.38),True,False,0.4882413779664749,0.5208061035044755,0.020806103504475537,1,0.050000000000000044,0.050000000000000044,1,['credit_amount'],167,RandomForest,Constraint_Aware_VLoan,0.0,0.0
True,False,Categorical group 'credit' has invalid one-hot encoding sum (0.55),False,False,0.4080337395202792,0.43006441306212634,-0.06993558693787366,2,0.2224928668765323,0.18212846820978135,2,"['duration_months', 'credit_amount']",171,RandomForest,Constraint_Aware_VLoan,0.0,0.0
True,False,Categorical group 'job' has invalid one-hot encoding sum (2.42),True,False,0.40297510093429967,0.6085462888381317,0.10854628883813167,35,16.12616371500871,2.758330249128208,35,"['duration_months', 'credit_amount', 'number_existing_credits', 'status_checking_account_A11', 'status_checking_account_A13', 'status_checking_account_A14', 'purpose_A41', 'purpose_A410', 'purpose_A42', 'purpose_A43', 'purpose_A44', 'purpose_A45', 'purpose_A46', 'purpose_A48', 'purpose_A49', 'savings_account_A62', 'savings_account_A63', 'savings_account_A64', 'savings_account_A65', 'present_employment_since_A71', 'present_employment_since_A72', 'present_employment_since_A73', 'present_employment_since_A74', 'other_debtors_guarantors_A102', 'other_debtors_guarantors_A103', 'property_A121', 'property_A122', 'property_A123', 'other_installment_plans_A141', 'other_installment_plans_A142', 'housing_A151', 'housing_A152', 'job_A171', 'job_A172', 'job_A173']",182,RandomForest,Constraint_Aware_VLoan,0.0,0.0
True,False,Categorical group 'job' has invalid one-hot encoding sum (2.43),True,False,0.4456495540648988,0.5681106753412593,0.06811067534125925,35,16.014871348704006,2.7480139579530554,35,"['duration_months', 'credit_amount', 'number_existing_credits', 'status_checking_account_A12', 'status_checking_account_A13', 'status_checking_account_A14', 'purpose_A40', 'purpose_A41', 'purpose_A410', 'purpose_A42', 'purpose_A44', 'purpose_A45', 'purpose_A46', 'purpose_A48', 'purpose_A49', 'savings_account_A62', 'savings_account_A63', 'savings_account_A64', 'savings_account_A65', 'present_employment_since_A71', 'present_employment_since_A72', 'present_employment_since_A74', 'present_employment_since_A75', 'other_debtors_guarantors_A102', 'other_debtors_guarantors_A103', 'property_A121', 'property_A122', 'property_A124', 'other_installment_plans_A141', 'other_installment_plans_A142', 'housing_A152', 'housing_A153', 'job_A171', 'job_A172', 'job_A174']",185,RandomForest,Constraint_Aware_VLoan,0.0,0.0
True,False,Categorical group 'credit' has invalid one-hot encoding sum (0.42),False,False,0.46583133183034675,0.4736767424583661,-0.026323257541633893,1,0.10000000000000003,0.10000000000000003,1,['credit_amount'],210,RandomForest,Constraint_Aware_VLoan,0.0,0.0
True,False,Counterfactual is identical to original rejected applicant (no changes proposed),False,False,0.4768131409414812,0.4768131409414812,-0.023186859058518805,0,0.0,0.0,0,[],222,RandomForest,Constraint_Aware_VLoan,0.0,0.0
True,False,Categorical group 'purpose' has invalid one-hot encoding sum (1.22),False,False,0.3580026711652973,0.3663360044986307,-0.13366399550136931,36,1.0036578041946398,0.18185575100709417,36,"['duration_months', 'credit_amount', 'installment_rate', 'number_existing_credits', 'status_checking_account_A12', 'status_checking_account_A13', 'status_checking_account_A14', 'purpose_A40', 'purpose_A41', 'purpose_A42', 'purpose_A43', 'purpose_A44', 'purpose_A45', 'purpose_A46', 'purpose_A48', 'purpose_A49', 'savings_account_A62', 'savings_account_A63', 'savings_account_A64', 'savings_account_A65', 'present_employment_since_A72', 'present_employment_since_A73', 'present_employment_since_A74', 'present_employment_since_A75', 'other_debtors_guarantors_A101', 'other_debtors_guarantors_A103', 'property_A121', 'property_A122', 'property_A124', 'other_installment_plans_A141', 'other_installment_plans_A142', 'housing_A151', 'housing_A153', 'job_A171', 'job_A172', 'job_A173']",228,RandomForest,Constraint_Aware_VLoan,0.0,0.0
True,False,Categorical group 'credit' has invalid one-hot encoding sum (2.21),False,False,0.38383187840687183,0.397255971728411,-0.10274402827158902,1,0.10000000000000009,0.10000000000000009,1,['credit_amount'],231,RandomForest,Constraint_Aware_VLoan,0.0,0.0
True,False,Categorical group 'credit' has invalid one-hot encoding sum (2.36),True,False,0.4999200164914032,0.5046819212533079,0.004681921253307908,1,0.050000000000000044,0.050000000000000044,1,['credit_amount'],235,RandomForest,Constraint_Aware_VLoan,0.0,0.0
True,False,Categorical group 'credit' has invalid one-hot encoding sum (0.35),True,False,0.422156358422125,0.5227843835910895,0.022784383591089474,2,0.2688444092139268,0.1911863625640973,2,"['duration_months', 'credit_amount']",237,RandomForest,Constraint_Aware_VLoan,0.0,0.0
True,False,"Feature 'installment_rate' value 1.14 is out of domain bounds [-1.77, 0.91]",False,False,0.09031184576147777,0.2044521042468943,-0.2955478957531057,29,6.874763935092165,1.3845404357314417,29,"['duration_months', 'credit_amount', 'installment_rate', 'status_checking_account_A11', 'status_checking_account_A12', 'status_checking_account_A13', 'status_checking_account_A14', 'savings_account_A61', 'savings_account_A62', 'savings_account_A63', 'savings_account_A64', 'savings_account_A65', 'other_debtors_guarantors_A101', 'other_debtors_guarantors_A102', 'other_debtors_guarantors_A103', 'property_A121', 'property_A122', 'property_A123', 'property_A124', 'other_installment_plans_A141', 'other_installment_plans_A142', 'other_installment_plans_A143', 'housing_A151', 'housing_A152', 'housing_A153', 'job_A171', 'job_A172', 'job_A173', 'job_A174']",3,GradientBoosting,Local_Baseline,0.0,0.0
True,False,"Feature 'installment_rate' value 1.44 is out of domain bounds [-1.77, 0.91]",True,False,0.23719948469976454,0.5297241916910755,0.02972419169107554,29,15.21713470811385,2.8264413299897133,29,"['duration_months', 'credit_amount', 'installment_rate', 'status_checking_account_A11', 'status_checking_account_A12', 'status_checking_account_A13', 'status_checking_account_A14', 'savings_account_A61', 'savings_account_A62', 'savings_account_A63', 'savings_account_A64', 'savings_account_A65', 'other_debtors_guarantors_A101', 'other_debtors_guarantors_A102', 'other_debtors_guarantors_A103', 'property_A121', 'property_A122', 'property_A123', 'property_A124', 'other_installment_plans_A141', 'other_installment_plans_A142', 'other_installment_plans_A143', 'housing_A151', 'housing_A152', 'housing_A153', 'job_A171', 'job_A172', 'job_A173', 'job_A174']",8,GradientBoosting,Local_Baseline,0.0,0.0
True,False,Categorical group 'credit' has invalid one-hot encoding sum (0.79),True,False,0.4179631335608137,0.522498560406844,0.022498560406843948,2,0.31919244379272504,0.2262405257848361,2,"['duration_months', 'credit_amount']",15,GradientBoosting,Local_Baseline,0.0,0.0
True,False,Categorical group 'credit' has invalid one-hot encoding sum (0.56),False,False,0.33440027563886127,0.25645751478800216,-0.24354248521199784,2,0.21229327708904916,0.15468373677609903,2,"['duration_months', 'credit_amount']",22,GradientBoosting,Local_Baseline,0.0,0.0
True,False,"Feature 'status_checking_account_A12' value 1.52 is out of domain bounds [0.00, 1.00]",True,False,0.27276538365860725,0.5420526887590746,0.04205268875907464,29,14.75223828091879,2.7784677434237697,29,"['duration_months', 'credit_amount', 'installment_rate', 'status_checking_account_A11', 'status_checking_account_A12', 'status_checking_account_A13', 'status_checking_account_A14', 'savings_account_A61', 'savings_account_A62', 'savings_account_A63', 'savings_account_A64', 'savings_account_A65', 'other_debtors_guarantors_A101', 'other_debtors_guarantors_A102', 'other_debtors_guarantors_A103', 'property_A121', 'property_A122', 'property_A123', 'property_A124', 'other_installment_plans_A141', 'other_installment_plans_A142', 'other_installment_plans_A143', 'housing_A151', 'housing_A152', 'housing_A153', 'job_A171', 'job_A172', 'job_A173', 'job_A174']",25,GradientBoosting,Local_Baseline,0.0,0.0
True,False,"Feature 'status_checking_account_A14' value 1.52 is out of domain bounds [0.00, 1.00]",True,False,0.35434572250457924,0.5815672986404673,0.0815672986404673,29,14.528004640194297,2.7173465651579196,29,"['duration_months', 'credit_amount', 'installment_rate', 'status_checking_account_A11', 'status_checking_account_A12', 'status_checking_account_A13', 'status_checking_account_A14', 'savings_account_A61', 'savings_account_A62', 'savings_account_A63', 'savings_account_A64', 'savings_account_A65', 'other_debtors_guarantors_A101', 'other_debtors_guarantors_A102', 'other_debtors_guarantors_A103', 'property_A121', 'property_A122', 'property_A123', 'property_A124', 'other_installment_plans_A141', 'other_installment_plans_A142', 'other_installment_plans_A143', 'housing_A151', 'housing_A152', 'housing_A153', 'job_A171', 'job_A172', 'job_A173', 'job_A174']",28,GradientBoosting,Local_Baseline,0.0,0.0
True,True,,True,True,0.47475761476488426,0.7434889128897106,0.24348891288971064,1,0.29999999999999993,0.29999999999999993,1,['credit_amount'],29,GradientBoosting,Local_Baseline,1.0,0.1683585906546451
True,False,Counterfactual is identical to original rejected applicant (no changes proposed),False,False,0.45133633106947685,0.45133633106947685,-0.04866366893052315,0,2.7755575615628914e-17,2.7755575615628914e-17,0,[],31,GradientBoosting,Local_Baseline,0.0,0.0
True,False,Categorical group 'job' has invalid one-hot encoding sum (1.30),False,False,0.29669013073429407,0.31909079090520603,-0.18090920909479397,29,2.175,0.40388736053508767,29,"['duration_months', 'credit_amount', 'installment_rate', 'status_checking_account_A11', 'status_checking_account_A12', 'status_checking_account_A13', 'status_checking_account_A14', 'savings_account_A61', 'savings_account_A62', 'savings_account_A63', 'savings_account_A64', 'savings_account_A65', 'other_debtors_guarantors_A101', 'other_debtors_guarantors_A102', 'other_debtors_guarantors_A103', 'property_A121', 'property_A122', 'property_A123', 'property_A124', 'other_installment_plans_A141', 'other_installment_plans_A142', 'other_installment_plans_A143', 'housing_A151', 'housing_A152', 'housing_A153', 'job_A171', 'job_A172', 'job_A173', 'job_A174']",37,GradientBoosting,Local_Baseline,0.0,0.0
True,False,"Feature 'installment_rate' value 2.34 is out of domain bounds [-1.77, 0.91]",False,False,0.011237775722548774,0.060580846145126446,-0.43941915385487357,29,36.10473978182366,7.086286928811327,29,"['duration_months', 'credit_amount', 'installment_rate', 'status_checking_account_A11', 'status_checking_account_A12', 'status_checking_account_A13', 'status_checking_account_A14', 'savings_account_A61', 'savings_account_A62', 'savings_account_A63', 'savings_account_A64', 'savings_account_A65', 'other_debtors_guarantors_A101', 'other_debtors_guarantors_A102', 'other_debtors_guarantors_A103', 'property_A121', 'property_A122', 'property_A123', 'property_A124', 'other_installment_plans_A141', 'other_installment_plans_A142', 'other_installment_plans_A143', 'housing_A151', 'housing_A152', 'housing_A153', 'job_A171', 'job_A172', 'job_A173', 'job_A174']",39,GradientBoosting,Local_Baseline,0.0,0.0
True,False,Categorical group 'credit' has invalid one-hot encoding sum (0.43),True,False,0.3568356887522092,0.6930647148728396,0.1930647148728396,2,0.20790292055287013,0.14999999999999994,2,"['duration_months', 'credit_amount']",43,GradientBoosting,Local_Baseline,0.0,0.0
True,False,Categorical group 'credit' has invalid one-hot encoding sum (0.45),True,False,0.24736574183881105,0.6219110784860791,0.12191107848607907,2,0.19975944958501013,0.15000000000000008,2,"['duration_months', 'credit_amount']",44,GradientBoosting,Local_Baseline,0.0,0.0
True,False,Counterfactual is identical to original rejected applicant (no changes proposed),False,False,0.2266134517712667,0.2266134517712667,-0.2733865482287333,0,0.0,0.0,0,[],47,GradientBoosting,Local_Baseline,0.0,0.0
True,False,"Feature 'installment_rate' value 1.44 is out of domain bounds [-1.77, 0.91]",True,False,0.20935910308927239,0.9045793459024538,0.4045793459024538,29,14.158674005262103,2.720508168115311,29,"['duration_months', 'credit_amount', 'installment_rate', 'status_checking_account_A11', 'status_checking_account_A12', 'status_checking_account_A13', 'status_checking_account_A14', 'savings_account_A61', 'savings_account_A62', 'savings_account_A63', 'savings_account_A64', 'savings_account_A65', 'other_debtors_guarantors_A101', 'other_debtors_guarantors_A102', 'other_debtors_guarantors_A103', 'property_A121', 'property_A122', 'property_A123', 'property_A124', 'other_installment_plans_A141', 'other_installment_plans_A142', 'other_installment_plans_A143', 'housing_A151', 'housing_A152', 'housing_A153', 'job_A171', 'job_A172', 'job_A173', 'job_A174']",48,GradientBoosting,Local_Baseline,0.0,0.0
True,True,,True,True,0.4966573224778376,0.5048421321581403,0.004842132158140333,1,0.15,0.15,1,['credit_amount'],50,GradientBoosting,Local_Baseline,0.5,0.01506262080705456
True,False,"Feature 'status_checking_account_A12' value 1.52 is out of domain bounds [0.00, 1.00]",True,False,0.1366816518796578,0.8552629055722294,0.3552629055722294,29,14.254064730100414,2.6928377671559627,29,"['duration_months', 'credit_amount', 'installment_rate', 'status_checking_account_A11', 'status_checking_account_A12', 'status_checking_account_A13', 'status_checking_account_A14', 'savings_account_A61', 'savings_account_A62', 'savings_account_A63', 'savings_account_A64', 'savings_account_A65', 'other_debtors_guarantors_A101', 'other_debtors_guarantors_A102', 'other_debtors_guarantors_A103', 'property_A121', 'property_A122', 'property_A123', 'property_A124', 'other_installment_plans_A141', 'other_installment_plans_A142', 'other_installment_plans_A143', 'housing_A151', 'housing_A152', 'housing_A153', 'job_A171', 'job_A172', 'job_A173', 'job_A174']",52,GradientBoosting,Local_Baseline,0.0,0.0
True,False,"Feature 'status_checking_account_A11' value 1.22 is out of domain bounds [0.00, 1.00]",False,False,0.40836668946216037,0.41609617763002754,-0.08390382236997246,29,6.491226488872603,1.223691840592405,29,"['duration_months', 'credit_amount', 'installment_rate', 'status_checking_account_A11', 'status_checking_account_A12', 'status_checking_account_A13', 'status_checking_account_A14', 'savings_account_A61', 'savings_account_A62', 'savings_account_A63', 'savings_account_A64', 'savings_account_A65', 'other_debtors_guarantors_A101', 'other_debtors_guarantors_A102', 'other_debtors_guarantors_A103', 'property_A121', 'property_A122', 'property_A123', 'property_A124', 'other_installment_plans_A141', 'other_installment_plans_A142', 'other_installment_plans_A143', 'housing_A151', 'housing_A152', 'housing_A153', 'job_A171', 'job_A172', 'job_A173', 'job_A174']",53,GradientBoosting,Local_Baseline,0.0,0.0
True,False,Counterfactual is identical to original rejected applicant (no changes proposed),False,False,0.15449806723055323,0.15449806723055323,-0.34550193276944674,0,0.0,0.0,0,[],55,GradientBoosting,Local_Baseline,0.0,0.0
True,False,"Feature 'status_checking_account_A12' value 1.52 is out of domain bounds [0.00, 1.00]",True,False,0.2851889788645188,0.8419723062355594,0.3419723062355594,29,14.992733997143358,2.79584436208465,29,"['duration_months', 'credit_amount', 'installment_rate', 'status_checking_account_A11', 'status_checking_account_A12', 'status_checking_account_A13', 'status_checking_account_A14', 'savings_account_A61', 'savings_account_A62', 'savings_account_A63', 'savings_account_A64', 'savings_account_A65', 'other_debtors_guarantors_A101', 'other_debtors_guarantors_A102', 'other_debtors_guarantors_A103', 'property_A121', 'property_A122', 'property_A123', 'property_A124', 'other_installment_plans_A141', 'other_installment_plans_A142', 'other_installment_plans_A143', 'housing_A151', 'housing_A152', 'housing_A153', 'job_A171', 'job_A172', 'job_A173', 'job_A174']",61,GradientBoosting,Local_Baseline,0.0,0.0
True,False,Counterfactual is identical to original rejected applicant (no changes proposed),False,False,0.3391095946977225,0.3391095946977225,-0.1608904053022775,0,1.3877787807814457e-17,1.3877787807814457e-17,0,[],65,GradientBoosting,Local_Baseline,0.0,0.0
True,False,Categorical group 'credit' has invalid one-hot encoding sum (1.26),False,False,0.32078785499392304,0.31642263453627395,-0.18357736546372605,1,0.3,0.3,1,['credit_amount'],69,GradientBoosting,Local_Baseline,0.0,0.0
True,False,"Feature 'installment_rate' value 1.44 is out of domain bounds [-1.77, 0.91]",True,False,0.2254369670214588,0.8923286075284623,0.3923286075284623,29,14.132595056128302,2.7031627712681883,29,"['duration_months', 'credit_amount', 'installment_rate', 'status_checking_account_A11', 'status_checking_account_A12', 'status_checking_account_A13', 'status_checking_account_A14', 'savings_account_A61', 'savings_account_A62', 'savings_account_A63', 'savings_account_A64', 'savings_account_A65', 'other_debtors_guarantors_A101', 'other_debtors_guarantors_A102', 'other_debtors_guarantors_A103', 'property_A121', 'property_A122', 'property_A123', 'property_A124', 'other_installment_plans_A141', 'other_installment_plans_A142', 'other_installment_plans_A143', 'housing_A151', 'housing_A152', 'housing_A153', 'job_A171', 'job_A172', 'job_A173', 'job_A174']",71,GradientBoosting,Local_Baseline,0.0,0.0
True,False,Categorical group 'credit' has invalid one-hot encoding sum (0.45),True,False,0.25290793314637455,0.6307149695302424,0.13071496953024242,2,0.2100732900465968,0.15,2,"['duration_months', 'credit_amount']",74,GradientBoosting,Local_Baseline,0.0,0.0
True,False,"Feature 'status_checking_account_A12' value 1.52 is out of domain bounds [0.00, 1.00]",True,False,0.26402555122518356,0.8752172899746804,0.3752172899746804,29,14.386505894809401,2.723572637782327,29,"['duration_months', 'credit_amount', 'installment_rate', 'status_checking_account_A11', 'status_checking_account_A12', 'status_checking_account_A13', 'status_checking_account_A14', 'savings_account_A61', 'savings_account_A62', 'savings_account_A63', 'savings_account_A64', 'savings_account_A65', 'other_debtors_guarantors_A101', 'other_debtors_guarantors_A102', 'other_debtors_guarantors_A103', 'property_A121', 'property_A122', 'property_A123', 'property_A124', 'other_installment_plans_A141', 'other_installment_plans_A142', 'other_installment_plans_A143', 'housing_A151', 'housing_A152', 'housing_A153', 'job_A171', 'job_A172', 'job_A173', 'job_A174']",88,GradientBoosting,Local_Baseline,0.0,0.0
True,False,Categorical group 'job' has invalid one-hot encoding sum (1.30),False,False,0.43348576936403604,0.48387434822963027,-0.01612565177036973,29,2.175,0.40388736053508767,29,"['duration_months', 'credit_amount', 'installment_rate', 'status_checking_account_A11', 'status_checking_account_A12', 'status_checking_account_A13', 'status_checking_account_A14', 'savings_account_A61', 'savings_account_A62', 'savings_account_A63', 'savings_account_A64', 'savings_account_A65', 'other_debtors_guarantors_A101', 'other_debtors_guarantors_A102', 'other_debtors_guarantors_A103', 'property_A121', 'property_A122', 'property_A123', 'property_A124', 'other_installment_plans_A141', 'other_installment_plans_A142', 'other_installment_plans_A143', 'housing_A151', 'housing_A152', 'housing_A153', 'job_A171', 'job_A172', 'job_A173', 'job_A174']",91,GradientBoosting,Local_Baseline,0.0,0.0
True,False,Categorical group 'credit' has invalid one-hot encoding sum (0.46),True,False,0.45788905269252606,0.7898928131802343,0.2898928131802343,2,0.20005619817286124,0.15000000000000002,2,"['duration_months', 'credit_amount']",103,GradientBoosting,Local_Baseline,0.0,0.0
True,True,,True,True,0.3166467646729053,0.5830227935948292,0.08302279359482923,1,0.15000000000000002,0.15000000000000002,1,['credit_amount'],107,GradientBoosting,Local_Baseline,0.5,0.00527448252174656
True,False,"Feature 'installment_rate' value 1.44 is out of domain bounds [-1.77, 0.91]",True,False,0.2756371073454785,0.5804455385678595,0.08044553856785952,29,14.774999999999997,2.779051097047335,29,"['duration_months', 'credit_amount', 'installment_rate', 'status_checking_account_A11', 'status_checking_account_A12', 'status_checking_account_A13', 'status_checking_account_A14', 'savings_account_A61', 'savings_account_A62', 'savings_account_A63', 'savings_account_A64', 'savings_account_A65', 'other_debtors_guarantors_A101', 'other_debtors_guarantors_A102', 'other_debtors_guarantors_A103', 'property_A121', 'property_A122', 'property_A123', 'property_A124', 'other_installment_plans_A141', 'other_installment_plans_A142', 'other_installment_plans_A143', 'housing_A151', 'housing_A152', 'housing_A153', 'job_A171', 'job_A172', 'job_A173', 'job_A174']",108,GradientBoosting,Local_Baseline,0.0,0.0
True,False,"Feature 'status_checking_account_A11' value 1.52 is out of domain bounds [0.00, 1.00]",True,False,0.21234191115421322,0.9470660563382451,0.44706605633824514,29,14.83021528827371,2.7616266000897403,29,"['duration_months', 'credit_amount', 'installment_rate', 'status_checking_account_A11', 'status_checking_account_A12', 'status_checking_account_A13', 'status_checking_account_A14', 'savings_account_A61', 'savings_account_A62', 'savings_account_A63', 'savings_account_A64', 'savings_account_A65', 'other_debtors_guarantors_A101', 'other_debtors_guarantors_A102', 'other_debtors_guarantors_A103', 'property_A121', 'property_A122', 'property_A123', 'property_A124', 'other_installment_plans_A141', 'other_installment_plans_A142', 'other_installment_plans_A143', 'housing_A151', 'housing_A152', 'housing_A153', 'job_A171', 'job_A172', 'job_A173', 'job_A174']",111,GradientBoosting,Local_Baseline,0.0,0.0
True,False,"Feature 'status_checking_account_A14' value 1.52 is out of domain bounds [0.00, 1.00]",True,False,0.12008061412323533,0.5498490537211925,0.04984905372119253,29,14.514097428662279,2.753135226425427,29,"['duration_months', 'credit_amount', 'installment_rate', 'status_checking_account_A11', 'status_checking_account_A12', 'status_checking_account_A13', 'status_checking_account_A14', 'savings_account_A61', 'savings_account_A62', 'savings_account_A63', 'savings_account_A64', 'savings_account_A65', 'other_debtors_guarantors_A101', 'other_debtors_guarantors_A102', 'other_debtors_guarantors_A103', 'property_A121', 'property_A122', 'property_A123', 'property_A124', 'other_installment_plans_A141', 'other_installment_plans_A142', 'other_installment_plans_A143', 'housing_A151', 'housing_A152', 'housing_A153', 'job_A171', 'job_A172', 'job_A173', 'job_A174']",112,GradientBoosting,Local_Baseline,0.0,0.0
True,False,"Feature 'status_checking_account_A12' value 1.52 is out of domain bounds [0.00, 1.00]",True,False,0.26582670869764274,0.9101137255336781,0.4101137255336781,29,15.673428694090207,2.9901288460588464,29,"['duration_months', 'credit_amount', 'installment_rate', 'status_checking_account_A11', 'status_checking_account_A12', 'status_checking_account_A13', 'status_checking_account_A14', 'savings_account_A61', 'savings_account_A62', 'savings_account_A63', 'savings_account_A64', 'savings_account_A65', 'other_debtors_guarantors_A101', 'other_debtors_guarantors_A102', 'other_debtors_guarantors_A103', 'property_A121', 'property_A122', 'property_A123', 'property_A124', 'other_installment_plans_A141', 'other_installment_plans_A142', 'other_installment_plans_A143', 'housing_A151', 'housing_A152', 'housing_A153', 'job_A171', 'job_A172', 'job_A173', 'job_A174']",115,GradientBoosting,Local_Baseline,0.0,0.0
True,False,Categorical group 'credit' has invalid one-hot encoding sum (0.78),False,False,0.4043110887330387,0.3845156801363563,-0.11548431986364371,2,0.35398574616528183,0.2585817932312623,2,"['duration_months', 'credit_amount']",120,GradientBoosting,Local_Baseline,0.0,0.0
True,True,,True,True,0.33719793355582517,0.6440424817179147,0.14404248171791467,2,0.19781050314234616,0.15000000000000002,2,"['duration_months', 'credit_amount']",121,GradientBoosting,Local_Baseline,1.0,0.12331170497441724
True,True,,True,True,0.354037899231177,0.5299024294588297,0.029902429458829705,1,0.15,0.15,1,['credit_amount'],131,GradientBoosting,Local_Baseline,1.0,0.06398953018263276
True,False,"Feature 'status_checking_account_A12' value 1.52 is out of domain bounds [0.00, 1.00]",True,False,0.24473319978570188,0.9236633656641384,0.4236633656641384,29,15.271730449137335,2.8516998389722232,29,"['duration_months', 'credit_amount', 'installment_rate', 'status_checking_account_A11', 'status_checking_account_A12', 'status_checking_account_A13', 'status_checking_account_A14', 'savings_account_A61', 'savings_account_A62', 'savings_account_A63', 'savings_account_A64', 'savings_account_A65', 'other_debtors_guarantors_A101', 'other_debtors_guarantors_A102', 'other_debtors_guarantors_A103', 'property_A121', 'property_A122', 'property_A123', 'property_A124', 'other_installment_plans_A141', 'other_installment_plans_A142', 'other_installment_plans_A143', 'housing_A151', 'housing_A152', 'housing_A153', 'job_A171', 'job_A172', 'job_A173', 'job_A174']",135,GradientBoosting,Local_Baseline,0.0,0.0
True,False,Counterfactual is identical to original rejected applicant (no changes proposed),False,False,0.38958173667067436,0.38958173667067436,-0.11041826332932564,0,0.0,0.0,0,[],139,GradientBoosting,Local_Baseline,0.0,0.0
True,False,Categorical group 'job' has invalid one-hot encoding sum (1.30),False,False,0.496413870424721,0.4713691345759984,-0.028630865424001617,29,2.175,0.40388736053508767,29,"['duration_months', 'credit_amount', 'installment_rate', 'status_checking_account_A11', 'status_checking_account_A12', 'status_checking_account_A13', 'status_checking_account_A14', 'savings_account_A61', 'savings_account_A62', 'savings_account_A63', 'savings_account_A64', 'savings_account_A65', 'other_debtors_guarantors_A101', 'other_debtors_guarantors_A102', 'other_debtors_guarantors_A103', 'property_A121', 'property_A122', 'property_A123', 'property_A124', 'other_installment_plans_A141', 'other_installment_plans_A142', 'other_installment_plans_A143', 'housing_A151', 'housing_A152', 'housing_A153', 'job_A171', 'job_A172', 'job_A173', 'job_A174']",140,GradientBoosting,Local_Baseline,0.0,0.0
True,False,Counterfactual is identical to original rejected applicant (no changes proposed),False,False,0.1617986299173704,0.1617986299173704,-0.3382013700826296,0,0.0,0.0,0,[],144,GradientBoosting,Local_Baseline,0.0,0.0
True,False,"Feature 'installment_rate' value 1.44 is out of domain bounds [-1.77, 0.91]",True,False,0.1783641636778808,0.8812939435466646,0.38129394354666457,29,14.671041125548085,2.7498825476585105,29,"['duration_months', 'credit_amount', 'installment_rate', 'status_checking_account_A11', 'status_checking_account_A12', 'status_checking_account_A13', 'status_checking_account_A14', 'savings_account_A61', 'savings_account_A62', 'savings_account_A63', 'savings_account_A64', 'savings_account_A65', 'other_debtors_guarantors_A101', 'other_debtors_guarantors_A102', 'other_debtors_guarantors_A103', 'property_A121', 'property_A122', 'property_A123', 'property_A124', 'other_installment_plans_A141', 'other_installment_plans_A142', 'other_installment_plans_A143', 'housing_A151', 'housing_A152', 'housing_A153', 'job_A171', 'job_A172', 'job_A173', 'job_A174']",147,GradientBoosting,Local_Baseline,0.0,0.0
True,False,"Feature 'duration_months' value 3.70 is out of domain bounds [-1.31, 3.19]",True,False,0.21449957251374654,0.7403769864522065,0.2403769864522065,29,14.776863541561434,2.7509237936808617,29,"['duration_months', 'credit_amount', 'installment_rate', 'status_checking_account_A11', 'status_checking_account_A12', 'status_checking_account_A13', 'status_checking_account_A14', 'savings_account_A61', 'savings_account_A62', 'savings_account_A63', 'savings_account_A64', 'savings_account_A65', 'other_debtors_guarantors_A101', 'other_debtors_guarantors_A102', 'other_debtors_guarantors_A103', 'property_A121', 'property_A122', 'property_A123', 'property_A124', 'other_installment_plans_A141', 'other_installment_plans_A142', 'other_installment_plans_A143', 'housing_A151', 'housing_A152', 'housing_A153', 'job_A171', 'job_A172', 'job_A173', 'job_A174']",151,GradientBoosting,Local_Baseline,0.0,0.0
True,False,Categorical group 'credit' has invalid one-hot encoding sum (1.24),False,False,0.23296135492225564,0.3330170369205293,-0.1669829630794707,2,0.10781883573468878,0.09797181133147555,2,"['duration_months', 'credit_amount']",154,GradientBoosting,Local_Baseline,0.0,0.0
True,False,"Feature 'duration_months' value 3.56 is out of domain bounds [-1.31, 3.19]",True,False,0.16311478469753798,0.8217058306518747,0.32170583065187475,29,14.786122616504514,2.752690274500518,29,"['duration_months', 'credit_amount', 'installment_rate', 'status_checking_account_A11', 'status_checking_account_A12', 'status_checking_account_A13', 'status_checking_account_A14', 'savings_account_A61', 'savings_account_A62', 'savings_account_A63', 'savings_account_A64', 'savings_account_A65', 'other_debtors_guarantors_A101', 'other_debtors_guarantors_A102', 'other_debtors_guarantors_A103', 'property_A121', 'property_A122', 'property_A123', 'property_A124', 'other_installment_plans_A141', 'other_installment_plans_A142', 'other_installment_plans_A143', 'housing_A151', 'housing_A152', 'housing_A153', 'job_A171', 'job_A172', 'job_A173', 'job_A174']",155,GradientBoosting,Local_Baseline,0.0,0.0
True,False,"Feature 'status_checking_account_A12' value 1.52 is out of domain bounds [0.00, 1.00]",True,False,0.15235023019172284,0.6668594753620726,0.16685947536207257,29,14.326451430629188,2.6960671508841685,29,"['duration_months', 'credit_amount', 'installment_rate', 'status_checking_account_A11', 'status_checking_account_A12', 'status_checking_account_A13', 'status_checking_account_A14', 'savings_account_A61', 'savings_account_A62', 'savings_account_A63', 'savings_account_A64', 'savings_account_A65', 'other_debtors_guarantors_A101', 'other_debtors_guarantors_A102', 'other_debtors_guarantors_A103', 'property_A121', 'property_A122', 'property_A123', 'property_A124', 'other_installment_plans_A141', 'other_installment_plans_A142', 'other_installment_plans_A143', 'housing_A151', 'housing_A152', 'housing_A153', 'job_A171', 'job_A172', 'job_A173', 'job_A174']",156,GradientBoosting,Local_Baseline,0.0,0.0
True,False,"Feature 'status_checking_account_A12' value 1.52 is out of domain bounds [0.00, 1.00]",True,False,0.15839157154687578,0.894741036806229,0.39474103680622896,29,14.393175350446802,2.69818916792087,29,"['duration_months', 'credit_amount', 'installment_rate', 'status_checking_account_A11', 'status_checking_account_A12', 'status_checking_account_A13', 'status_checking_account_A14', 'savings_account_A61', 'savings_account_A62', 'savings_account_A63', 'savings_account_A64', 'savings_account_A65', 'other_debtors_guarantors_A101', 'other_debtors_guarantors_A102', 'other_debtors_guarantors_A103', 'property_A121', 'property_A122', 'property_A123', 'property_A124', 'other_installment_plans_A141', 'other_installment_plans_A142', 'other_installment_plans_A143', 'housing_A151', 'housing_A152', 'housing_A153', 'job_A171', 'job_A172', 'job_A173', 'job_A174']",157,GradientBoosting,Local_Baseline,0.0,0.0
True,False,Counterfactual is identical to original rejected applicant (no changes proposed),False,False,0.16063204540830398,0.16063204540830398,-0.339367954591696,0,0.0,0.0,0,[],167,GradientBoosting,Local_Baseline,0.0,0.0
True,False,Categorical group 'credit' has invalid one-hot encoding sum (0.83),False,False,0.0962810743012832,0.17439500931576615,-0.3256049906842339,2,0.6208539816515578,0.4393108721440104,2,"['duration_months', 'credit_amount']",171,GradientBoosting,Local_Baseline,0.0,0.0
True,False,"Feature 'installment_rate' value 1.44 is out of domain bounds [-1.77, 0.91]",True,False,0.2082788272561966,0.6879421775685504,0.18794217756855036,29,15.143340735264715,2.819996945393372,29,"['duration_months', 'credit_amount', 'installment_rate', 'status_checking_account_A11', 'status_checking_account_A12', 'status_checking_account_A13', 'status_checking_account_A14', 'savings_account_A61', 'savings_account_A62', 'savings_account_A63', 'savings_account_A64', 'savings_account_A65', 'other_debtors_guarantors_A101', 'other_debtors_guarantors_A102', 'other_debtors_guarantors_A103', 'property_A121', 'property_A122', 'property_A123', 'property_A124', 'other_installment_plans_A141', 'other_installment_plans_A142', 'other_installment_plans_A143', 'housing_A151', 'housing_A152', 'housing_A153', 'job_A171', 'job_A172', 'job_A173', 'job_A174']",182,GradientBoosting,Local_Baseline,0.0,0.0
True,False,Counterfactual is identical to original rejected applicant (no changes proposed),False,False,0.13774387788498538,0.13774387788498538,-0.3622561221150146,0,0.0,0.0,0,[],185,GradientBoosting,Local_Baseline,0.0,0.0
True,False,Counterfactual is identical to original rejected applicant (no changes proposed),False,False,0.3513588542356085,0.3513588542356085,-0.14864114576439152,0,0.0,0.0,0,[],186,GradientBoosting,Local_Baseline,0.0,0.0
True,False,Categorical group 'credit' has invalid one-hot encoding sum (0.31),True,False,0.40749228701488843,0.6421269405402135,0.14212694054021346,1,0.15000000000000002,0.15000000000000002,1,['credit_amount'],189,GradientBoosting,Local_Baseline,0.0,0.0
True,False,Categorical group 'credit' has invalid one-hot encoding sum (0.65),False,False,0.4588287174404386,0.4840632053876776,-0.01593679461232239,1,0.29999999999999993,0.29999999999999993,1,['credit_amount'],198,GradientBoosting,Local_Baseline,0.0,0.0
True,False,"Feature 'installment_rate' value 1.44 is out of domain bounds [-1.77, 0.91]",True,False,0.28168588929602656,0.9491373093514067,0.4491373093514067,29,14.726668197377192,2.774503220336144,29,"['duration_months', 'credit_amount', 'installment_rate', 'status_checking_account_A11', 'status_checking_account_A12', 'status_checking_account_A13', 'status_checking_account_A14', 'savings_account_A61', 'savings_account_A62', 'savings_account_A63', 'savings_account_A64', 'savings_account_A65', 'other_debtors_guarantors_A101', 'other_debtors_guarantors_A102', 'other_debtors_guarantors_A103', 'property_A121', 'property_A122', 'property_A123', 'property_A124', 'other_installment_plans_A141', 'other_installment_plans_A142', 'other_installment_plans_A143', 'housing_A151', 'housing_A152', 'housing_A153', 'job_A171', 'job_A172', 'job_A173', 'job_A174']",199,GradientBoosting,Local_Baseline,0.0,0.0
True,False,Counterfactual is identical to original rejected applicant (no changes proposed),False,False,0.32123323508513524,0.32123323508513524,-0.17876676491486476,0,5.551115123125783e-17,5.551115123125783e-17,0,[],210,GradientBoosting,Local_Baseline,0.0,0.0
True,False,Categorical group 'job' has invalid one-hot encoding sum (1.30),False,False,0.22036768257246356,0.13409892066112059,-0.3659010793388794,29,2.175,0.40388736053508767,29,"['duration_months', 'credit_amount', 'installment_rate', 'status_checking_account_A11', 'status_checking_account_A12', 'status_checking_account_A13', 'status_checking_account_A14', 'savings_account_A61', 'savings_account_A62', 'savings_account_A63', 'savings_account_A64', 'savings_account_A65', 'other_debtors_guarantors_A101', 'other_debtors_guarantors_A102', 'other_debtors_guarantors_A103', 'property_A121', 'property_A122', 'property_A123', 'property_A124', 'other_installment_plans_A141', 'other_installment_plans_A142', 'other_installment_plans_A143', 'housing_A151', 'housing_A152', 'housing_A153', 'job_A171', 'job_A172', 'job_A173', 'job_A174']",222,GradientBoosting,Local_Baseline,0.0,0.0
True,False,"Feature 'credit_amount' value 5.05 is out of domain bounds [-1.03, 4.52]",True,False,0.11392930823646233,0.7994377210540385,0.29943772105403854,29,15.082238154150424,2.8126011202902457,29,"['duration_months', 'credit_amount', 'installment_rate', 'status_checking_account_A11', 'status_checking_account_A12', 'status_checking_account_A13', 'status_checking_account_A14', 'savings_account_A61', 'savings_account_A62', 'savings_account_A63', 'savings_account_A64', 'savings_account_A65', 'other_debtors_guarantors_A101', 'other_debtors_guarantors_A102', 'other_debtors_guarantors_A103', 'property_A121', 'property_A122', 'property_A123', 'property_A124', 'other_installment_plans_A141', 'other_installment_plans_A142', 'other_installment_plans_A143', 'housing_A151', 'housing_A152', 'housing_A153', 'job_A171', 'job_A172', 'job_A173', 'job_A174']",228,GradientBoosting,Local_Baseline,0.0,0.0
True,False,"Feature 'installment_rate' value 1.44 is out of domain bounds [-1.77, 0.91]",True,False,0.10541003019124384,0.9020183469642149,0.4020183469642149,29,15.38594731571075,2.868543817877323,29,"['duration_months', 'credit_amount', 'installment_rate', 'status_checking_account_A11', 'status_checking_account_A12', 'status_checking_account_A13', 'status_checking_account_A14', 'savings_account_A61', 'savings_account_A62', 'savings_account_A63', 'savings_account_A64', 'savings_account_A65', 'other_debtors_guarantors_A101', 'other_debtors_guarantors_A102', 'other_debtors_guarantors_A103', 'property_A121', 'property_A122', 'property_A123', 'property_A124', 'other_installment_plans_A141', 'other_installment_plans_A142', 'other_installment_plans_A143', 'housing_A151', 'housing_A152', 'housing_A153', 'job_A171', 'job_A172', 'job_A173', 'job_A174']",231,GradientBoosting,Local_Baseline,0.0,0.0
True,False,Categorical group 'job' has invalid one-hot encoding sum (1.30),False,False,0.49807645523594485,0.44463594075346796,-0.05536405924653204,29,2.3249999999999997,0.4562071897723663,29,"['duration_months', 'credit_amount', 'installment_rate', 'status_checking_account_A11', 'status_checking_account_A12', 'status_checking_account_A13', 'status_checking_account_A14', 'savings_account_A61', 'savings_account_A62', 'savings_account_A63', 'savings_account_A64', 'savings_account_A65', 'other_debtors_guarantors_A101', 'other_debtors_guarantors_A102', 'other_debtors_guarantors_A103', 'property_A121', 'property_A122', 'property_A123', 'property_A124', 'other_installment_plans_A141', 'other_installment_plans_A142', 'other_installment_plans_A143', 'housing_A151', 'housing_A152', 'housing_A153', 'job_A171', 'job_A172', 'job_A173', 'job_A174']",235,GradientBoosting,Local_Baseline,0.0,0.0
True,False,"Feature 'credit_amount' value -1.17 is out of domain bounds [-1.03, 4.52]",True,False,0.15495800018570566,0.5152160228593987,0.015216022859398715,29,2.7239123865233315,0.633766628209726,29,"['duration_months', 'credit_amount', 'installment_rate', 'status_checking_account_A11', 'status_checking_account_A12', 'status_checking_account_A13', 'status_checking_account_A14', 'savings_account_A61', 'savings_account_A62', 'savings_account_A63', 'savings_account_A64', 'savings_account_A65', 'other_debtors_guarantors_A101', 'other_debtors_guarantors_A102', 'other_debtors_guarantors_A103', 'property_A121', 'property_A122', 'property_A123', 'property_A124', 'other_installment_plans_A141', 'other_installment_plans_A142', 'other_installment_plans_A143', 'housing_A151', 'housing_A152', 'housing_A153', 'job_A171', 'job_A172', 'job_A173', 'job_A174']",237,GradientBoosting,Local_Baseline,0.0,0.0
True,False,Categorical group 'credit' has invalid one-hot encoding sum (2.44),True,False,0.4572857540865896,0.5507321747941809,0.050732174794180906,2,0.2083454207404113,0.15,2,"['duration_months', 'credit_amount']",241,GradientBoosting,Local_Baseline,0.0,0.0
True,False,Categorical group 'credit' has invalid one-hot encoding sum (0.43),True,False,0.31918194232235664,0.8680144744495576,0.3680144744495576,2,0.42316238610853185,0.29999139421996884,2,"['duration_months', 'credit_amount']",248,GradientBoosting,Local_Baseline,0.0,0.0
True,False,"Feature 'status_checking_account_A11' value 1.22 is out of domain bounds [0.00, 1.00]",False,False,0.16630488939797541,0.2580049278396232,-0.2419950721603768,29,7.031571556082414,1.3729636085212238,29,"['duration_months', 'credit_amount', 'installment_rate', 'status_checking_account_A11', 'status_checking_account_A12', 'status_checking_account_A13', 'status_checking_account_A14', 'savings_account_A61', 'savings_account_A62', 'savings_account_A63', 'savings_account_A64', 'savings_account_A65', 'other_debtors_guarantors_A101', 'other_debtors_guarantors_A102', 'other_debtors_guarantors_A103', 'property_A121', 'property_A122', 'property_A123', 'property_A124', 'other_installment_plans_A141', 'other_installment_plans_A142', 'other_installment_plans_A143', 'housing_A151', 'housing_A152', 'housing_A153', 'job_A171', 'job_A172', 'job_A173', 'job_A174']",249,GradientBoosting,Local_Baseline,0.0,0.0
True,False,Categorical group 'other_installment_plans' has invalid one-hot encoding sum (2.00),True,False,0.09031184576147777,0.5149525190240494,0.014952519024049371,7,6.061815011116134,2.9530548841761695,7,"['installment_rate', 'status_checking_account_A14', 'other_debtors_guarantors_A103', 'property_A122', 'other_installment_plans_A142', 'other_installment_plans_A143', 'housing_A151']",3,GradientBoosting,DiCE,0.0,0.0
True,False,Categorical group 'credit' has invalid one-hot encoding sum (1.56),True,False,0.23719948469976454,0.8293435086581608,0.32934350865816076,1,0.7,0.7,1,['status_checking_account_A14'],8,GradientBoosting,DiCE,0.0,0.0
True,False,Categorical group 'other_debtors_guarantors' has invalid one-hot encoding sum (1.60),True,False,0.4179631335608137,0.5109023271310796,0.010902327131079637,2,2.9863040111161334,2.460578556654704,2,"['installment_rate', 'other_debtors_guarantors_A102']",15,GradientBoosting,DiCE,0.0,0.0
True,False,Categorical group 'other_debtors_guarantors' has invalid one-hot encoding sum (1.80),True,False,0.33440027563886127,0.5270725558397948,0.027072555839794843,2,0.9,0.806225774829855,2,"['status_checking_account_A12', 'other_debtors_guarantors_A103']",22,GradientBoosting,DiCE,0.0,0.0
True,False,Categorical group 'other_debtors_guarantors' has invalid one-hot encoding sum (1.60),True,False,0.27276538365860725,0.5086063062531437,0.008606306253143736,1,0.6,0.6,1,['other_debtors_guarantors_A103'],25,GradientBoosting,DiCE,0.0,0.0
True,True,,False,False,0.09031184576147777,0.12877266979884242,-0.3712273302011576,1,0.033655884304429895,0.033655884304429895,1,['credit_amount'],3,GradientBoosting,Constraint_Aware_VLoan,0.0,0.0
True,False,Categorical group 'job' has invalid one-hot encoding sum (2.42),True,False,0.23719948469976454,0.9440944813404772,0.44409448134047724,35,16.30658118498631,2.7853446070629597,35,"['duration_months', 'credit_amount', 'number_existing_credits', 'status_checking_account_A11', 'status_checking_account_A13', 'status_checking_account_A14', 'purpose_A40', 'purpose_A41', 'purpose_A410', 'purpose_A42', 'purpose_A44', 'purpose_A45', 'purpose_A46', 'purpose_A48', 'purpose_A49', 'savings_account_A62', 'savings_account_A63', 'savings_account_A64', 'savings_account_A65', 'present_employment_since_A71', 'present_employment_since_A73', 'present_employment_since_A74', 'present_employment_since_A75', 'other_debtors_guarantors_A102', 'other_debtors_guarantors_A103', 'property_A121', 'property_A122', 'property_A123', 'other_installment_plans_A141', 'other_installment_plans_A142', 'housing_A151', 'housing_A153', 'job_A171', 'job_A172', 'job_A173']",8,GradientBoosting,Constraint_Aware_VLoan,0.0,0.0
True,False,Categorical group 'credit' has invalid one-hot encoding sum (0.68),True,False,0.4179631335608137,0.5095584792678423,0.009558479267842257,2,0.16293334868568993,0.11785782657240011,2,"['duration_months', 'credit_amount']",15,GradientBoosting,Constraint_Aware_VLoan,0.0,0.0
True,False,Categorical group 'job' has invalid one-hot encoding sum (2.44),True,False,0.33440027563886127,0.9338251472122139,0.4338251472122139,36,16.207913739481903,2.781221411469716,36,"['duration_months', 'credit_amount', 'installment_rate', 'number_existing_credits', 'status_checking_account_A11', 'status_checking_account_A13', 'status_checking_account_A14', 'purpose_A41', 'purpose_A410', 'purpose_A42', 'purpose_A43', 'purpose_A44', 'purpose_A45', 'purpose_A46', 'purpose_A48', 'purpose_A49', 'savings_account_A62', 'savings_account_A63', 'savings_account_A64', 'savings_account_A65', 'present_employment_since_A71', 'present_employment_since_A73', 'present_employment_since_A74', 'present_employment_since_A75', 'other_debtors_guarantors_A102', 'other_debtors_guarantors_A103', 'property_A122', 'property_A123', 'property_A124', 'other_installment_plans_A141', 'other_installment_plans_A142', 'housing_A152', 'housing_A153', 'job_A172', 'job_A173', 'job_A174']",22,GradientBoosting,Constraint_Aware_VLoan,0.0,0.0
True,False,Categorical group 'job' has invalid one-hot encoding sum (2.43),True,False,0.27276538365860725,0.7611848397977887,0.2611848397977887,36,16.86485777234891,2.8306776630136294,36,"['duration_months', 'credit_amount', 'installment_rate', 'number_existing_credits', 'status_checking_account_A11', 'status_checking_account_A13', 'status_checking_account_A14', 'purpose_A41', 'purpose_A410', 'purpose_A42', 'purpose_A43', 'purpose_A44', 'purpose_A45', 'purpose_A46', 'purpose_A48', 'purpose_A49', 'savings_account_A62', 'savings_account_A63', 'savings_account_A64', 'savings_account_A65', 'present_employment_since_A71', 'present_employment_since_A72', 'present_employment_since_A74', 'present_employment_since_A75', 'other_debtors_guarantors_A102', 'other_debtors_guarantors_A103', 'property_A121', 'property_A123', 'property_A124', 'other_installment_plans_A141', 'other_installment_plans_A142', 'housing_A152', 'housing_A153', 'job_A171', 'job_A172', 'job_A174']",25,GradientBoosting,Constraint_Aware_VLoan,0.0,0.0
True,False,Categorical group 'job' has invalid one-hot encoding sum (2.42),True,False,0.35434572250457924,0.8422301984466445,0.3422301984466445,36,16.6563733879185,2.78535469322701,36,"['duration_months', 'credit_amount', 'installment_rate', 'number_existing_credits', 'status_checking_account_A11', 'status_checking_account_A12', 'status_checking_account_A13', 'purpose_A40', 'purpose_A410', 'purpose_A42', 'purpose_A43', 'purpose_A44', 'purpose_A45', 'purpose_A46', 'purpose_A48', 'purpose_A49', 'savings_account_A61', 'savings_account_A63', 'savings_account_A64', 'savings_account_A65', 'present_employment_since_A71', 'present_employment_since_A72', 'present_employment_since_A74', 'present_employment_since_A75', 'other_debtors_guarantors_A102', 'other_debtors_guarantors_A103', 'property_A121', 'property_A122', 'property_A124', 'other_installment_plans_A142', 'other_installment_plans_A143', 'housing_A152', 'housing_A153', 'job_A171', 'job_A173', 'job_A174']",28,GradientBoosting,Constraint_Aware_VLoan,0.0,0.0
True,False,Categorical group 'credit' has invalid one-hot encoding sum (0.23),True,False,0.47475761476488426,0.5649532870037829,0.06495328700378289,1,0.050000000000000044,0.050000000000000044,1,['credit_amount'],29,GradientBoosting,Constraint_Aware_VLoan,0.0,0.0
True,False,Counterfactual is identical to original rejected applicant (no changes proposed),False,False,0.45133633106947685,0.45133633106947685,-0.04866366893052315,0,0.0,0.0,0,[],31,GradientBoosting,Constraint_Aware_VLoan,0.0,0.0
True,False,Categorical group 'job' has invalid one-hot encoding sum (1.60),False,False,0.29669013073429407,0.31909079090520603,-0.18090920909479397,35,6.8999999999999995,1.1704699910719625,35,"['duration_months', 'credit_amount', 'number_existing_credits', 'status_checking_account_A12', 'status_checking_account_A13', 'status_checking_account_A14', 'purpose_A40', 'purpose_A41', 'purpose_A410', 'purpose_A42', 'purpose_A43', 'purpose_A44', 'purpose_A45', 'purpose_A46', 'purpose_A48', 'savings_account_A62', 'savings_account_A63', 'savings_account_A64', 'savings_account_A65', 'present_employment_since_A71', 'present_employment_since_A72', 'present_employment_since_A74', 'present_employment_since_A75', 'other_debtors_guarantors_A102', 'other_debtors_guarantors_A103', 'property_A121', 'property_A123', 'property_A124', 'other_installment_plans_A141', 'other_installment_plans_A142', 'housing_A152', 'housing_A153', 'job_A171', 'job_A172', 'job_A174']",37,GradientBoosting,Constraint_Aware_VLoan,0.0,0.0
True,False,Categorical group 'job' has invalid one-hot encoding sum (2.47),True,False,0.011237775722548774,0.7402749804334079,0.2402749804334079,35,16.505330014024214,2.835185708859624,35,"['duration_months', 'credit_amount', 'number_existing_credits', 'status_checking_account_A12', 'status_checking_account_A13', 'status_checking_account_A14', 'purpose_A40', 'purpose_A41', 'purpose_A410', 'purpose_A43', 'purpose_A44', 'purpose_A45', 'purpose_A46', 'purpose_A48', 'purpose_A49', 'savings_account_A62', 'savings_account_A63', 'savings_account_A64', 'savings_account_A65', 'present_employment_since_A71', 'present_employment_since_A73', 'present_employment_since_A74', 'present_employment_since_A75', 'other_debtors_guarantors_A101', 'other_debtors_guarantors_A103', 'property_A121', 'property_A122', 'property_A123', 'other_installment_plans_A141', 'other_installment_plans_A142', 'housing_A152', 'housing_A153', 'job_A171', 'job_A173', 'job_A174']",39,GradientBoosting,Constraint_Aware_VLoan,0.0,0.0
True,False,Categorical group 'credit' has invalid one-hot encoding sum (0.35),True,False,0.3568356887522092,0.5363133367571548,0.03631333675715476,2,0.06930097351762338,0.04999999999999997,2,"['duration_months', 'credit_amount']",43,GradientBoosting,Constraint_Aware_VLoan,0.0,0.0
True,False,Categorical group 'credit' has invalid one-hot encoding sum (0.40),True,False,0.24736574183881105,0.5538547091045585,0.053854709104558474,2,0.12607959273640335,0.09935215524456838,2,"['duration_months', 'credit_amount']",44,GradientBoosting,Constraint_Aware_VLoan,0.0,0.0
True,False,Categorical group 'job' has invalid one-hot encoding sum (2.43),True,False,0.2266134517712667,0.882756948669754,0.38275694866975396,35,16.016176849061804,2.7518055991742028,35,"['duration_months', 'credit_amount', 'number_existing_credits', 'status_checking_account_A12', 'status_checking_account_A13', 'status_checking_account_A14', 'purpose_A41', 'purpose_A410', 'purpose_A42', 'purpose_A43', 'purpose_A44', 'purpose_A45', 'purpose_A46', 'purpose_A48', 'purpose_A49', 'savings_account_A62', 'savings_account_A63', 'savings_account_A64', 'savings_account_A65', 'present_employment_since_A71', 'present_employment_since_A72', 'present_employment_since_A73', 'present_employment_since_A75', 'other_debtors_guarantors_A102', 'other_debtors_guarantors_A103', 'property_A121', 'property_A122', 'property_A123', 'other_installment_plans_A141', 'other_installment_plans_A142', 'housing_A151', 'housing_A152', 'job_A171', 'job_A173', 'job_A174']",47,GradientBoosting,Constraint_Aware_VLoan,0.0,0.0
True,True,,False,False,0.20935910308927239,0.2935701486508277,-0.2064298513491723,1,0.115843337295095,0.115843337295095,1,['duration_months'],48,GradientBoosting,Constraint_Aware_VLoan,0.0,0.0
True,False,Categorical group 'credit' has invalid one-hot encoding sum (1.20),True,False,0.4966573224778376,0.6308014202726955,0.13080142027269548,1,0.05000000000000002,0.05000000000000002,1,['credit_amount'],50,GradientBoosting,Constraint_Aware_VLoan,0.0,0.0
True,False,Categorical group 'job' has invalid one-hot encoding sum (2.42),True,False,0.1366816518796578,0.6588814689783683,0.1588814689783683,36,16.56588929076411,2.7904450453730982,36,"['duration_months', 'credit_amount', 'installment_rate', 'number_existing_credits', 'status_checking_account_A11', 'status_checking_account_A13', 'status_checking_account_A14', 'purpose_A40', 'purpose_A41', 'purpose_A410', 'purpose_A43', 'purpose_A44', 'purpose_A45', 'purpose_A46', 'purpose_A48', 'purpose_A49', 'savings_account_A62', 'savings_account_A63', 'savings_account_A64', 'savings_account_A65', 'present_employment_since_A71', 'present_employment_since_A72', 'present_employment_since_A74', 'present_employment_since_A75', 'other_debtors_guarantors_A102', 'other_debtors_guarantors_A103', 'property_A121', 'property_A122', 'property_A124', 'other_installment_plans_A141', 'other_installment_plans_A142', 'housing_A151', 'housing_A153', 'job_A171', 'job_A172', 'job_A173']",52,GradientBoosting,Constraint_Aware_VLoan,0.0,0.0
True,False,Categorical group 'purpose' has invalid one-hot encoding sum (1.22),False,False,0.40836668946216037,0.40836668946216037,-0.09163331053783963,36,0.8780580908257379,0.14749480481399532,36,"['duration_months', 'credit_amount', 'installment_rate', 'number_existing_credits', 'status_checking_account_A12', 'status_checking_account_A13', 'status_checking_account_A14', 'purpose_A41', 'purpose_A410', 'purpose_A42', 'purpose_A43', 'purpose_A44', 'purpose_A45', 'purpose_A46', 'purpose_A48', 'purpose_A49', 'savings_account_A62', 'savings_account_A63', 'savings_account_A64', 'savings_account_A65', 'present_employment_since_A72', 'present_employment_since_A73', 'present_employment_since_A74', 'present_employment_since_A75', 'other_debtors_guarantors_A102', 'other_debtors_guarantors_A103', 'property_A121', 'property_A122', 'property_A124', 'other_installment_plans_A141', 'other_installment_plans_A142', 'housing_A152', 'housing_A153', 'job_A171', 'job_A172', 'job_A174']",53,GradientBoosting,Constraint_Aware_VLoan,0.0,0.0
True,False,Categorical group 'credit' has invalid one-hot encoding sum (0.46),False,False,0.15449806723055323,0.19377231866896502,-0.30622768133103495,1,0.10000000000000009,0.10000000000000009,1,['credit_amount'],55,GradientBoosting,Constraint_Aware_VLoan,0.0,0.0
True,False,Categorical group 'job' has invalid one-hot encoding sum (2.44),True,False,0.2851889788645188,0.5924044056419786,0.0924044056419786,36,17.120630016142886,2.856063464864837,36,"['duration_months', 'credit_amount', 'installment_rate', 'number_existing_credits', 'status_checking_account_A11', 'status_checking_account_A13', 'status_checking_account_A14', 'purpose_A40', 'purpose_A41', 'purpose_A410', 'purpose_A42', 'purpose_A43', 'purpose_A44', 'purpose_A45', 'purpose_A48', 'purpose_A49', 'savings_account_A61', 'savings_account_A63', 'savings_account_A64', 'savings_account_A65', 'present_employment_since_A71', 'present_employment_since_A72', 'present_employment_since_A73', 'present_employment_since_A75', 'other_debtors_guarantors_A102', 'other_debtors_guarantors_A103', 'property_A121', 'property_A122', 'property_A123', 'other_installment_plans_A141', 'other_installment_plans_A142', 'housing_A152', 'housing_A153', 'job_A171', 'job_A172', 'job_A174']",61,GradientBoosting,Constraint_Aware_VLoan,0.0,0.0
True,False,Categorical group 'credit' has invalid one-hot encoding sum (1.18),False,False,0.3391095946977225,0.4704571106393827,-0.029542889360617275,1,0.10000000000000002,0.10000000000000002,1,['credit_amount'],65,GradientBoosting,Constraint_Aware_VLoan,0.0,0.0
True,True,,False,False,0.32078785499392304,0.3489508494366696,-0.1510491505633304,1,0.1,0.1,1,['credit_amount'],69,GradientBoosting,Constraint_Aware_VLoan,0.0,0.0
True,False,Categorical group 'job' has invalid one-hot encoding sum (2.43),True,False,0.2254369670214588,0.792949527004208,0.29294952700420795,35,15.822679586049398,2.7377074115382607,35,"['duration_months', 'credit_amount', 'number_existing_credits', 'status_checking_account_A11', 'status_checking_account_A13', 'status_checking_account_A14', 'purpose_A40', 'purpose_A41', 'purpose_A410', 'purpose_A42', 'purpose_A43', 'purpose_A44', 'purpose_A45', 'purpose_A48', 'purpose_A49', 'savings_account_A62', 'savings_account_A63', 'savings_account_A64', 'savings_account_A65', 'present_employment_since_A71', 'present_employment_since_A72', 'present_employment_since_A73', 'present_employment_since_A74', 'other_debtors_guarantors_A102', 'other_debtors_guarantors_A103', 'property_A121', 'property_A122', 'property_A123', 'other_installment_plans_A141', 'other_installment_plans_A142', 'housing_A151', 'housing_A152', 'job_A171', 'job_A172', 'job_A174']",71,GradientBoosting,Constraint_Aware_VLoan,0.0,0.0
True,False,Categorical group 'credit' has invalid one-hot encoding sum (0.41),True,False,0.25290793314637455,0.6307149695302424,0.13071496953024242,2,0.14050712659246656,0.09995632835264963,2,"['duration_months', 'credit_amount']",74,GradientBoosting,Constraint_Aware_VLoan,0.0,0.0
True,False,Categorical group 'job' has invalid one-hot encoding sum (2.44),True,False,0.26402555122518356,0.6446234032625173,0.14462340326251732,36,16.48315064491665,2.8160907879080086,36,"['duration_months', 'credit_amount', 'installment_rate', 'number_existing_credits', 'status_checking_account_A11', 'status_checking_account_A13', 'status_checking_account_A14', 'purpose_A40', 'purpose_A410', 'purpose_A42', 'purpose_A43', 'purpose_A44', 'purpose_A45', 'purpose_A46', 'purpose_A48', 'purpose_A49', 'savings_account_A62', 'savings_account_A63', 'savings_account_A64', 'savings_account_A65', 'present_employment_since_A71', 'present_employment_since_A72', 'present_employment_since_A74', 'present_employment_since_A75', 'other_debtors_guarantors_A102', 'other_debtors_guarantors_A103', 'property_A121', 'property_A122', 'property_A124', 'other_installment_plans_A141', 'other_installment_plans_A142', 'housing_A152', 'housing_A153', 'job_A171', 'job_A172', 'job_A173']",88,GradientBoosting,Constraint_Aware_VLoan,0.0,0.0
True,False,Categorical group 'job' has invalid one-hot encoding sum (2.44),True,False,0.43348576936403604,0.6776519298865428,0.17765192988654277,36,16.627710616019236,2.803624058829537,36,"['duration_months', 'credit_amount', 'installment_rate', 'number_existing_credits', 'status_checking_account_A11', 'status_checking_account_A13', 'status_checking_account_A14', 'purpose_A40', 'purpose_A41', 'purpose_A410', 'purpose_A42', 'purpose_A43', 'purpose_A44', 'purpose_A45', 'purpose_A46', 'purpose_A48', 'savings_account_A61', 'savings_account_A62', 'savings_account_A63', 'savings_account_A64', 'present_employment_since_A71', 'present_employment_since_A72', 'present_employment_since_A74', 'present_employment_since_A75', 'other_debtors_guarantors_A102', 'other_debtors_guarantors_A103', 'property_A121', 'property_A122', 'property_A124', 'other_installment_plans_A142', 'other_installment_plans_A143', 'housing_A151', 'housing_A153', 'job_A171', 'job_A172', 'job_A173']",91,GradientBoosting,Constraint_Aware_VLoan,0.0,0.0
True,False,Categorical group 'credit' has invalid one-hot encoding sum (0.37),True,False,0.45788905269252606,0.6781604866687669,0.17816048666876694,2,0.06668539939095375,0.05,2,"['duration_months', 'credit_amount']",103,GradientBoosting,Constraint_Aware_VLoan,0.0,0.0
True,True,,True,True,0.3166467646729053,0.5830227935948292,0.08302279359482923,1,0.15000000000000002,0.15000000000000002,1,['credit_amount'],107,GradientBoosting,Constraint_Aware_VLoan,0.5,0.00527448252174656
True,False,Categorical group 'job' has invalid one-hot encoding sum (2.43),True,False,0.2756371073454785,0.6818835756893307,0.18188357568933067,35,16.237982617779288,2.781280806967485,35,"['duration_months', 'credit_amount', 'number_existing_credits', 'status_checking_account_A11', 'status_checking_account_A13', 'status_checking_account_A14', 'purpose_A41', 'purpose_A410', 'purpose_A42', 'purpose_A43', 'purpose_A44', 'purpose_A45', 'purpose_A46', 'purpose_A48', 'purpose_A49', 'savings_account_A61', 'savings_account_A63', 'savings_account_A64', 'savings_account_A65', 'present_employment_since_A71', 'present_employment_since_A72', 'present_employment_since_A73', 'present_employment_since_A74', 'other_debtors_guarantors_A102', 'other_debtors_guarantors_A103', 'property_A121', 'property_A122', 'property_A123', 'other_installment_plans_A141', 'other_installment_plans_A142', 'housing_A151', 'housing_A152', 'job_A171', 'job_A172', 'job_A174']",108,GradientBoosting,Constraint_Aware_VLoan,0.0,0.0
True,False,Categorical group 'job' has invalid one-hot encoding sum (2.43),True,False,0.21234191115421322,0.9253592188843155,0.4253592188843155,36,17.17795544471213,2.866801055784487,36,"['duration_months', 'credit_amount', 'installment_rate', 'number_existing_credits', 'status_checking_account_A12', 'status_checking_account_A13', 'status_checking_account_A14', 'purpose_A41', 'purpose_A410', 'purpose_A42', 'purpose_A43', 'purpose_A44', 'purpose_A45', 'purpose_A46', 'purpose_A48', 'purpose_A49', 'savings_account_A62', 'savings_account_A63', 'savings_account_A64', 'savings_account_A65', 'present_employment_since_A71', 'present_employment_since_A72', 'present_employment_since_A74', 'present_employment_since_A75', 'other_debtors_guarantors_A102', 'other_debtors_guarantors_A103', 'property_A121', 'property_A122', 'property_A123', 'other_installment_plans_A141', 'other_installment_plans_A142', 'housing_A151', 'housing_A152', 'job_A171', 'job_A172', 'job_A174']",111,GradientBoosting,Constraint_Aware_VLoan,0.0,0.0
True,False,Categorical group 'job' has invalid one-hot encoding sum (2.42),True,False,0.12008061412323533,0.729161191311033,0.22916119131103296,36,16.57554744363733,2.8005614622515007,36,"['duration_months', 'credit_amount', 'installment_rate', 'number_existing_credits', 'status_checking_account_A11', 'status_checking_account_A12', 'status_checking_account_A13', 'purpose_A40', 'purpose_A41', 'purpose_A410', 'purpose_A42', 'purpose_A43', 'purpose_A44', 'purpose_A45', 'purpose_A48', 'purpose_A49', 'savings_account_A62', 'savings_account_A63', 'savings_account_A64', 'savings_account_A65', 'present_employment_since_A71', 'present_employment_since_A72', 'present_employment_since_A74', 'present_employment_since_A75', 'other_debtors_guarantors_A102', 'other_debtors_guarantors_A103', 'property_A121', 'property_A122', 'property_A123', 'other_installment_plans_A142', 'other_installment_plans_A143', 'housing_A151', 'housing_A152', 'job_A171', 'job_A172', 'job_A174']",112,GradientBoosting,Constraint_Aware_VLoan,0.0,0.0
True,False,Categorical group 'job' has invalid one-hot encoding sum (1.23),False,False,0.26582670869764274,0.315987311087282,-0.184012688912718,36,2.75,0.4609772228646443,36,"['duration_months', 'credit_amount', 'installment_rate', 'number_existing_credits', 'status_checking_account_A11', 'status_checking_account_A13', 'status_checking_account_A14', 'purpose_A40', 'purpose_A410', 'purpose_A42', 'purpose_A43', 'purpose_A44', 'purpose_A45', 'purpose_A46', 'purpose_A48', 'purpose_A49', 'savings_account_A62', 'savings_account_A63', 'savings_account_A64', 'savings_account_A65', 'present_employment_since_A72', 'present_employment_since_A73', 'present_employment_since_A74', 'present_employment_since_A75', 'other_debtors_guarantors_A102', 'other_debtors_guarantors_A103', 'property_A121', 'property_A122', 'property_A123', 'other_installment_plans_A141', 'other_installment_plans_A142', 'housing_A151', 'housing_A152', 'job_A171', 'job_A172', 'job_A173']",115,GradientBoosting,Constraint_Aware_VLoan,0.0,0.0
True,False,Categorical group 'job' has invalid one-hot encoding sum (1.53),True,False,0.4043110887330387,0.5473215746030016,0.04732157460300157,35,6.160946458547673,1.044483282001493,35,"['duration_months', 'credit_amount', 'number_existing_credits', 'status_checking_account_A12', 'status_checking_account_A13', 'status_checking_account_A14', 'purpose_A41', 'purpose_A410', 'purpose_A42', 'purpose_A43', 'purpose_A44', 'purpose_A45', 'purpose_A46', 'purpose_A48', 'purpose_A49', 'savings_account_A62', 'savings_account_A63', 'savings_account_A64', 'savings_account_A65', 'present_employment_since_A71', 'present_employment_since_A72', 'present_employment_since_A74', 'present_employment_since_A75', 'other_debtors_guarantors_A101', 'other_debtors_guarantors_A102', 'property_A121', 'property_A123', 'property_A124', 'other_installment_plans_A142', 'other_installment_plans_A143', 'housing_A152', 'housing_A153', 'job_A171', 'job_A172', 'job_A174']",120,GradientBoosting,Constraint_Aware_VLoan,0.0,0.0
True,True,,True,True,0.33719793355582517,0.5036789603790732,0.003678960379073226,2,0.06593683438078202,0.04999999999999997,2,"['duration_months', 'credit_amount']",121,GradientBoosting,Constraint_Aware_VLoan,0.75,-0.009771742987593035
True,False,Categorical group 'credit' has invalid one-hot encoding sum (1.24),True,False,0.354037899231177,0.5956364882647394,0.09563648826473936,1,0.04999999999999999,0.04999999999999999,1,['credit_amount'],131,GradientBoosting,Constraint_Aware_VLoan,0.0,0.0
True,False,Categorical group 'job' has invalid one-hot encoding sum (2.43),True,False,0.24473319978570188,0.6640259233732562,0.16402592337325617,36,17.280122403952106,2.8855010455299612,36,"['duration_months', 'credit_amount', 'installment_rate', 'number_existing_credits', 'status_checking_account_A11', 'status_checking_account_A13', 'status_checking_account_A14', 'purpose_A40', 'purpose_A41', 'purpose_A410', 'purpose_A42', 'purpose_A43', 'purpose_A44', 'purpose_A45', 'purpose_A48', 'purpose_A49', 'savings_account_A61', 'savings_account_A63', 'savings_account_A64', 'savings_account_A65', 'present_employment_since_A71', 'present_employment_since_A72', 'present_employment_since_A74', 'present_employment_since_A75', 'other_debtors_guarantors_A102', 'other_debtors_guarantors_A103', 'property_A121', 'property_A122', 'property_A123', 'other_installment_plans_A141', 'other_installment_plans_A142', 'housing_A151', 'housing_A152', 'job_A171', 'job_A172', 'job_A174']",135,GradientBoosting,Constraint_Aware_VLoan,0.0,0.0
True,False,Categorical group 'job' has invalid one-hot encoding sum (2.41),True,False,0.38958173667067436,0.7645502794182792,0.26455027941827924,36,16.579887755863282,2.8104192250044844,36,"['duration_months', 'credit_amount', 'installment_rate', 'number_existing_credits', 'status_checking_account_A12', 'status_checking_account_A13', 'status_checking_account_A14', 'purpose_A40', 'purpose_A41', 'purpose_A410', 'purpose_A42', 'purpose_A44', 'purpose_A45', 'purpose_A46', 'purpose_A48', 'purpose_A49', 'savings_account_A62', 'savings_account_A63', 'savings_account_A64', 'savings_account_A65', 'present_employment_since_A71', 'present_employment_since_A73', 'present_employment_since_A74', 'present_employment_since_A75', 'other_debtors_guarantors_A101', 'other_debtors_guarantors_A103', 'property_A121', 'property_A122', 'property_A123', 'other_installment_plans_A142', 'other_installment_plans_A143', 'housing_A151', 'housing_A152', 'job_A171', 'job_A172', 'job_A173']",139,GradientBoosting,Constraint_Aware_VLoan,0.0,0.0
True,False,Categorical group 'purpose' has invalid one-hot encoding sum (1.22),False,False,0.496413870424721,0.496413870424721,-0.0035861295752789846,35,0.8750000000000001,0.14790199457749043,35,"['duration_months', 'credit_amount', 'number_existing_credits', 'status_checking_account_A12', 'status_checking_account_A13', 'status_checking_account_A14', 'purpose_A40', 'purpose_A41', 'purpose_A410', 'purpose_A42', 'purpose_A44', 'purpose_A45', 'purpose_A46', 'purpose_A48', 'purpose_A49', 'savings_account_A62', 'savings_account_A63', 'savings_account_A64', 'savings_account_A65', 'present_employment_since_A71', 'present_employment_since_A73', 'present_employment_since_A74', 'present_employment_since_A75', 'other_debtors_guarantors_A102', 'other_debtors_guarantors_A103', 'property_A122', 'property_A123', 'property_A124', 'other_installment_plans_A141', 'other_installment_plans_A142', 'housing_A151', 'housing_A153', 'job_A171', 'job_A172', 'job_A174']",140,GradientBoosting,Constraint_Aware_VLoan,0.0,0.0
True,False,Categorical group 'credit' has invalid one-hot encoding sum (1.18),False,False,0.1617986299173704,0.2371659684809983,-0.2628340315190017,1,0.09999999999999998,0.09999999999999998,1,['credit_amount'],144,GradientBoosting,Constraint_Aware_VLoan,0.0,0.0
True,False,Counterfactual is identical to original rejected applicant (no changes proposed),False,False,0.1783641636778808,0.1783641636778808,-0.32163583632211923,0,0.0,0.0,0,[],147,GradientBoosting,Constraint_Aware_VLoan,0.0,0.0
True,False,Categorical group 'job' has invalid one-hot encoding sum (2.43),True,False,0.21449957251374654,0.5916139292795785,0.09161392927957845,35,16.49921961961254,2.7924904035460396,35,"['credit_amount', 'installment_rate', 'number_existing_credits', 'status_checking_account_A11', 'status_checking_account_A13', 'status_checking_account_A14', 'purpose_A40', 'purpose_A41', 'purpose_A42', 'purpose_A43', 'purpose_A44', 'purpose_A45', 'purpose_A46', 'purpose_A48', 'purpose_A49', 'savings_account_A61', 'savings_account_A63', 'savings_account_A64', 'savings_account_A65', 'present_employment_since_A71', 'present_employment_since_A72', 'present_employment_since_A73', 'present_employment_since_A74', 'other_debtors_guarantors_A102', 'other_debtors_guarantors_A103', 'property_A121', 'property_A122', 'property_A123', 'other_installment_plans_A142', 'other_installment_plans_A143', 'housing_A151', 'housing_A152', 'job_A171', 'job_A172', 'job_A173']",151,GradientBoosting,Constraint_Aware_VLoan,0.0,0.0
True,True,,False,False,0.23296135492225564,0.40668653233741947,-0.09331346766258053,2,0.2081520756280183,0.14748237163935662,2,"['duration_months', 'credit_amount']",154,GradientBoosting,Constraint_Aware_VLoan,0.0,0.0
True,False,Categorical group 'job' has invalid one-hot encoding sum (2.43),True,False,0.16311478469753798,0.7816446845663308,0.28164468456633085,34,16.192911450342734,2.778762778058456,34,"['credit_amount', 'number_existing_credits', 'status_checking_account_A11', 'status_checking_account_A13', 'status_checking_account_A14', 'purpose_A41', 'purpose_A410', 'purpose_A42', 'purpose_A43', 'purpose_A44', 'purpose_A45', 'purpose_A46', 'purpose_A48', 'purpose_A49', 'savings_account_A62', 'savings_account_A63', 'savings_account_A64', 'savings_account_A65', 'present_employment_since_A71', 'present_employment_since_A72', 'present_employment_since_A73', 'present_employment_since_A75', 'other_debtors_guarantors_A102', 'other_debtors_guarantors_A103', 'property_A121', 'property_A122', 'property_A123', 'other_installment_plans_A141', 'other_installment_plans_A142', 'housing_A151', 'housing_A153', 'job_A171', 'job_A172', 'job_A173']",155,GradientBoosting,Constraint_Aware_VLoan,0.0,0.0
True,False,Categorical group 'job' has invalid one-hot encoding sum (2.43),True,False,0.15235023019172284,0.7770788617949136,0.2770788617949136,36,16.57107193868837,2.787870756508599,36,"['duration_months', 'credit_amount', 'installment_rate', 'number_existing_credits', 'status_checking_account_A11', 'status_checking_account_A13', 'status_checking_account_A14', 'purpose_A40', 'purpose_A41', 'purpose_A410', 'purpose_A42', 'purpose_A43', 'purpose_A44', 'purpose_A45', 'purpose_A48', 'purpose_A49', 'savings_account_A62', 'savings_account_A63', 'savings_account_A64', 'savings_account_A65', 'present_employment_since_A71', 'present_employment_since_A73', 'present_employment_since_A74', 'present_employment_since_A75', 'other_debtors_guarantors_A102', 'other_debtors_guarantors_A103', 'property_A121', 'property_A122', 'property_A123', 'other_installment_plans_A141', 'other_installment_plans_A142', 'housing_A151', 'housing_A152', 'job_A171', 'job_A172', 'job_A174']",156,GradientBoosting,Constraint_Aware_VLoan,0.0,0.0
True,False,Categorical group 'credit' has invalid one-hot encoding sum (2.76),False,False,0.15839157154687578,0.24934505694200082,-0.2506549430579992,2,0.15852310381097362,0.11404290294850511,2,"['duration_months', 'credit_amount']",157,GradientBoosting,Constraint_Aware_VLoan,0.0,0.0
True,False,Categorical group 'job' has invalid one-hot encoding sum (1.82),False,False,0.16063204540830398,0.3688548945100106,-0.13114510548998942,36,9.945069754833547,1.660947939236277,36,"['duration_months', 'credit_amount', 'installment_rate', 'number_existing_credits', 'status_checking_account_A11', 'status_checking_account_A13', 'status_checking_account_A14', 'purpose_A41', 'purpose_A410', 'purpose_A42', 'purpose_A43', 'purpose_A44', 'purpose_A45', 'purpose_A46', 'purpose_A48', 'purpose_A49', 'savings_account_A62', 'savings_account_A63', 'savings_account_A64', 'savings_account_A65', 'present_employment_since_A71', 'present_employment_since_A73', 'present_employment_since_A74', 'present_employment_since_A75', 'other_debtors_guarantors_A102', 'other_debtors_guarantors_A103', 'property_A121', 'property_A122', 'property_A124', 'other_installment_plans_A141', 'other_installment_plans_A142', 'housing_A151', 'housing_A153', 'job_A171', 'job_A173', 'job_A174']",167,GradientBoosting,Constraint_Aware_VLoan,0.0,0.0
True,False,Categorical group 'purpose' has invalid one-hot encoding sum (1.22),False,False,0.0962810743012832,0.19357096340368177,-0.30642903659631826,35,1.1884932171628035,0.29461564036187,35,"['duration_months', 'credit_amount', 'number_existing_credits', 'status_checking_account_A12', 'status_checking_account_A13', 'status_checking_account_A14', 'purpose_A40', 'purpose_A41', 'purpose_A410', 'purpose_A42', 'purpose_A44', 'purpose_A45', 'purpose_A46', 'purpose_A48', 'purpose_A49', 'savings_account_A62', 'savings_account_A63', 'savings_account_A64', 'savings_account_A65', 'present_employment_since_A71', 'present_employment_since_A72', 'present_employment_since_A74', 'present_employment_since_A75', 'other_debtors_guarantors_A102', 'other_debtors_guarantors_A103', 'property_A121', 'property_A122', 'property_A123', 'other_installment_plans_A141', 'other_installment_plans_A142', 'housing_A151', 'housing_A152', 'job_A171', 'job_A172', 'job_A174']",171,GradientBoosting,Constraint_Aware_VLoan,0.0,0.0
True,False,Categorical group 'job' has invalid one-hot encoding sum (2.43),True,False,0.2082788272561966,0.5063376695590471,0.006337669559047132,35,16.76748643596447,2.8363245784229716,35,"['duration_months', 'credit_amount', 'number_existing_credits', 'status_checking_account_A11', 'status_checking_account_A13', 'status_checking_account_A14', 'purpose_A41', 'purpose_A410', 'purpose_A42', 'purpose_A43', 'purpose_A44', 'purpose_A45', 'purpose_A46', 'purpose_A48', 'purpose_A49', 'savings_account_A62', 'savings_account_A63', 'savings_account_A64', 'savings_account_A65', 'present_employment_since_A71', 'present_employment_since_A72', 'present_employment_since_A73', 'present_employment_since_A74', 'other_debtors_guarantors_A102', 'other_debtors_guarantors_A103', 'property_A121', 'property_A122', 'property_A123', 'other_installment_plans_A141', 'other_installment_plans_A142', 'housing_A151', 'housing_A152', 'job_A171', 'job_A172', 'job_A173']",182,GradientBoosting,Constraint_Aware_VLoan,0.0,0.0
True,False,Categorical group 'purpose' has invalid one-hot encoding sum (1.22),False,False,0.13774387788498538,0.13774387788498538,-0.3622561221150146,35,0.925,0.16393596310755001,35,"['duration_months', 'credit_amount', 'number_existing_credits', 'status_checking_account_A12', 'status_checking_account_A13', 'status_checking_account_A14', 'purpose_A40', 'purpose_A41', 'purpose_A410', 'purpose_A42', 'purpose_A44', 'purpose_A45', 'purpose_A46', 'purpose_A48', 'purpose_A49', 'savings_account_A62', 'savings_account_A63', 'savings_account_A64', 'savings_account_A65', 'present_employment_since_A71', 'present_employment_since_A72', 'present_employment_since_A74', 'present_employment_since_A75', 'other_debtors_guarantors_A102', 'other_debtors_guarantors_A103', 'property_A121', 'property_A122', 'property_A124', 'other_installment_plans_A141', 'other_installment_plans_A142', 'housing_A152', 'housing_A153', 'job_A171', 'job_A172', 'job_A174']",185,GradientBoosting,Constraint_Aware_VLoan,0.0,0.0
True,False,Categorical group 'job' has invalid one-hot encoding sum (2.42),True,False,0.3513588542356085,0.8456914483344764,0.3456914483344764,35,16.027538717353853,2.7483453154472524,35,"['duration_months', 'credit_amount', 'number_existing_credits', 'status_checking_account_A12', 'status_checking_account_A13', 'status_checking_account_A14', 'purpose_A40', 'purpose_A41', 'purpose_A410', 'purpose_A42', 'purpose_A44', 'purpose_A45', 'purpose_A46', 'purpose_A48', 'purpose_A49', 'savings_account_A62', 'savings_account_A63', 'savings_account_A64', 'savings_account_A65', 'present_employment_since_A71', 'present_employment_since_A73', 'present_employment_since_A74', 'present_employment_since_A75', 'other_debtors_guarantors_A102', 'other_debtors_guarantors_A103', 'property_A121', 'property_A123', 'property_A124', 'other_installment_plans_A141', 'other_installment_plans_A142', 'housing_A151', 'housing_A153', 'job_A171', 'job_A172', 'job_A174']",186,GradientBoosting,Constraint_Aware_VLoan,0.0,0.0
True,False,Categorical group 'credit' has invalid one-hot encoding sum (0.21),True,False,0.40749228701488843,0.6139910612781911,0.11399106127819114,1,0.050000000000000044,0.050000000000000044,1,['credit_amount'],189,GradientBoosting,Constraint_Aware_VLoan,0.0,0.0
True,False,Categorical group 'job' has invalid one-hot encoding sum (2.41),True,False,0.4588287174404386,0.9635456616471547,0.4635456616471547,35,16.050514909669516,2.756674628053367,35,"['duration_months', 'credit_amount', 'number_existing_credits', 'status_checking_account_A11', 'status_checking_account_A13', 'status_checking_account_A14', 'purpose_A40', 'purpose_A41', 'purpose_A410', 'purpose_A43', 'purpose_A44', 'purpose_A45', 'purpose_A46', 'purpose_A48', 'purpose_A49', 'savings_account_A61', 'savings_account_A63', 'savings_account_A64', 'savings_account_A65', 'present_employment_since_A71', 'present_employment_since_A72', 'present_employment_since_A73', 'present_employment_since_A74', 'other_debtors_guarantors_A102', 'other_debtors_guarantors_A103', 'property_A121', 'property_A122', 'property_A123', 'other_installment_plans_A141', 'other_installment_plans_A142', 'housing_A151', 'housing_A152', 'job_A171', 'job_A172', 'job_A174']",198,GradientBoosting,Constraint_Aware_VLoan,0.0,0.0
True,False,Categorical group 'job' has invalid one-hot encoding sum (2.43),True,False,0.28168588929602656,0.845672808475705,0.34567280847570503,35,16.433035436655544,2.814967163753457,35,"['duration_months', 'credit_amount', 'number_existing_credits', 'status_checking_account_A11', 'status_checking_account_A13', 'status_checking_account_A14', 'purpose_A41', 'purpose_A410', 'purpose_A42', 'purpose_A43', 'purpose_A44', 'purpose_A45', 'purpose_A46', 'purpose_A48', 'purpose_A49', 'savings_account_A62', 'savings_account_A63', 'savings_account_A64', 'savings_account_A65', 'present_employment_since_A72', 'present_employment_since_A73', 'present_employment_since_A74', 'present_employment_since_A75', 'other_debtors_guarantors_A102', 'other_debtors_guarantors_A103', 'property_A121', 'property_A122', 'property_A124', 'other_installment_plans_A141', 'other_installment_plans_A142', 'housing_A151', 'housing_A153', 'job_A171', 'job_A172', 'job_A173']",199,GradientBoosting,Constraint_Aware_VLoan,0.0,0.0
True,False,Categorical group 'credit' has invalid one-hot encoding sum (0.42),False,False,0.32123323508513524,0.33903486928560794,-0.16096513071439206,1,0.10000000000000003,0.10000000000000003,1,['credit_amount'],210,GradientBoosting,Constraint_Aware_VLoan,0.0,0.0
True,False,Categorical group 'job' has invalid one-hot encoding sum (2.42),True,False,0.22036768257246356,0.9077483070524109,0.40774830705241094,35,15.962477404545803,2.750179055398405,35,"['duration_months', 'credit_amount', 'number_existing_credits', 'status_checking_account_A12', 'status_checking_account_A13', 'status_checking_account_A14', 'purpose_A40', 'purpose_A41', 'purpose_A410', 'purpose_A43', 'purpose_A44', 'purpose_A45', 'purpose_A46', 'purpose_A48', 'purpose_A49', 'savings_account_A62', 'savings_account_A63', 'savings_account_A64', 'savings_account_A65', 'present_employment_since_A71', 'present_employment_since_A72', 'present_employment_since_A74', 'present_employment_since_A75', 'other_debtors_guarantors_A102', 'other_debtors_guarantors_A103', 'property_A121', 'property_A122', 'property_A124', 'other_installment_plans_A142', 'other_installment_plans_A143', 'housing_A151', 'housing_A153', 'job_A171', 'job_A172', 'job_A174']",222,GradientBoosting,Constraint_Aware_VLoan,0.0,0.0
True,False,Categorical group 'job' has invalid one-hot encoding sum (2.43),True,False,0.11392930823646233,0.6239657203418579,0.12396572034185793,35,16.711798987400655,2.828751321348454,35,"['duration_months', 'installment_rate', 'number_existing_credits', 'status_checking_account_A12', 'status_checking_account_A13', 'status_checking_account_A14', 'purpose_A40', 'purpose_A41', 'purpose_A42', 'purpose_A43', 'purpose_A44', 'purpose_A45', 'purpose_A46', 'purpose_A48', 'purpose_A49', 'savings_account_A62', 'savings_account_A63', 'savings_account_A64', 'savings_account_A65', 'present_employment_since_A72', 'present_employment_since_A73', 'present_employment_since_A74', 'present_employment_since_A75', 'other_debtors_guarantors_A101', 'other_debtors_guarantors_A103', 'property_A121', 'property_A122', 'property_A124', 'other_installment_plans_A141', 'other_installment_plans_A142', 'housing_A151', 'housing_A153', 'job_A171', 'job_A172', 'job_A173']",228,GradientBoosting,Constraint_Aware_VLoan,0.0,0.0
True,False,Categorical group 'job' has invalid one-hot encoding sum (1.53),False,False,0.10541003019124384,0.11291048264319078,-0.3870895173568092,35,6.274999999999999,1.0709224995301942,35,"['duration_months', 'credit_amount', 'number_existing_credits', 'status_checking_account_A12', 'status_checking_account_A13', 'status_checking_account_A14', 'purpose_A40', 'purpose_A41', 'purpose_A410', 'purpose_A42', 'purpose_A43', 'purpose_A44', 'purpose_A45', 'purpose_A48', 'purpose_A49', 'savings_account_A62', 'savings_account_A63', 'savings_account_A64', 'savings_account_A65', 'present_employment_since_A71', 'present_employment_since_A72', 'present_employment_since_A74', 'present_employment_since_A75', 'other_debtors_guarantors_A102', 'other_debtors_guarantors_A103', 'property_A121', 'property_A123', 'property_A124', 'other_installment_plans_A141', 'other_installment_plans_A143', 'housing_A151', 'housing_A153', 'job_A171', 'job_A172', 'job_A174']",231,GradientBoosting,Constraint_Aware_VLoan,0.0,0.0
True,False,Categorical group 'job' has invalid one-hot encoding sum (1.22),True,False,0.49807645523594485,0.52185234071918,0.021852340719179963,36,2.7500000000000004,0.4609772228646443,36,"['duration_months', 'credit_amount', 'installment_rate', 'number_existing_credits', 'status_checking_account_A12', 'status_checking_account_A13', 'status_checking_account_A14', 'purpose_A40', 'purpose_A41', 'purpose_A410', 'purpose_A43', 'purpose_A44', 'purpose_A45', 'purpose_A46', 'purpose_A48', 'purpose_A49', 'savings_account_A62', 'savings_account_A63', 'savings_account_A64', 'savings_account_A65', 'present_employment_since_A71', 'present_employment_since_A73', 'present_employment_since_A74', 'present_employment_since_A75', 'other_debtors_guarantors_A102', 'other_debtors_guarantors_A103', 'property_A121', 'property_A123', 'property_A124', 'other_installment_plans_A142', 'other_installment_plans_A143', 'housing_A151', 'housing_A153', 'job_A171', 'job_A172', 'job_A174']",235,GradientBoosting,Constraint_Aware_VLoan,0.0,0.0
True,False,Categorical group 'credit' has invalid one-hot encoding sum (0.23),False,False,0.15495800018570566,0.3238779915953499,-0.1761220084046501,2,0.10298990046284018,0.09999522594912065,2,"['duration_months', 'credit_amount']",237,GradientBoosting,Constraint_Aware_VLoan,0.0,0.0
True,False,Categorical group 'credit' has invalid one-hot encoding sum (2.49),True,False,0.4572857540865896,0.5507321747941809,0.050732174794180906,2,0.06944847358013706,0.04999999999999999,2,"['duration_months', 'credit_amount']",241,GradientBoosting,Constraint_Aware_VLoan,0.0,0.0
True,False,Categorical group 'credit' has invalid one-hot encoding sum (0.23),True,False,0.31918194232235664,0.5973711870483699,0.09737118704836989,2,0.09749656695168141,0.08126641211344407,2,"['duration_months', 'credit_amount']",248,GradientBoosting,Constraint_Aware_VLoan,0.0,0.0
True,False,Categorical group 'job' has invalid one-hot encoding sum (1.75),False,False,0.16630488939797541,0.27650802215589165,-0.22349197784410835,36,9.407578211238114,1.5951609528290012,36,"['duration_months', 'credit_amount', 'installment_rate', 'number_existing_credits', 'status_checking_account_A12', 'status_checking_account_A13', 'status_checking_account_A14', 'purpose_A40', 'purpose_A41', 'purpose_A410', 'purpose_A42', 'purpose_A43', 'purpose_A44', 'purpose_A45', 'purpose_A46', 'purpose_A48', 'savings_account_A62', 'savings_account_A63', 'savings_account_A64', 'savings_account_A65', 'present_employment_since_A72', 'present_employment_since_A73', 'present_employment_since_A74', 'present_employment_since_A75', 'other_debtors_guarantors_A102', 'other_debtors_guarantors_A103', 'property_A121', 'property_A123', 'property_A124', 'other_installment_plans_A141', 'other_installment_plans_A143', 'housing_A151', 'housing_A153', 'job_A171', 'job_A172', 'job_A174']",249,GradientBoosting,Constraint_Aware_VLoan,0.0,0.0
True,False,"Feature 'other_debtors_guarantors_A103' value 1.19 is out of domain bounds [0.00, 1.00]",True,False,0.22802992908439618,0.5674176109459752,0.0674176109459752,29,2.7845707953367262,0.5983454818910592,29,"['duration_months', 'credit_amount', 'installment_rate', 'status_checking_account_A11', 'status_checking_account_A12', 'status_checking_account_A13', 'status_checking_account_A14', 'savings_account_A61', 'savings_account_A62', 'savings_account_A63', 'savings_account_A64', 'savings_account_A65', 'other_debtors_guarantors_A101', 'other_debtors_guarantors_A102', 'other_debtors_guarantors_A103', 'property_A121', 'property_A122', 'property_A123', 'property_A124', 'other_installment_plans_A141', 'other_installment_plans_A142', 'other_installment_plans_A143', 'housing_A151', 'housing_A152', 'housing_A153', 'job_A171', 'job_A172', 'job_A173', 'job_A174']",0,MLP_DNN,Local_Baseline,0.0,0.0
True,False,"Feature 'status_checking_account_A11' value -0.31 is out of domain bounds [0.00, 1.00]",True,False,0.1352296332701403,0.5427471211892582,0.042747121189258164,29,3.8908599694017147,0.8940921420754242,29,"['duration_months', 'credit_amount', 'installment_rate', 'status_checking_account_A11', 'status_checking_account_A12', 'status_checking_account_A13', 'status_checking_account_A14', 'savings_account_A61', 'savings_account_A62', 'savings_account_A63', 'savings_account_A64', 'savings_account_A65', 'other_debtors_guarantors_A101', 'other_debtors_guarantors_A102', 'other_debtors_guarantors_A103', 'property_A121', 'property_A122', 'property_A123', 'property_A124', 'other_installment_plans_A141', 'other_installment_plans_A142', 'other_installment_plans_A143', 'housing_A151', 'housing_A152', 'housing_A153', 'job_A171', 'job_A172', 'job_A173', 'job_A174']",3,MLP_DNN,Local_Baseline,0.0,0.0
True,True,,True,True,0.43734758047007066,0.5200223019706273,0.020022301970627265,29,0.6653266395619047,0.15,29,"['duration_months', 'credit_amount', 'installment_rate', 'status_checking_account_A11', 'status_checking_account_A12', 'status_checking_account_A13', 'status_checking_account_A14', 'savings_account_A61', 'savings_account_A62', 'savings_account_A63', 'savings_account_A64', 'savings_account_A65', 'other_debtors_guarantors_A101', 'other_debtors_guarantors_A102', 'other_debtors_guarantors_A103', 'property_A121', 'property_A122', 'property_A123', 'property_A124', 'other_installment_plans_A141', 'other_installment_plans_A142', 'other_installment_plans_A143', 'housing_A151', 'housing_A152', 'housing_A153', 'job_A171', 'job_A172', 'job_A173', 'job_A174']",5,MLP_DNN,Local_Baseline,1.0,0.018821244336745924
True,False,"Feature 'status_checking_account_A11' value -0.17 is out of domain bounds [0.00, 1.00]",True,False,0.2821810180516977,0.5373352246720908,0.03733522467209083,29,2.053006912662095,0.4478709927862642,29,"['duration_months', 'credit_amount', 'installment_rate', 'status_checking_account_A11', 'status_checking_account_A12', 'status_checking_account_A13', 'status_checking_account_A14', 'savings_account_A61', 'savings_account_A62', 'savings_account_A63', 'savings_account_A64', 'savings_account_A65', 'other_debtors_guarantors_A101', 'other_debtors_guarantors_A102', 'other_debtors_guarantors_A103', 'property_A121', 'property_A122', 'property_A123', 'property_A124', 'other_installment_plans_A141', 'other_installment_plans_A142', 'other_installment_plans_A143', 'housing_A151', 'housing_A152', 'housing_A153', 'job_A171', 'job_A172', 'job_A173', 'job_A174']",8,MLP_DNN,Local_Baseline,0.0,0.0
True,False,"Feature 'status_checking_account_A11' value -0.14 is out of domain bounds [0.00, 1.00]",True,False,0.30306975408470666,0.6035118061490139,0.1035118061490139,29,2.039533552731421,0.4490412400706448,29,"['duration_months', 'credit_amount', 'installment_rate', 'status_checking_account_A11', 'status_checking_account_A12', 'status_checking_account_A13', 'status_checking_account_A14', 'savings_account_A61', 'savings_account_A62', 'savings_account_A63', 'savings_account_A64', 'savings_account_A65', 'other_debtors_guarantors_A101', 'other_debtors_guarantors_A102', 'other_debtors_guarantors_A103', 'property_A121', 'property_A122', 'property_A123', 'property_A124', 'other_installment_plans_A141', 'other_installment_plans_A142', 'other_installment_plans_A143', 'housing_A151', 'housing_A152', 'housing_A153', 'job_A171', 'job_A172', 'job_A173', 'job_A174']",9,MLP_DNN,Local_Baseline,0.0,0.0
True,True,,True,True,0.4333021397890951,0.5297690872266418,0.029769087226641844,29,0.6908138205270481,0.15,29,"['duration_months', 'credit_amount', 'installment_rate', 'status_checking_account_A11', 'status_checking_account_A12', 'status_checking_account_A13', 'status_checking_account_A14', 'savings_account_A61', 'savings_account_A62', 'savings_account_A63', 'savings_account_A64', 'savings_account_A65', 'other_debtors_guarantors_A101', 'other_debtors_guarantors_A102', 'other_debtors_guarantors_A103', 'property_A121', 'property_A122', 'property_A123', 'property_A124', 'other_installment_plans_A141', 'other_installment_plans_A142', 'other_installment_plans_A143', 'housing_A151', 'housing_A152', 'housing_A153', 'job_A171', 'job_A172', 'job_A173', 'job_A174']",11,MLP_DNN,Local_Baseline,1.0,0.028851464202652388
True,False,"Feature 'status_checking_account_A12' value -0.11 is out of domain bounds [0.00, 1.00]",True,False,0.2832833468114214,0.5653550955083697,0.06535509550836971,29,2.6747614835303706,0.5970424439198235,29,"['duration_months', 'credit_amount', 'installment_rate', 'status_checking_account_A11', 'status_checking_account_A12', 'status_checking_account_A13', 'status_checking_account_A14', 'savings_account_A61', 'savings_account_A62', 'savings_account_A63', 'savings_account_A64', 'savings_account_A65', 'other_debtors_guarantors_A101', 'other_debtors_guarantors_A102', 'other_debtors_guarantors_A103', 'property_A121', 'property_A122', 'property_A123', 'property_A124', 'other_installment_plans_A141', 'other_installment_plans_A142', 'other_installment_plans_A143', 'housing_A151', 'housing_A152', 'housing_A153', 'job_A171', 'job_A172', 'job_A173', 'job_A174']",15,MLP_DNN,Local_Baseline,0.0,0.0
True,False,"Feature 'status_checking_account_A11' value -0.20 is out of domain bounds [0.00, 1.00]",True,False,0.21616199853647322,0.5318225258725595,0.031822525872559515,29,2.600266993263388,0.5954562198458093,29,"['duration_months', 'credit_amount', 'installment_rate', 'status_checking_account_A11', 'status_checking_account_A12', 'status_checking_account_A13', 'status_checking_account_A14', 'savings_account_A61', 'savings_account_A62', 'savings_account_A63', 'savings_account_A64', 'savings_account_A65', 'other_debtors_guarantors_A101', 'other_debtors_guarantors_A102', 'other_debtors_guarantors_A103', 'property_A121', 'property_A122', 'property_A123', 'property_A124', 'other_installment_plans_A141', 'other_installment_plans_A142', 'other_installment_plans_A143', 'housing_A151', 'housing_A152', 'housing_A153', 'job_A171', 'job_A172', 'job_A173', 'job_A174']",22,MLP_DNN,Local_Baseline,0.0,0.0
True,False,"Feature 'status_checking_account_A11' value -0.23 is out of domain bounds [0.00, 1.00]",True,False,0.14272682672687562,0.547378514057665,0.04737851405766502,29,3.422096763322881,0.7469567076064572,29,"['duration_months', 'credit_amount', 'installment_rate', 'status_checking_account_A11', 'status_checking_account_A12', 'status_checking_account_A13', 'status_checking_account_A14', 'savings_account_A61', 'savings_account_A62', 'savings_account_A63', 'savings_account_A64', 'savings_account_A65', 'other_debtors_guarantors_A101', 'other_debtors_guarantors_A102', 'other_debtors_guarantors_A103', 'property_A121', 'property_A122', 'property_A123', 'property_A124', 'other_installment_plans_A141', 'other_installment_plans_A142', 'other_installment_plans_A143', 'housing_A151', 'housing_A152', 'housing_A153', 'job_A171', 'job_A172', 'job_A173', 'job_A174']",25,MLP_DNN,Local_Baseline,0.0,0.0
True,False,"Feature 'other_debtors_guarantors_A102' value -0.11 is out of domain bounds [0.00, 1.00]",True,False,0.2207387871777554,0.5009353474684768,0.0009353474684767882,29,2.66828977456192,0.5967910179026535,29,"['duration_months', 'credit_amount', 'installment_rate', 'status_checking_account_A11', 'status_checking_account_A12', 'status_checking_account_A13', 'status_checking_account_A14', 'savings_account_A61', 'savings_account_A62', 'savings_account_A63', 'savings_account_A64', 'savings_account_A65', 'other_debtors_guarantors_A101', 'other_debtors_guarantors_A102', 'other_debtors_guarantors_A103', 'property_A121', 'property_A122', 'property_A123', 'property_A124', 'other_installment_plans_A141', 'other_installment_plans_A142', 'other_installment_plans_A143', 'housing_A151', 'housing_A152', 'housing_A153', 'job_A171', 'job_A172', 'job_A173', 'job_A174']",37,MLP_DNN,Local_Baseline,0.0,0.0
True,False,"Feature 'status_checking_account_A12' value -0.32 is out of domain bounds [0.00, 1.00]",True,False,0.03954193591605099,0.5339427350128227,0.033942735012822745,29,6.0457414601851625,1.3359867980247522,29,"['duration_months', 'credit_amount', 'installment_rate', 'status_checking_account_A11', 'status_checking_account_A12', 'status_checking_account_A13', 'status_checking_account_A14', 'savings_account_A61', 'savings_account_A62', 'savings_account_A63', 'savings_account_A64', 'savings_account_A65', 'other_debtors_guarantors_A101', 'other_debtors_guarantors_A102', 'other_debtors_guarantors_A103', 'property_A121', 'property_A122', 'property_A123', 'property_A124', 'other_installment_plans_A141', 'other_installment_plans_A142', 'other_installment_plans_A143', 'housing_A151', 'housing_A152', 'housing_A153', 'job_A171', 'job_A172', 'job_A173', 'job_A174']",39,MLP_DNN,Local_Baseline,0.0,0.0
True,False,Categorical group 'credit' has invalid one-hot encoding sum (0.31),True,False,0.4169458726098996,0.5099582043194376,0.009958204319437614,29,0.6713551419120902,0.14999999999999997,29,"['duration_months', 'credit_amount', 'installment_rate', 'status_checking_account_A11', 'status_checking_account_A12', 'status_checking_account_A13', 'status_checking_account_A14', 'savings_account_A61', 'savings_account_A62', 'savings_account_A63', 'savings_account_A64', 'savings_account_A65', 'other_debtors_guarantors_A101', 'other_debtors_guarantors_A102', 'other_debtors_guarantors_A103', 'property_A121', 'property_A122', 'property_A123', 'property_A124', 'other_installment_plans_A141', 'other_installment_plans_A142', 'other_installment_plans_A143', 'housing_A151', 'housing_A152', 'housing_A153', 'job_A171', 'job_A172', 'job_A173', 'job_A174']",43,MLP_DNN,Local_Baseline,0.0,0.0
True,False,"Feature 'status_checking_account_A11' value -0.20 is out of domain bounds [0.00, 1.00]",True,False,0.32624985735086054,0.5726774441772139,0.07267744417721389,29,2.0251413987801166,0.4490094891059789,29,"['duration_months', 'credit_amount', 'installment_rate', 'status_checking_account_A11', 'status_checking_account_A12', 'status_checking_account_A13', 'status_checking_account_A14', 'savings_account_A61', 'savings_account_A62', 'savings_account_A63', 'savings_account_A64', 'savings_account_A65', 'other_debtors_guarantors_A101', 'other_debtors_guarantors_A102', 'other_debtors_guarantors_A103', 'property_A121', 'property_A122', 'property_A123', 'property_A124', 'other_installment_plans_A141', 'other_installment_plans_A142', 'other_installment_plans_A143', 'housing_A151', 'housing_A152', 'housing_A153', 'job_A171', 'job_A172', 'job_A173', 'job_A174']",44,MLP_DNN,Local_Baseline,0.0,0.0
True,False,"Feature 'status_checking_account_A12' value -0.17 is out of domain bounds [0.00, 1.00]",True,False,0.09215819169453264,0.5366876379671169,0.03668763796711694,29,4.918870535432729,1.0481778958446348,29,"['duration_months', 'credit_amount', 'installment_rate', 'status_checking_account_A11', 'status_checking_account_A12', 'status_checking_account_A13', 'status_checking_account_A14', 'savings_account_A61', 'savings_account_A62', 'savings_account_A63', 'savings_account_A64', 'savings_account_A65', 'other_debtors_guarantors_A101', 'other_debtors_guarantors_A102', 'other_debtors_guarantors_A103', 'property_A121', 'property_A122', 'property_A123', 'property_A124', 'other_installment_plans_A141', 'other_installment_plans_A142', 'other_installment_plans_A143', 'housing_A151', 'housing_A152', 'housing_A153', 'job_A171', 'job_A172', 'job_A173', 'job_A174']",47,MLP_DNN,Local_Baseline,0.0,0.0
True,False,"Feature 'other_debtors_guarantors_A102' value -0.13 is out of domain bounds [0.00, 1.00]",True,False,0.2608135229664168,0.5500380889948958,0.05003808899489581,29,2.570988120523688,0.5974359047447345,29,"['duration_months', 'credit_amount', 'installment_rate', 'status_checking_account_A11', 'status_checking_account_A12', 'status_checking_account_A13', 'status_checking_account_A14', 'savings_account_A61', 'savings_account_A62', 'savings_account_A63', 'savings_account_A64', 'savings_account_A65', 'other_debtors_guarantors_A101', 'other_debtors_guarantors_A102', 'other_debtors_guarantors_A103', 'property_A121', 'property_A122', 'property_A123', 'property_A124', 'other_installment_plans_A141', 'other_installment_plans_A142', 'other_installment_plans_A143', 'housing_A151', 'housing_A152', 'housing_A153', 'job_A171', 'job_A172', 'job_A173', 'job_A174']",48,MLP_DNN,Local_Baseline,0.0,0.0
True,False,Categorical group 'credit' has invalid one-hot encoding sum (1.60),True,False,0.34492582212725786,0.523449182584494,0.02344918258449402,29,1.355456153809715,0.29969253876253427,29,"['duration_months', 'credit_amount', 'installment_rate', 'status_checking_account_A11', 'status_checking_account_A12', 'status_checking_account_A13', 'status_checking_account_A14', 'savings_account_A61', 'savings_account_A62', 'savings_account_A63', 'savings_account_A64', 'savings_account_A65', 'other_debtors_guarantors_A101', 'other_debtors_guarantors_A102', 'other_debtors_guarantors_A103', 'property_A121', 'property_A122', 'property_A123', 'property_A124', 'other_installment_plans_A141', 'other_installment_plans_A142', 'other_installment_plans_A143', 'housing_A151', 'housing_A152', 'housing_A153', 'job_A171', 'job_A172', 'job_A173', 'job_A174']",52,MLP_DNN,Local_Baseline,0.0,0.0
True,False,"Feature 'installment_rate' value -1.91 is out of domain bounds [-1.77, 0.91]",True,False,0.2790332526243069,0.600765847976267,0.10076584797626698,29,1.9997992152754578,0.44912735989250535,29,"['duration_months', 'credit_amount', 'installment_rate', 'status_checking_account_A11', 'status_checking_account_A12', 'status_checking_account_A13', 'status_checking_account_A14', 'savings_account_A61', 'savings_account_A62', 'savings_account_A63', 'savings_account_A64', 'savings_account_A65', 'other_debtors_guarantors_A101', 'other_debtors_guarantors_A102', 'other_debtors_guarantors_A103', 'property_A121', 'property_A122', 'property_A123', 'property_A124', 'other_installment_plans_A141', 'other_installment_plans_A142', 'other_installment_plans_A143', 'housing_A151', 'housing_A152', 'housing_A153', 'job_A171', 'job_A172', 'job_A173', 'job_A174']",53,MLP_DNN,Local_Baseline,0.0,0.0
True,False,"Feature 'savings_account_A62' value -0.13 is out of domain bounds [0.00, 1.00]",True,False,0.0522857036899025,0.5858696451274762,0.08586964512747619,29,5.5105593415928436,1.1796054888055638,29,"['duration_months', 'credit_amount', 'installment_rate', 'status_checking_account_A11', 'status_checking_account_A12', 'status_checking_account_A13', 'status_checking_account_A14', 'savings_account_A61', 'savings_account_A62', 'savings_account_A63', 'savings_account_A64', 'savings_account_A65', 'other_debtors_guarantors_A101', 'other_debtors_guarantors_A102', 'other_debtors_guarantors_A103', 'property_A121', 'property_A122', 'property_A123', 'property_A124', 'other_installment_plans_A141', 'other_installment_plans_A142', 'other_installment_plans_A143', 'housing_A151', 'housing_A152', 'housing_A153', 'job_A171', 'job_A172', 'job_A173', 'job_A174']",55,MLP_DNN,Local_Baseline,0.0,0.0
True,False,Categorical group 'credit' has invalid one-hot encoding sum (0.41),True,False,0.4203871201615612,0.5200783277254246,0.020078327725424616,29,0.6879076279111063,0.15000000000000002,29,"['duration_months', 'credit_amount', 'installment_rate', 'status_checking_account_A11', 'status_checking_account_A12', 'status_checking_account_A13', 'status_checking_account_A14', 'savings_account_A61', 'savings_account_A62', 'savings_account_A63', 'savings_account_A64', 'savings_account_A65', 'other_debtors_guarantors_A101', 'other_debtors_guarantors_A102', 'other_debtors_guarantors_A103', 'property_A121', 'property_A122', 'property_A123', 'property_A124', 'other_installment_plans_A141', 'other_installment_plans_A142', 'other_installment_plans_A143', 'housing_A151', 'housing_A152', 'housing_A153', 'job_A171', 'job_A172', 'job_A173', 'job_A174']",56,MLP_DNN,Local_Baseline,0.0,0.0
True,False,"Feature 'status_checking_account_A11' value -0.12 is out of domain bounds [0.00, 1.00]",True,False,0.24214457911912282,0.5156847188888073,0.015684718888807292,29,2.012629885735264,0.44942963668723496,29,"['duration_months', 'credit_amount', 'installment_rate', 'status_checking_account_A11', 'status_checking_account_A12', 'status_checking_account_A13', 'status_checking_account_A14', 'savings_account_A61', 'savings_account_A62', 'savings_account_A63', 'savings_account_A64', 'savings_account_A65', 'other_debtors_guarantors_A101', 'other_debtors_guarantors_A102', 'other_debtors_guarantors_A103', 'property_A121', 'property_A122', 'property_A123', 'property_A124', 'other_installment_plans_A141', 'other_installment_plans_A142', 'other_installment_plans_A143', 'housing_A151', 'housing_A152', 'housing_A153', 'job_A171', 'job_A172', 'job_A173', 'job_A174']",61,MLP_DNN,Local_Baseline,0.0,0.0
True,False,Categorical group 'credit' has invalid one-hot encoding sum (2.26),True,False,0.49229251922097084,0.598015795887827,0.09801579588782705,29,0.6869475249345862,0.15,29,"['duration_months', 'credit_amount', 'installment_rate', 'status_checking_account_A11', 'status_checking_account_A12', 'status_checking_account_A13', 'status_checking_account_A14', 'savings_account_A61', 'savings_account_A62', 'savings_account_A63', 'savings_account_A64', 'savings_account_A65', 'other_debtors_guarantors_A101', 'other_debtors_guarantors_A102', 'other_debtors_guarantors_A103', 'property_A121', 'property_A122', 'property_A123', 'property_A124', 'other_installment_plans_A141', 'other_installment_plans_A142', 'other_installment_plans_A143', 'housing_A151', 'housing_A152', 'housing_A153', 'job_A171', 'job_A172', 'job_A173', 'job_A174']",62,MLP_DNN,Local_Baseline,0.0,0.0
True,False,"Feature 'other_installment_plans_A142' value -0.12 is out of domain bounds [0.00, 1.00]",True,False,0.23410213685719128,0.5059991564362104,0.005999156436210407,29,2.093955550688214,0.44924356415880545,29,"['duration_months', 'credit_amount', 'installment_rate', 'status_checking_account_A11', 'status_checking_account_A12', 'status_checking_account_A13', 'status_checking_account_A14', 'savings_account_A61', 'savings_account_A62', 'savings_account_A63', 'savings_account_A64', 'savings_account_A65', 'other_debtors_guarantors_A101', 'other_debtors_guarantors_A102', 'other_debtors_guarantors_A103', 'property_A121', 'property_A122', 'property_A123', 'property_A124', 'other_installment_plans_A141', 'other_installment_plans_A142', 'other_installment_plans_A143', 'housing_A151', 'housing_A152', 'housing_A153', 'job_A171', 'job_A172', 'job_A173', 'job_A174']",65,MLP_DNN,Local_Baseline,0.0,0.0
True,False,"Feature 'housing_A151' value -0.10 is out of domain bounds [0.00, 1.00]",True,False,0.3900688261012135,0.5886723563031488,0.08867235630314885,29,1.4078573291633254,0.2999496867992542,29,"['duration_months', 'credit_amount', 'installment_rate', 'status_checking_account_A11', 'status_checking_account_A12', 'status_checking_account_A13', 'status_checking_account_A14', 'savings_account_A61', 'savings_account_A62', 'savings_account_A63', 'savings_account_A64', 'savings_account_A65', 'other_debtors_guarantors_A101', 'other_debtors_guarantors_A102', 'other_debtors_guarantors_A103', 'property_A121', 'property_A122', 'property_A123', 'property_A124', 'other_installment_plans_A141', 'other_installment_plans_A142', 'other_installment_plans_A143', 'housing_A151', 'housing_A152', 'housing_A153', 'job_A171', 'job_A172', 'job_A173', 'job_A174']",68,MLP_DNN,Local_Baseline,0.0,0.0
True,True,,True,True,0.336017987295901,0.5406441707443028,0.04064417074430282,29,1.4287699796971955,0.29987536239743834,29,"['duration_months', 'credit_amount', 'installment_rate', 'status_checking_account_A11', 'status_checking_account_A12', 'status_checking_account_A13', 'status_checking_account_A14', 'savings_account_A61', 'savings_account_A62', 'savings_account_A63', 'savings_account_A64', 'savings_account_A65', 'other_debtors_guarantors_A101', 'other_debtors_guarantors_A102', 'other_debtors_guarantors_A103', 'property_A121', 'property_A122', 'property_A123', 'property_A124', 'other_installment_plans_A141', 'other_installment_plans_A142', 'other_installment_plans_A143', 'housing_A151', 'housing_A152', 'housing_A153', 'job_A171', 'job_A172', 'job_A173', 'job_A174']",69,MLP_DNN,Local_Baseline,1.0,0.038060095512689185
True,False,"Feature 'status_checking_account_A11' value -0.35 is out of domain bounds [0.00, 1.00]",True,False,0.0348796110913191,0.5272127831425593,0.02721278314255926,29,5.430183640744349,1.195290695751372,29,"['duration_months', 'credit_amount', 'installment_rate', 'status_checking_account_A11', 'status_checking_account_A12', 'status_checking_account_A13', 'status_checking_account_A14', 'savings_account_A61', 'savings_account_A62', 'savings_account_A63', 'savings_account_A64', 'savings_account_A65', 'other_debtors_guarantors_A101', 'other_debtors_guarantors_A102', 'other_debtors_guarantors_A103', 'property_A121', 'property_A122', 'property_A123', 'property_A124', 'other_installment_plans_A141', 'other_installment_plans_A142', 'other_installment_plans_A143', 'housing_A151', 'housing_A152', 'housing_A153', 'job_A171', 'job_A172', 'job_A173', 'job_A174']",71,MLP_DNN,Local_Baseline,0.0,0.0
True,False,"Feature 'property_A121' value 1.12 is out of domain bounds [0.00, 1.00]",True,False,0.3211722626718754,0.5593140051656315,0.059314005165631456,29,2.079270527354614,0.447361905093575,29,"['duration_months', 'credit_amount', 'installment_rate', 'status_checking_account_A11', 'status_checking_account_A12', 'status_checking_account_A13', 'status_checking_account_A14', 'savings_account_A61', 'savings_account_A62', 'savings_account_A63', 'savings_account_A64', 'savings_account_A65', 'other_debtors_guarantors_A101', 'other_debtors_guarantors_A102', 'other_debtors_guarantors_A103', 'property_A121', 'property_A122', 'property_A123', 'property_A124', 'other_installment_plans_A141', 'other_installment_plans_A142', 'other_installment_plans_A143', 'housing_A151', 'housing_A152', 'housing_A153', 'job_A171', 'job_A172', 'job_A173', 'job_A174']",74,MLP_DNN,Local_Baseline,0.0,0.0
True,False,"Feature 'savings_account_A61' value -0.13 is out of domain bounds [0.00, 1.00]",True,False,0.37302624627760517,0.5493957614900885,0.04939576149008851,29,1.2600933448182765,0.2997562656608269,29,"['duration_months', 'credit_amount', 'installment_rate', 'status_checking_account_A11', 'status_checking_account_A12', 'status_checking_account_A13', 'status_checking_account_A14', 'savings_account_A61', 'savings_account_A62', 'savings_account_A63', 'savings_account_A64', 'savings_account_A65', 'other_debtors_guarantors_A101', 'other_debtors_guarantors_A102', 'other_debtors_guarantors_A103', 'property_A121', 'property_A122', 'property_A123', 'property_A124', 'other_installment_plans_A141', 'other_installment_plans_A142', 'other_installment_plans_A143', 'housing_A151', 'housing_A152', 'housing_A153', 'job_A171', 'job_A172', 'job_A173', 'job_A174']",91,MLP_DNN,Local_Baseline,0.0,0.0
True,False,Categorical group 'credit' has invalid one-hot encoding sum (0.48),True,False,0.4102586169984715,0.5218371832988964,0.02183718329889639,29,0.6668452293120023,0.15,29,"['duration_months', 'credit_amount', 'installment_rate', 'status_checking_account_A11', 'status_checking_account_A12', 'status_checking_account_A13', 'status_checking_account_A14', 'savings_account_A61', 'savings_account_A62', 'savings_account_A63', 'savings_account_A64', 'savings_account_A65', 'other_debtors_guarantors_A101', 'other_debtors_guarantors_A102', 'other_debtors_guarantors_A103', 'property_A121', 'property_A122', 'property_A123', 'property_A124', 'other_installment_plans_A141', 'other_installment_plans_A142', 'other_installment_plans_A143', 'housing_A151', 'housing_A152', 'housing_A153', 'job_A171', 'job_A172', 'job_A173', 'job_A174']",94,MLP_DNN,Local_Baseline,0.0,0.0
True,False,Categorical group 'credit' has invalid one-hot encoding sum (0.51),True,False,0.48009205103285585,0.58806487845696,0.08806487845695998,29,0.6867695407345429,0.15000000000000002,29,"['duration_months', 'credit_amount', 'installment_rate', 'status_checking_account_A11', 'status_checking_account_A12', 'status_checking_account_A13', 'status_checking_account_A14', 'savings_account_A61', 'savings_account_A62', 'savings_account_A63', 'savings_account_A64', 'savings_account_A65', 'other_debtors_guarantors_A101', 'other_debtors_guarantors_A102', 'other_debtors_guarantors_A103', 'property_A121', 'property_A122', 'property_A123', 'property_A124', 'other_installment_plans_A141', 'other_installment_plans_A142', 'other_installment_plans_A143', 'housing_A151', 'housing_A152', 'housing_A153', 'job_A171', 'job_A172', 'job_A173', 'job_A174']",98,MLP_DNN,Local_Baseline,0.0,0.0
True,False,Categorical group 'credit' has invalid one-hot encoding sum (1.19),True,False,0.47747034345231104,0.5582742660198382,0.058274266019838206,29,0.6385044965976618,0.15000000000000005,29,"['duration_months', 'credit_amount', 'installment_rate', 'status_checking_account_A11', 'status_checking_account_A12', 'status_checking_account_A13', 'status_checking_account_A14', 'savings_account_A61', 'savings_account_A62', 'savings_account_A63', 'savings_account_A64', 'savings_account_A65', 'other_debtors_guarantors_A101', 'other_debtors_guarantors_A102', 'other_debtors_guarantors_A103', 'property_A121', 'property_A122', 'property_A123', 'property_A124', 'other_installment_plans_A141', 'other_installment_plans_A142', 'other_installment_plans_A143', 'housing_A151', 'housing_A152', 'housing_A153', 'job_A171', 'job_A172', 'job_A173', 'job_A174']",104,MLP_DNN,Local_Baseline,0.0,0.0
True,False,"Feature 'status_checking_account_A11' value -0.21 is out of domain bounds [0.00, 1.00]",True,False,0.17216754809152157,0.5273231223491053,0.027323122349105278,29,2.7253397512895616,0.595640097312059,29,"['duration_months', 'credit_amount', 'installment_rate', 'status_checking_account_A11', 'status_checking_account_A12', 'status_checking_account_A13', 'status_checking_account_A14', 'savings_account_A61', 'savings_account_A62', 'savings_account_A63', 'savings_account_A64', 'savings_account_A65', 'other_debtors_guarantors_A101', 'other_debtors_guarantors_A102', 'other_debtors_guarantors_A103', 'property_A121', 'property_A122', 'property_A123', 'property_A124', 'other_installment_plans_A141', 'other_installment_plans_A142', 'other_installment_plans_A143', 'housing_A151', 'housing_A152', 'housing_A153', 'job_A171', 'job_A172', 'job_A173', 'job_A174']",108,MLP_DNN,Local_Baseline,0.0,0.0
True,False,Categorical group 'credit' has invalid one-hot encoding sum (2.07),True,False,0.49642120123371153,0.5808070278617565,0.08080702786175653,29,0.6779384688886434,0.14999999999999997,29,"['duration_months', 'credit_amount', 'installment_rate', 'status_checking_account_A11', 'status_checking_account_A12', 'status_checking_account_A13', 'status_checking_account_A14', 'savings_account_A61', 'savings_account_A62', 'savings_account_A63', 'savings_account_A64', 'savings_account_A65', 'other_debtors_guarantors_A101', 'other_debtors_guarantors_A102', 'other_debtors_guarantors_A103', 'property_A121', 'property_A122', 'property_A123', 'property_A124', 'other_installment_plans_A141', 'other_installment_plans_A142', 'other_installment_plans_A143', 'housing_A151', 'housing_A152', 'housing_A153', 'job_A171', 'job_A172', 'job_A173', 'job_A174']",110,MLP_DNN,Local_Baseline,0.0,0.0
True,False,"Feature 'savings_account_A62' value -0.11 is out of domain bounds [0.00, 1.00]",True,False,0.18609982532612898,0.556927310335346,0.05692731033534604,29,2.7259822297389933,0.5984608747023801,29,"['duration_months', 'credit_amount', 'installment_rate', 'status_checking_account_A11', 'status_checking_account_A12', 'status_checking_account_A13', 'status_checking_account_A14', 'savings_account_A61', 'savings_account_A62', 'savings_account_A63', 'savings_account_A64', 'savings_account_A65', 'other_debtors_guarantors_A101', 'other_debtors_guarantors_A102', 'other_debtors_guarantors_A103', 'property_A121', 'property_A122', 'property_A123', 'property_A124', 'other_installment_plans_A141', 'other_installment_plans_A142', 'other_installment_plans_A143', 'housing_A151', 'housing_A152', 'housing_A153', 'job_A171', 'job_A172', 'job_A173', 'job_A174']",111,MLP_DNN,Local_Baseline,0.0,0.0
True,False,"Feature 'status_checking_account_A11' value -0.11 is out of domain bounds [0.00, 1.00]",True,False,0.37843246703312716,0.5818742356523983,0.08187423565239826,29,1.2830338621336699,0.2986930593731503,29,"['duration_months', 'credit_amount', 'installment_rate', 'status_checking_account_A11', 'status_checking_account_A12', 'status_checking_account_A13', 'status_checking_account_A14', 'savings_account_A61', 'savings_account_A62', 'savings_account_A63', 'savings_account_A64', 'savings_account_A65', 'other_debtors_guarantors_A101', 'other_debtors_guarantors_A102', 'other_debtors_guarantors_A103', 'property_A121', 'property_A122', 'property_A123', 'property_A124', 'other_installment_plans_A141', 'other_installment_plans_A142', 'other_installment_plans_A143', 'housing_A151', 'housing_A152', 'housing_A153', 'job_A171', 'job_A172', 'job_A173', 'job_A174']",112,MLP_DNN,Local_Baseline,0.0,0.0
True,False,"Feature 'property_A122' value 1.11 is out of domain bounds [0.00, 1.00]",True,False,0.22867370211819113,0.5449161698472534,0.04491616984725344,29,2.6753996446772086,0.5975872526016643,29,"['duration_months', 'credit_amount', 'installment_rate', 'status_checking_account_A11', 'status_checking_account_A12', 'status_checking_account_A13', 'status_checking_account_A14', 'savings_account_A61', 'savings_account_A62', 'savings_account_A63', 'savings_account_A64', 'savings_account_A65', 'other_debtors_guarantors_A101', 'other_debtors_guarantors_A102', 'other_debtors_guarantors_A103', 'property_A121', 'property_A122', 'property_A123', 'property_A124', 'other_installment_plans_A141', 'other_installment_plans_A142', 'other_installment_plans_A143', 'housing_A151', 'housing_A152', 'housing_A153', 'job_A171', 'job_A172', 'job_A173', 'job_A174']",121,MLP_DNN,Local_Baseline,0.0,0.0
True,False,Categorical group 'credit' has invalid one-hot encoding sum (0.73),True,False,0.4810298052107717,0.5909188338865607,0.09091883388656075,29,0.6857911702041919,0.14999999999999997,29,"['duration_months', 'credit_amount', 'installment_rate', 'status_checking_account_A11', 'status_checking_account_A12', 'status_checking_account_A13', 'status_checking_account_A14', 'savings_account_A61', 'savings_account_A62', 'savings_account_A63', 'savings_account_A64', 'savings_account_A65', 'other_debtors_guarantors_A101', 'other_debtors_guarantors_A102', 'other_debtors_guarantors_A103', 'property_A121', 'property_A122', 'property_A123', 'property_A124', 'other_installment_plans_A141', 'other_installment_plans_A142', 'other_installment_plans_A143', 'housing_A151', 'housing_A152', 'housing_A153', 'job_A171', 'job_A172', 'job_A173', 'job_A174']",128,MLP_DNN,Local_Baseline,0.0,0.0
True,False,Categorical group 'credit' has invalid one-hot encoding sum (1.27),True,False,0.33444498512375187,0.5143677416944371,0.014367741694437108,29,1.3129936447985244,0.29804630619256683,29,"['duration_months', 'credit_amount', 'installment_rate', 'status_checking_account_A11', 'status_checking_account_A12', 'status_checking_account_A13', 'status_checking_account_A14', 'savings_account_A61', 'savings_account_A62', 'savings_account_A63', 'savings_account_A64', 'savings_account_A65', 'other_debtors_guarantors_A101', 'other_debtors_guarantors_A102', 'other_debtors_guarantors_A103', 'property_A121', 'property_A122', 'property_A123', 'property_A124', 'other_installment_plans_A141', 'other_installment_plans_A142', 'other_installment_plans_A143', 'housing_A151', 'housing_A152', 'housing_A153', 'job_A171', 'job_A172', 'job_A173', 'job_A174']",131,MLP_DNN,Local_Baseline,0.0,0.0
True,False,"Feature 'status_checking_account_A12' value -0.15 is out of domain bounds [0.00, 1.00]",True,False,0.16420204946115574,0.5346944228307241,0.0346944228307241,29,3.453959478304196,0.7444533063027831,29,"['duration_months', 'credit_amount', 'installment_rate', 'status_checking_account_A11', 'status_checking_account_A12', 'status_checking_account_A13', 'status_checking_account_A14', 'savings_account_A61', 'savings_account_A62', 'savings_account_A63', 'savings_account_A64', 'savings_account_A65', 'other_debtors_guarantors_A101', 'other_debtors_guarantors_A102', 'other_debtors_guarantors_A103', 'property_A121', 'property_A122', 'property_A123', 'property_A124', 'other_installment_plans_A141', 'other_installment_plans_A142', 'other_installment_plans_A143', 'housing_A151', 'housing_A152', 'housing_A153', 'job_A171', 'job_A172', 'job_A173', 'job_A174']",139,MLP_DNN,Local_Baseline,0.0,0.0
True,False,Categorical group 'credit' has invalid one-hot encoding sum (1.30),True,False,0.45221942633451484,0.5466214951026829,0.046621495102682875,29,0.6778827624305294,0.15000000000000002,29,"['duration_months', 'credit_amount', 'installment_rate', 'status_checking_account_A11', 'status_checking_account_A12', 'status_checking_account_A13', 'status_checking_account_A14', 'savings_account_A61', 'savings_account_A62', 'savings_account_A63', 'savings_account_A64', 'savings_account_A65', 'other_debtors_guarantors_A101', 'other_debtors_guarantors_A102', 'other_debtors_guarantors_A103', 'property_A121', 'property_A122', 'property_A123', 'property_A124', 'other_installment_plans_A141', 'other_installment_plans_A142', 'other_installment_plans_A143', 'housing_A151', 'housing_A152', 'housing_A153', 'job_A171', 'job_A172', 'job_A173', 'job_A174']",144,MLP_DNN,Local_Baseline,0.0,0.0
True,False,"Feature 'status_checking_account_A11' value -0.37 is out of domain bounds [0.00, 1.00]",True,False,0.21465227142640667,0.557352952489104,0.05735295248910399,29,3.2805671037876665,0.7468786634567801,29,"['duration_months', 'credit_amount', 'installment_rate', 'status_checking_account_A11', 'status_checking_account_A12', 'status_checking_account_A13', 'status_checking_account_A14', 'savings_account_A61', 'savings_account_A62', 'savings_account_A63', 'savings_account_A64', 'savings_account_A65', 'other_debtors_guarantors_A101', 'other_debtors_guarantors_A102', 'other_debtors_guarantors_A103', 'property_A121', 'property_A122', 'property_A123', 'property_A124', 'other_installment_plans_A141', 'other_installment_plans_A142', 'other_installment_plans_A143', 'housing_A151', 'housing_A152', 'housing_A153', 'job_A171', 'job_A172', 'job_A173', 'job_A174']",147,MLP_DNN,Local_Baseline,0.0,0.0
True,False,"Feature 'status_checking_account_A11' value -0.21 is out of domain bounds [0.00, 1.00]",True,False,0.0754419397632019,0.5126117966716167,0.012611796671616715,29,4.906786017004082,1.0466584076556866,29,"['duration_months', 'credit_amount', 'installment_rate', 'status_checking_account_A11', 'status_checking_account_A12', 'status_checking_account_A13', 'status_checking_account_A14', 'savings_account_A61', 'savings_account_A62', 'savings_account_A63', 'savings_account_A64', 'savings_account_A65', 'other_debtors_guarantors_A101', 'other_debtors_guarantors_A102', 'other_debtors_guarantors_A103', 'property_A121', 'property_A122', 'property_A123', 'property_A124', 'other_installment_plans_A141', 'other_installment_plans_A142', 'other_installment_plans_A143', 'housing_A151', 'housing_A152', 'housing_A153', 'job_A171', 'job_A172', 'job_A173', 'job_A174']",151,MLP_DNN,Local_Baseline,0.0,0.0
True,False,"Feature 'other_installment_plans_A141' value -0.12 is out of domain bounds [0.00, 1.00]",True,False,0.16067066666268004,0.5319005608346572,0.0319005608346572,29,2.8765992102232616,0.599054413414467,29,"['duration_months', 'credit_amount', 'installment_rate', 'status_checking_account_A11', 'status_checking_account_A12', 'status_checking_account_A13', 'status_checking_account_A14', 'savings_account_A61', 'savings_account_A62', 'savings_account_A63', 'savings_account_A64', 'savings_account_A65', 'other_debtors_guarantors_A101', 'other_debtors_guarantors_A102', 'other_debtors_guarantors_A103', 'property_A121', 'property_A122', 'property_A123', 'property_A124', 'other_installment_plans_A141', 'other_installment_plans_A142', 'other_installment_plans_A143', 'housing_A151', 'housing_A152', 'housing_A153', 'job_A171', 'job_A172', 'job_A173', 'job_A174']",154,MLP_DNN,Local_Baseline,0.0,0.0
True,False,"Feature 'status_checking_account_A11' value -0.35 is out of domain bounds [0.00, 1.00]",True,False,0.1089881484537533,0.5696084359720401,0.06960843597204014,29,4.539752901379314,1.0462911364139733,29,"['duration_months', 'credit_amount', 'installment_rate', 'status_checking_account_A11', 'status_checking_account_A12', 'status_checking_account_A13', 'status_checking_account_A14', 'savings_account_A61', 'savings_account_A62', 'savings_account_A63', 'savings_account_A64', 'savings_account_A65', 'other_debtors_guarantors_A101', 'other_debtors_guarantors_A102', 'other_debtors_guarantors_A103', 'property_A121', 'property_A122', 'property_A123', 'property_A124', 'other_installment_plans_A141', 'other_installment_plans_A142', 'other_installment_plans_A143', 'housing_A151', 'housing_A152', 'housing_A153', 'job_A171', 'job_A172', 'job_A173', 'job_A174']",155,MLP_DNN,Local_Baseline,0.0,0.0
True,False,"Feature 'status_checking_account_A11' value -0.13 is out of domain bounds [0.00, 1.00]",True,False,0.263605346825793,0.546096102107754,0.046096102107753945,29,2.0732091009019573,0.44889150879810863,29,"['duration_months', 'credit_amount', 'installment_rate', 'status_checking_account_A11', 'status_checking_account_A12', 'status_checking_account_A13', 'status_checking_account_A14', 'savings_account_A61', 'savings_account_A62', 'savings_account_A63', 'savings_account_A64', 'savings_account_A65', 'other_debtors_guarantors_A101', 'other_debtors_guarantors_A102', 'other_debtors_guarantors_A103', 'property_A121', 'property_A122', 'property_A123', 'property_A124', 'other_installment_plans_A141', 'other_installment_plans_A142', 'other_installment_plans_A143', 'housing_A151', 'housing_A152', 'housing_A153', 'job_A171', 'job_A172', 'job_A173', 'job_A174']",156,MLP_DNN,Local_Baseline,0.0,0.0
True,False,"Feature 'status_checking_account_A11' value -0.17 is out of domain bounds [0.00, 1.00]",True,False,0.20568078229223852,0.5654377703061992,0.06543777030619924,29,3.4395238120288414,0.7435707889001487,29,"['duration_months', 'credit_amount', 'installment_rate', 'status_checking_account_A11', 'status_checking_account_A12', 'status_checking_account_A13', 'status_checking_account_A14', 'savings_account_A61', 'savings_account_A62', 'savings_account_A63', 'savings_account_A64', 'savings_account_A65', 'other_debtors_guarantors_A101', 'other_debtors_guarantors_A102', 'other_debtors_guarantors_A103', 'property_A121', 'property_A122', 'property_A123', 'property_A124', 'other_installment_plans_A141', 'other_installment_plans_A142', 'other_installment_plans_A143', 'housing_A151', 'housing_A152', 'housing_A153', 'job_A171', 'job_A172', 'job_A173', 'job_A174']",157,MLP_DNN,Local_Baseline,0.0,0.0
True,False,Categorical group 'credit' has invalid one-hot encoding sum (0.32),True,False,0.4246203221428283,0.5224936969580793,0.022493696958079346,29,0.6602940840715246,0.15000000000000002,29,"['duration_months', 'credit_amount', 'installment_rate', 'status_checking_account_A11', 'status_checking_account_A12', 'status_checking_account_A13', 'status_checking_account_A14', 'savings_account_A61', 'savings_account_A62', 'savings_account_A63', 'savings_account_A64', 'savings_account_A65', 'other_debtors_guarantors_A101', 'other_debtors_guarantors_A102', 'other_debtors_guarantors_A103', 'property_A121', 'property_A122', 'property_A123', 'property_A124', 'other_installment_plans_A141', 'other_installment_plans_A142', 'other_installment_plans_A143', 'housing_A151', 'housing_A152', 'housing_A153', 'job_A171', 'job_A172', 'job_A173', 'job_A174']",167,MLP_DNN,Local_Baseline,0.0,0.0
True,False,"Feature 'other_debtors_guarantors_A101' value 1.11 is out of domain bounds [0.00, 1.00]",True,False,0.16309113131903874,0.5030881729931961,0.003088172993196081,29,2.787492416121397,0.5954487270016079,29,"['duration_months', 'credit_amount', 'installment_rate', 'status_checking_account_A11', 'status_checking_account_A12', 'status_checking_account_A13', 'status_checking_account_A14', 'savings_account_A61', 'savings_account_A62', 'savings_account_A63', 'savings_account_A64', 'savings_account_A65', 'other_debtors_guarantors_A101', 'other_debtors_guarantors_A102', 'other_debtors_guarantors_A103', 'property_A121', 'property_A122', 'property_A123', 'property_A124', 'other_installment_plans_A141', 'other_installment_plans_A142', 'other_installment_plans_A143', 'housing_A151', 'housing_A152', 'housing_A153', 'job_A171', 'job_A172', 'job_A173', 'job_A174']",171,MLP_DNN,Local_Baseline,0.0,0.0
True,False,Categorical group 'credit' has invalid one-hot encoding sum (0.35),True,False,0.4302399867014863,0.5150026098562391,0.015002609856239135,28,0.6704576894705242,0.15,28,"['duration_months', 'credit_amount', 'installment_rate', 'status_checking_account_A11', 'status_checking_account_A12', 'status_checking_account_A13', 'status_checking_account_A14', 'savings_account_A61', 'savings_account_A62', 'savings_account_A63', 'savings_account_A64', 'savings_account_A65', 'other_debtors_guarantors_A101', 'other_debtors_guarantors_A102', 'other_debtors_guarantors_A103', 'property_A121', 'property_A123', 'property_A124', 'other_installment_plans_A141', 'other_installment_plans_A142', 'other_installment_plans_A143', 'housing_A151', 'housing_A152', 'housing_A153', 'job_A171', 'job_A172', 'job_A173', 'job_A174']",176,MLP_DNN,Local_Baseline,0.0,0.0
True,False,"Feature 'status_checking_account_A11' value -0.24 is out of domain bounds [0.00, 1.00]",True,False,0.07319136995195231,0.5360521458928635,0.03605214589286354,29,5.133441147320586,1.1956417442168161,29,"['duration_months', 'credit_amount', 'installment_rate', 'status_checking_account_A11', 'status_checking_account_A12', 'status_checking_account_A13', 'status_checking_account_A14', 'savings_account_A61', 'savings_account_A62', 'savings_account_A63', 'savings_account_A64', 'savings_account_A65', 'other_debtors_guarantors_A101', 'other_debtors_guarantors_A102', 'other_debtors_guarantors_A103', 'property_A121', 'property_A122', 'property_A123', 'property_A124', 'other_installment_plans_A141', 'other_installment_plans_A142', 'other_installment_plans_A143', 'housing_A151', 'housing_A152', 'housing_A153', 'job_A171', 'job_A172', 'job_A173', 'job_A174']",182,MLP_DNN,Local_Baseline,0.0,0.0
True,False,"Feature 'other_debtors_guarantors_A102' value -0.18 is out of domain bounds [0.00, 1.00]",True,False,0.07050808381067432,0.5088735526927032,0.00887355269270318,29,4.092291001447818,0.8969549072448367,29,"['duration_months', 'credit_amount', 'installment_rate', 'status_checking_account_A11', 'status_checking_account_A12', 'status_checking_account_A13', 'status_checking_account_A14', 'savings_account_A61', 'savings_account_A62', 'savings_account_A63', 'savings_account_A64', 'savings_account_A65', 'other_debtors_guarantors_A101', 'other_debtors_guarantors_A102', 'other_debtors_guarantors_A103', 'property_A121', 'property_A122', 'property_A123', 'property_A124', 'other_installment_plans_A141', 'other_installment_plans_A142', 'other_installment_plans_A143', 'housing_A151', 'housing_A152', 'housing_A153', 'job_A171', 'job_A172', 'job_A173', 'job_A174']",185,MLP_DNN,Local_Baseline,0.0,0.0
True,False,Categorical group 'credit' has invalid one-hot encoding sum (0.50),True,False,0.31934697195625067,0.5101420947121339,0.010142094712133898,29,1.356520224329418,0.29999242020958805,29,"['duration_months', 'credit_amount', 'installment_rate', 'status_checking_account_A11', 'status_checking_account_A12', 'status_checking_account_A13', 'status_checking_account_A14', 'savings_account_A61', 'savings_account_A62', 'savings_account_A63', 'savings_account_A64', 'savings_account_A65', 'other_debtors_guarantors_A101', 'other_debtors_guarantors_A102', 'other_debtors_guarantors_A103', 'property_A121', 'property_A122', 'property_A123', 'property_A124', 'other_installment_plans_A141', 'other_installment_plans_A142', 'other_installment_plans_A143', 'housing_A151', 'housing_A152', 'housing_A153', 'job_A171', 'job_A172', 'job_A173', 'job_A174']",186,MLP_DNN,Local_Baseline,0.0,0.0
True,False,Categorical group 'credit' has invalid one-hot encoding sum (0.16),True,False,0.43061574064737,0.5126177178777807,0.012617717877780654,28,0.6188548144670175,0.15,28,"['duration_months', 'credit_amount', 'installment_rate', 'status_checking_account_A11', 'status_checking_account_A12', 'status_checking_account_A13', 'status_checking_account_A14', 'savings_account_A61', 'savings_account_A62', 'savings_account_A63', 'savings_account_A64', 'savings_account_A65', 'other_debtors_guarantors_A102', 'other_debtors_guarantors_A103', 'property_A121', 'property_A122', 'property_A123', 'property_A124', 'other_installment_plans_A141', 'other_installment_plans_A142', 'other_installment_plans_A143', 'housing_A151', 'housing_A152', 'housing_A153', 'job_A171', 'job_A172', 'job_A173', 'job_A174']",189,MLP_DNN,Local_Baseline,0.0,0.0
True,False,"Feature 'status_checking_account_A11' value -0.10 is out of domain bounds [0.00, 1.00]",True,False,0.3134937359889733,0.5280246698226372,0.028024669822637183,29,1.4084830036274385,0.2993141680987215,29,"['duration_months', 'credit_amount', 'installment_rate', 'status_checking_account_A11', 'status_checking_account_A12', 'status_checking_account_A13', 'status_checking_account_A14', 'savings_account_A61', 'savings_account_A62', 'savings_account_A63', 'savings_account_A64', 'savings_account_A65', 'other_debtors_guarantors_A101', 'other_debtors_guarantors_A102', 'other_debtors_guarantors_A103', 'property_A121', 'property_A122', 'property_A123', 'property_A124', 'other_installment_plans_A141', 'other_installment_plans_A142', 'other_installment_plans_A143', 'housing_A151', 'housing_A152', 'housing_A153', 'job_A171', 'job_A172', 'job_A173', 'job_A174']",198,MLP_DNN,Local_Baseline,0.0,0.0
True,False,"Feature 'housing_A151' value -0.10 is out of domain bounds [0.00, 1.00]",True,False,0.36107353295530914,0.5468847700590953,0.046884770059095304,29,1.3267660333180116,0.29993632077088106,29,"['duration_months', 'credit_amount', 'installment_rate', 'status_checking_account_A11', 'status_checking_account_A12', 'status_checking_account_A13', 'status_checking_account_A14', 'savings_account_A61', 'savings_account_A62', 'savings_account_A63', 'savings_account_A64', 'savings_account_A65', 'other_debtors_guarantors_A101', 'other_debtors_guarantors_A102', 'other_debtors_guarantors_A103', 'property_A121', 'property_A122', 'property_A123', 'property_A124', 'other_installment_plans_A141', 'other_installment_plans_A142', 'other_installment_plans_A143', 'housing_A151', 'housing_A152', 'housing_A153', 'job_A171', 'job_A172', 'job_A173', 'job_A174']",199,MLP_DNN,Local_Baseline,0.0,0.0
True,False,"Feature 'other_debtors_guarantors_A101' value 1.15 is out of domain bounds [0.00, 1.00]",True,False,0.08909010998365735,0.5703156435886236,0.07031564358862363,29,4.216030597070482,0.8970622593770146,29,"['duration_months', 'credit_amount', 'installment_rate', 'status_checking_account_A11', 'status_checking_account_A12', 'status_checking_account_A13', 'status_checking_account_A14', 'savings_account_A61', 'savings_account_A62', 'savings_account_A63', 'savings_account_A64', 'savings_account_A65', 'other_debtors_guarantors_A101', 'other_debtors_guarantors_A102', 'other_debtors_guarantors_A103', 'property_A121', 'property_A122', 'property_A123', 'property_A124', 'other_installment_plans_A141', 'other_installment_plans_A142', 'other_installment_plans_A143', 'housing_A151', 'housing_A152', 'housing_A153', 'job_A171', 'job_A172', 'job_A173', 'job_A174']",210,MLP_DNN,Local_Baseline,0.0,0.0
True,False,"Feature 'job_A174' value -0.10 is out of domain bounds [0.00, 1.00]",True,False,0.3337724774728332,0.5550645180650587,0.05506451806505874,29,2.0270074975181496,0.4477412653971935,29,"['duration_months', 'credit_amount', 'installment_rate', 'status_checking_account_A11', 'status_checking_account_A12', 'status_checking_account_A13', 'status_checking_account_A14', 'savings_account_A61', 'savings_account_A62', 'savings_account_A63', 'savings_account_A64', 'savings_account_A65', 'other_debtors_guarantors_A101', 'other_debtors_guarantors_A102', 'other_debtors_guarantors_A103', 'property_A121', 'property_A122', 'property_A123', 'property_A124', 'other_installment_plans_A141', 'other_installment_plans_A142', 'other_installment_plans_A143', 'housing_A151', 'housing_A152', 'housing_A153', 'job_A171', 'job_A172', 'job_A173', 'job_A174']",219,MLP_DNN,Local_Baseline,0.0,0.0
True,False,"Feature 'other_debtors_guarantors_A102' value -0.15 is out of domain bounds [0.00, 1.00]",True,False,0.1391913038644924,0.5690144661399947,0.06901446613999473,29,3.4200530966490006,0.7445207531916251,29,"['duration_months', 'credit_amount', 'installment_rate', 'status_checking_account_A11', 'status_checking_account_A12', 'status_checking_account_A13', 'status_checking_account_A14', 'savings_account_A61', 'savings_account_A62', 'savings_account_A63', 'savings_account_A64', 'savings_account_A65', 'other_debtors_guarantors_A101', 'other_debtors_guarantors_A102', 'other_debtors_guarantors_A103', 'property_A121', 'property_A122', 'property_A123', 'property_A124', 'other_installment_plans_A141', 'other_installment_plans_A142', 'other_installment_plans_A143', 'housing_A151', 'housing_A152', 'housing_A153', 'job_A171', 'job_A172', 'job_A173', 'job_A174']",222,MLP_DNN,Local_Baseline,0.0,0.0
True,False,"Feature 'status_checking_account_A12' value -0.20 is out of domain bounds [0.00, 1.00]",True,False,0.08883008927792771,0.563737418983242,0.06373741898324203,29,4.718396635105324,1.0461541430276309,29,"['duration_months', 'credit_amount', 'installment_rate', 'status_checking_account_A11', 'status_checking_account_A12', 'status_checking_account_A13', 'status_checking_account_A14', 'savings_account_A61', 'savings_account_A62', 'savings_account_A63', 'savings_account_A64', 'savings_account_A65', 'other_debtors_guarantors_A101', 'other_debtors_guarantors_A102', 'other_debtors_guarantors_A103', 'property_A121', 'property_A122', 'property_A123', 'property_A124', 'other_installment_plans_A141', 'other_installment_plans_A142', 'other_installment_plans_A143', 'housing_A151', 'housing_A152', 'housing_A153', 'job_A171', 'job_A172', 'job_A173', 'job_A174']",228,MLP_DNN,Local_Baseline,0.0,0.0
True,False,Categorical group 'credit' has invalid one-hot encoding sum (0.33),True,False,0.4120744026115944,0.5069487270333123,0.006948727033312285,29,0.682584277407879,0.15,29,"['duration_months', 'credit_amount', 'installment_rate', 'status_checking_account_A11', 'status_checking_account_A12', 'status_checking_account_A13', 'status_checking_account_A14', 'savings_account_A61', 'savings_account_A62', 'savings_account_A63', 'savings_account_A64', 'savings_account_A65', 'other_debtors_guarantors_A101', 'other_debtors_guarantors_A102', 'other_debtors_guarantors_A103', 'property_A121', 'property_A122', 'property_A123', 'property_A124', 'other_installment_plans_A141', 'other_installment_plans_A142', 'other_installment_plans_A143', 'housing_A151', 'housing_A152', 'housing_A153', 'job_A171', 'job_A172', 'job_A173', 'job_A174']",230,MLP_DNN,Local_Baseline,0.0,0.0
True,False,"Feature 'status_checking_account_A12' value -0.17 is out of domain bounds [0.00, 1.00]",True,False,0.05007699720440303,0.5491162147247005,0.04911621472470051,29,5.970065026284451,1.3418625359840608,29,"['duration_months', 'credit_amount', 'installment_rate', 'status_checking_account_A11', 'status_checking_account_A12', 'status_checking_account_A13', 'status_checking_account_A14', 'savings_account_A61', 'savings_account_A62', 'savings_account_A63', 'savings_account_A64', 'savings_account_A65', 'other_debtors_guarantors_A101', 'other_debtors_guarantors_A102', 'other_debtors_guarantors_A103', 'property_A121', 'property_A122', 'property_A123', 'property_A124', 'other_installment_plans_A141', 'other_installment_plans_A142', 'other_installment_plans_A143', 'housing_A151', 'housing_A152', 'housing_A153', 'job_A171', 'job_A172', 'job_A173', 'job_A174']",231,MLP_DNN,Local_Baseline,0.0,0.0
True,False,Categorical group 'credit' has invalid one-hot encoding sum (0.43),True,False,0.4808846713005673,0.5843138754956101,0.08431387549561009,29,0.6632684173604624,0.15000000000000008,29,"['duration_months', 'credit_amount', 'installment_rate', 'status_checking_account_A11', 'status_checking_account_A12', 'status_checking_account_A13', 'status_checking_account_A14', 'savings_account_A61', 'savings_account_A62', 'savings_account_A63', 'savings_account_A64', 'savings_account_A65', 'other_debtors_guarantors_A101', 'other_debtors_guarantors_A102', 'other_debtors_guarantors_A103', 'property_A121', 'property_A122', 'property_A123', 'property_A124', 'other_installment_plans_A141', 'other_installment_plans_A142', 'other_installment_plans_A143', 'housing_A151', 'housing_A152', 'housing_A153', 'job_A171', 'job_A172', 'job_A173', 'job_A174']",234,MLP_DNN,Local_Baseline,0.0,0.0
True,False,"Feature 'status_checking_account_A12' value -0.15 is out of domain bounds [0.00, 1.00]",True,False,0.19940499108520834,0.5667930689404566,0.06679306894045656,29,4.017053929965969,0.8915134619140842,29,"['duration_months', 'credit_amount', 'installment_rate', 'status_checking_account_A11', 'status_checking_account_A12', 'status_checking_account_A13', 'status_checking_account_A14', 'savings_account_A61', 'savings_account_A62', 'savings_account_A63', 'savings_account_A64', 'savings_account_A65', 'other_debtors_guarantors_A101', 'other_debtors_guarantors_A102', 'other_debtors_guarantors_A103', 'property_A121', 'property_A122', 'property_A123', 'property_A124', 'other_installment_plans_A141', 'other_installment_plans_A142', 'other_installment_plans_A143', 'housing_A151', 'housing_A152', 'housing_A153', 'job_A171', 'job_A172', 'job_A173', 'job_A174']",235,MLP_DNN,Local_Baseline,0.0,0.0
True,False,"Feature 'property_A124' value -0.23 is out of domain bounds [0.00, 1.00]",True,False,0.10872780730172794,0.552719796802953,0.05271979680295302,29,3.4495064645643785,0.7476919352788761,29,"['duration_months', 'credit_amount', 'installment_rate', 'status_checking_account_A11', 'status_checking_account_A12', 'status_checking_account_A13', 'status_checking_account_A14', 'savings_account_A61', 'savings_account_A62', 'savings_account_A63', 'savings_account_A64', 'savings_account_A65', 'other_debtors_guarantors_A101', 'other_debtors_guarantors_A102', 'other_debtors_guarantors_A103', 'property_A121', 'property_A122', 'property_A123', 'property_A124', 'other_installment_plans_A141', 'other_installment_plans_A142', 'other_installment_plans_A143', 'housing_A151', 'housing_A152', 'housing_A153', 'job_A171', 'job_A172', 'job_A173', 'job_A174']",237,MLP_DNN,Local_Baseline,0.0,0.0
True,False,"Feature 'status_checking_account_A11' value -0.11 is out of domain bounds [0.00, 1.00]",True,False,0.4024262499015175,0.549312666681232,0.04931266668123202,29,1.3299529314637166,0.29946845990582843,29,"['duration_months', 'credit_amount', 'installment_rate', 'status_checking_account_A11', 'status_checking_account_A12', 'status_checking_account_A13', 'status_checking_account_A14', 'savings_account_A61', 'savings_account_A62', 'savings_account_A63', 'savings_account_A64', 'savings_account_A65', 'other_debtors_guarantors_A101', 'other_debtors_guarantors_A102', 'other_debtors_guarantors_A103', 'property_A121', 'property_A122', 'property_A123', 'property_A124', 'other_installment_plans_A141', 'other_installment_plans_A142', 'other_installment_plans_A143', 'housing_A151', 'housing_A152', 'housing_A153', 'job_A171', 'job_A172', 'job_A173', 'job_A174']",243,MLP_DNN,Local_Baseline,0.0,0.0
True,False,"Feature 'other_debtors_guarantors_A102' value -0.12 is out of domain bounds [0.00, 1.00]",True,False,0.23720453319832802,0.5538094141499215,0.053809414149921464,29,2.759204095005809,0.5981645263777271,29,"['duration_months', 'credit_amount', 'installment_rate', 'status_checking_account_A11', 'status_checking_account_A12', 'status_checking_account_A13', 'status_checking_account_A14', 'savings_account_A61', 'savings_account_A62', 'savings_account_A63', 'savings_account_A64', 'savings_account_A65', 'other_debtors_guarantors_A101', 'other_debtors_guarantors_A102', 'other_debtors_guarantors_A103', 'property_A121', 'property_A122', 'property_A123', 'property_A124', 'other_installment_plans_A141', 'other_installment_plans_A142', 'other_installment_plans_A143', 'housing_A151', 'housing_A152', 'housing_A153', 'job_A171', 'job_A172', 'job_A173', 'job_A174']",249,MLP_DNN,Local_Baseline,0.0,0.0
True,False,Categorical group 'credit' has invalid one-hot encoding sum (0.40),True,False,0.22802992908439618,0.5795010145507618,0.07950101455076175,2,1.7000000000000002,1.2041594578792296,2,"['status_checking_account_A14', 'savings_account_A61']",0,MLP_DNN,DiCE,0.0,0.0
True,False,Categorical group 'job' has invalid one-hot encoding sum (1.20),True,False,0.1352296332701403,0.5452837096666999,0.04528370966669992,7,5.3421150111161335,2.586243747377473,7,"['installment_rate', 'other_debtors_guarantors_A103', 'property_A123', 'other_installment_plans_A141', 'housing_A151', 'housing_A152', 'job_A171']",3,MLP_DNN,DiCE,0.0,0.0
True,False,Categorical group 'savings_account' has invalid one-hot encoding sum (0.40),True,False,0.43734758047007066,0.505022882417732,0.005022882417731966,1,0.6,0.6,1,['savings_account_A61'],5,MLP_DNN,DiCE,0.0,0.0
True,False,Categorical group 'job' has invalid one-hot encoding sum (1.60),True,False,0.2821810180516977,0.5824446904196735,0.0824446904196735,2,3.0971500111161334,2.5682208195591953,2,"['installment_rate', 'job_A171']",8,MLP_DNN,DiCE,0.0,0.0
True,True,,True,True,0.30306975408470666,0.6078303294404832,0.10783032944048321,1,2.5083750111161334,2.5083750111161334,1,['installment_rate'],9,MLP_DNN,DiCE,1.0,0.10830668549997224
True,False,Categorical group 'purpose' has invalid one-hot encoding sum (1.36),True,False,0.22802992908439618,0.5273140027512863,0.02731400275128626,23,1.950374903159836,0.5026005249108771,23,"['duration_months', 'credit_amount', 'installment_rate', 'status_checking_account_A11', 'status_checking_account_A13', 'status_checking_account_A14', 'purpose_A41', 'purpose_A48', 'savings_account_A61', 'savings_account_A63', 'savings_account_A64', 'savings_account_A65', 'present_employment_since_A73', 'other_debtors_guarantors_A101', 'property_A121', 'property_A122', 'other_installment_plans_A141', 'other_installment_plans_A143', 'housing_A151', 'housing_A152', 'housing_A153', 'job_A172', 'job_A173']",0,MLP_DNN,Constraint_Aware_VLoan,0.0,0.0
True,False,Categorical group 'purpose' has invalid one-hot encoding sum (1.69),True,False,0.1352296332701403,0.5156878834688323,0.01568788346883232,29,3.5217527693888324,0.8584600220291948,29,"['duration_months', 'credit_amount', 'installment_rate', 'status_checking_account_A12', 'status_checking_account_A13', 'status_checking_account_A14', 'purpose_A41', 'purpose_A42', 'purpose_A43', 'purpose_A46', 'purpose_A48', 'purpose_A49', 'savings_account_A63', 'savings_account_A65', 'present_employment_since_A72', 'present_employment_since_A73', 'present_employment_since_A74', 'other_debtors_guarantors_A102', 'other_debtors_guarantors_A103', 'property_A121', 'property_A123', 'other_installment_plans_A141', 'other_installment_plans_A143', 'housing_A151', 'housing_A152', 'housing_A153', 'job_A171', 'job_A173', 'job_A174']",3,MLP_DNN,Constraint_Aware_VLoan,0.0,0.0
True,True,,True,True,0.43734758047007066,0.5136194717066368,0.013619471706636799,29,0.5079294865480242,0.11985077164493609,29,"['duration_months', 'credit_amount', 'installment_rate', 'number_existing_credits', 'status_checking_account_A12', 'status_checking_account_A13', 'status_checking_account_A14', 'purpose_A41', 'purpose_A42', 'purpose_A43', 'purpose_A44', 'purpose_A45', 'purpose_A48', 'purpose_A49', 'savings_account_A61', 'savings_account_A63', 'savings_account_A64', 'savings_account_A65', 'present_employment_since_A72', 'present_employment_since_A73', 'present_employment_since_A74', 'present_employment_since_A75', 'other_debtors_guarantors_A103', 'property_A121', 'property_A123', 'property_A124', 'housing_A153', 'job_A171', 'job_A172']",5,MLP_DNN,Constraint_Aware_VLoan,0.9913793103448276,0.013895521892180684
True,False,Categorical group 'purpose' has invalid one-hot encoding sum (1.27),True,False,0.2821810180516977,0.5173169427096588,0.017316942709658778,24,1.582767005042193,0.4156438790776778,24,"['duration_months', 'credit_amount', 'installment_rate', 'number_existing_credits', 'status_checking_account_A12', 'status_checking_account_A13', 'status_checking_account_A14', 'purpose_A41', 'purpose_A48', 'savings_account_A61', 'savings_account_A63', 'savings_account_A64', 'savings_account_A65', 'present_employment_since_A71', 'present_employment_since_A72', 'present_employment_since_A74', 'other_debtors_guarantors_A103', 'property_A121', 'property_A122', 'property_A123', 'housing_A152', 'housing_A153', 'job_A171', 'job_A174']",8,MLP_DNN,Constraint_Aware_VLoan,0.0,0.0
True,False,Categorical group 'purpose' has invalid one-hot encoding sum (1.19),True,False,0.30306975408470666,0.5154413280931662,0.015441328093166229,21,1.0544178580406922,0.3062491556752812,21,"['duration_months', 'credit_amount', 'installment_rate', 'status_checking_account_A12', 'status_checking_account_A13', 'status_checking_account_A14', 'purpose_A41', 'purpose_A410', 'savings_account_A62', 'savings_account_A63', 'savings_account_A64', 'savings_account_A65', 'present_employment_since_A73', 'present_employment_since_A74', 'other_debtors_guarantors_A101', 'property_A121', 'property_A123', 'housing_A151', 'housing_A153', 'job_A171', 'job_A173']",9,MLP_DNN,Constraint_Aware_VLoan,0.0,0.0
True,True,,True,True,0.4333021397890951,0.513522546774229,0.013522546774229038,22,0.4420510810758408,0.1197698780404516,22,"['duration_months', 'credit_amount', 'installment_rate', 'status_checking_account_A11', 'status_checking_account_A12', 'status_checking_account_A13', 'status_checking_account_A14', 'purpose_A41', 'purpose_A48', 'purpose_A49', 'savings_account_A61', 'savings_account_A64', 'savings_account_A65', 'present_employment_since_A72', 'present_employment_since_A74', 'other_debtors_guarantors_A103', 'property_A121', 'property_A122', 'housing_A152', 'housing_A153', 'job_A171', 'job_A173']",11,MLP_DNN,Constraint_Aware_VLoan,0.9886363636363636,0.013792904730292932
True,False,Categorical group 'purpose' has invalid one-hot encoding sum (1.39),True,False,0.2832833468114214,0.5183438393995229,0.018343839399522888,24,1.7794064962900196,0.47870065287110536,24,"['duration_months', 'credit_amount', 'installment_rate', 'number_existing_credits', 'status_checking_account_A11', 'status_checking_account_A13', 'status_checking_account_A14', 'purpose_A41', 'purpose_A42', 'purpose_A48', 'purpose_A49', 'savings_account_A61', 'savings_account_A63', 'savings_account_A64', 'savings_account_A65', 'present_employment_since_A74', 'other_debtors_guarantors_A103', 'property_A121', 'property_A122', 'property_A123', 'property_A124', 'housing_A152', 'job_A173', 'job_A174']",15,MLP_DNN,Constraint_Aware_VLoan,0.0,0.0
True,False,Categorical group 'purpose' has invalid one-hot encoding sum (1.21),True,False,0.21616199853647322,0.5292241568008621,0.0292241568008621,27,2.0441366918281645,0.5157045209234857,27,"['duration_months', 'credit_amount', 'installment_rate', 'number_existing_credits', 'status_checking_account_A12', 'status_checking_account_A13', 'status_checking_account_A14', 'purpose_A40', 'purpose_A41', 'purpose_A42', 'purpose_A43', 'purpose_A44', 'purpose_A48', 'purpose_A49', 'savings_account_A61', 'savings_account_A63', 'savings_account_A64', 'savings_account_A65', 'present_employment_since_A72', 'present_employment_since_A73', 'present_employment_since_A74', 'other_debtors_guarantors_A103', 'property_A123', 'property_A124', 'housing_A151', 'housing_A153', 'job_A171']",22,MLP_DNN,Constraint_Aware_VLoan,0.0,0.0
True,False,Categorical group 'purpose' has invalid one-hot encoding sum (1.31),True,False,0.14272682672687562,0.516116382299371,0.016116382299370957,25,2.433707899903642,0.6187163183993704,25,"['duration_months', 'credit_amount', 'installment_rate', 'status_checking_account_A12', 'status_checking_account_A13', 'status_checking_account_A14', 'purpose_A40', 'purpose_A41', 'purpose_A410', 'purpose_A43', 'purpose_A48', 'savings_account_A61', 'savings_account_A63', 'savings_account_A64', 'savings_account_A65', 'present_employment_since_A71', 'present_employment_since_A74', 'other_debtors_guarantors_A103', 'property_A121', 'property_A123', 'other_installment_plans_A143', 'housing_A151', 'housing_A153', 'job_A171', 'job_A173']",25,MLP_DNN,Constraint_Aware_VLoan,0.0,0.0
True,False,Categorical group 'purpose' has invalid one-hot encoding sum (1.36),True,False,0.2207387871777554,0.5008751827620838,0.0008751827620837593,23,1.7827317370345253,0.49947211026537375,23,"['duration_months', 'credit_amount', 'installment_rate', 'status_checking_account_A11', 'status_checking_account_A13', 'status_checking_account_A14', 'purpose_A41', 'purpose_A43', 'purpose_A48', 'purpose_A49', 'savings_account_A61', 'savings_account_A63', 'savings_account_A64', 'savings_account_A65', 'present_employment_since_A72', 'present_employment_since_A73', 'present_employment_since_A74', 'other_debtors_guarantors_A103', 'property_A123', 'housing_A151', 'housing_A152', 'housing_A153', 'job_A173']",37,MLP_DNN,Constraint_Aware_VLoan,0.0,0.0
True,False,Categorical group 'purpose' has invalid one-hot encoding sum (1.63),True,False,0.03954193591605099,0.5240575875797185,0.024057587579718542,29,5.512740224755632,1.2731938156903442,29,"['duration_months', 'credit_amount', 'installment_rate', 'number_existing_credits', 'status_checking_account_A11', 'status_checking_account_A13', 'status_checking_account_A14', 'purpose_A41', 'purpose_A42', 'purpose_A43', 'purpose_A48', 'savings_account_A61', 'savings_account_A63', 'savings_account_A64', 'savings_account_A65', 'present_employment_since_A71', 'present_employment_since_A72', 'present_employment_since_A74', 'present_employment_since_A75', 'other_debtors_guarantors_A102', 'other_debtors_guarantors_A103', 'property_A121', 'property_A122', 'property_A123', 'property_A124', 'housing_A151', 'housing_A152', 'housing_A153', 'job_A172']",39,MLP_DNN,Constraint_Aware_VLoan,0.0,0.0
True,False,Categorical group 'credit' has invalid one-hot encoding sum (0.31),True,False,0.4169458726098996,0.5245539113943809,0.0245539113943809,24,0.5647629143714279,0.15526323031194836,24,"['duration_months', 'credit_amount', 'installment_rate', 'status_checking_account_A11', 'status_checking_account_A13', 'status_checking_account_A14', 'purpose_A41', 'purpose_A42', 'purpose_A43', 'purpose_A48', 'purpose_A49', 'savings_account_A62', 'savings_account_A63', 'savings_account_A64', 'present_employment_since_A73', 'present_employment_since_A74', 'other_debtors_guarantors_A103', 'property_A121', 'property_A122', 'property_A124', 'housing_A151', 'housing_A153', 'job_A171', 'job_A173']",43,MLP_DNN,Constraint_Aware_VLoan,0.0,0.0
True,False,Categorical group 'purpose' has invalid one-hot encoding sum (1.17),True,False,0.32624985735086054,0.504199921781725,0.004199921781725013,24,1.0635917814312015,0.28354501975781965,24,"['duration_months', 'credit_amount', 'installment_rate', 'status_checking_account_A12', 'status_checking_account_A13', 'status_checking_account_A14', 'purpose_A40', 'purpose_A41', 'purpose_A42', 'purpose_A43', 'purpose_A44', 'purpose_A48', 'purpose_A49', 'savings_account_A61', 'savings_account_A64', 'savings_account_A65', 'present_employment_since_A73', 'present_employment_since_A74', 'other_debtors_guarantors_A103', 'property_A121', 'property_A124', 'housing_A151', 'housing_A153', 'job_A173']",44,MLP_DNN,Constraint_Aware_VLoan,0.0,0.0
True,False,Categorical group 'purpose' has invalid one-hot encoding sum (1.57),True,False,0.09215819169453264,0.5298388502539699,0.02983885025396993,22,3.807423103417402,0.929627014319985,22,"['duration_months', 'credit_amount', 'installment_rate', 'number_existing_credits', 'status_checking_account_A11', 'status_checking_account_A13', 'status_checking_account_A14', 'purpose_A40', 'purpose_A41', 'purpose_A42', 'purpose_A43', 'purpose_A48', 'savings_account_A61', 'savings_account_A63', 'savings_account_A65', 'other_debtors_guarantors_A103', 'property_A121', 'property_A122', 'property_A124', 'housing_A152', 'job_A172', 'job_A174']",47,MLP_DNN,Constraint_Aware_VLoan,0.0,0.0
True,False,Categorical group 'purpose' has invalid one-hot encoding sum (1.37),True,False,0.2608135229664168,0.507700193287518,0.007700193287518031,27,1.7949787071163865,0.4593290657698359,27,"['duration_months', 'credit_amount', 'installment_rate', 'number_existing_credits', 'status_checking_account_A11', 'status_checking_account_A13', 'status_checking_account_A14', 'purpose_A41', 'purpose_A42', 'purpose_A43', 'purpose_A49', 'savings_account_A61', 'savings_account_A62', 'savings_account_A63', 'savings_account_A64', 'savings_account_A65', 'present_employment_since_A73', 'present_employment_since_A74', 'other_debtors_guarantors_A103', 'property_A121', 'property_A122', 'other_installment_plans_A141', 'other_installment_plans_A143', 'housing_A153', 'job_A171', 'job_A172', 'job_A173']",48,MLP_DNN,Constraint_Aware_VLoan,0.0,0.0
True,False,Categorical group 'credit' has invalid one-hot encoding sum (1.59),True,False,0.34492582212725786,0.506669195444248,0.006669195444248044,23,1.12386224626335,0.2947019326274975,23,"['duration_months', 'credit_amount', 'installment_rate', 'number_existing_credits', 'status_checking_account_A12', 'status_checking_account_A13', 'status_checking_account_A14', 'purpose_A41', 'purpose_A42', 'purpose_A43', 'purpose_A48', 'savings_account_A61', 'savings_account_A63', 'savings_account_A64', 'savings_account_A65', 'present_employment_since_A71', 'present_employment_since_A73', 'present_employment_since_A74', 'present_employment_since_A75', 'other_debtors_guarantors_A103', 'property_A122', 'housing_A153', 'job_A174']",52,MLP_DNN,Constraint_Aware_VLoan,0.0,0.0
True,False,Categorical group 'credit' has invalid one-hot encoding sum (0.75),True,False,0.2790332526243069,0.5151885157245453,0.01518851572454527,23,1.0498712475986842,0.296183304418624,23,"['duration_months', 'credit_amount', 'status_checking_account_A11', 'status_checking_account_A13', 'status_checking_account_A14', 'purpose_A40', 'purpose_A41', 'purpose_A42', 'purpose_A43', 'purpose_A48', 'purpose_A49', 'savings_account_A61', 'savings_account_A63', 'savings_account_A64', 'savings_account_A65', 'present_employment_since_A71', 'present_employment_since_A73', 'present_employment_since_A74', 'other_debtors_guarantors_A103', 'property_A121', 'housing_A151', 'housing_A153', 'job_A173']",53,MLP_DNN,Constraint_Aware_VLoan,0.0,0.0
True,False,Categorical group 'purpose' has invalid one-hot encoding sum (1.38),True,False,0.0522857036899025,0.5259806524248893,0.02598065242488934,24,3.873368100667239,0.9886480886470705,24,"['duration_months', 'credit_amount', 'installment_rate', 'number_existing_credits', 'status_checking_account_A11', 'status_checking_account_A13', 'status_checking_account_A14', 'purpose_A40', 'purpose_A41', 'purpose_A42', 'purpose_A43', 'savings_account_A61', 'savings_account_A63', 'savings_account_A64', 'savings_account_A65', 'present_employment_since_A73', 'present_employment_since_A75', 'other_debtors_guarantors_A103', 'property_A121', 'property_A122', 'housing_A151', 'housing_A152', 'housing_A153', 'job_A173']",55,MLP_DNN,Constraint_Aware_VLoan,0.0,0.0
True,False,Categorical group 'credit' has invalid one-hot encoding sum (0.41),True,False,0.4203871201615612,0.5094662654477127,0.009466265447712674,26,0.4950046269916506,0.12453204502543751,26,"['duration_months', 'credit_amount', 'installment_rate', 'number_existing_credits', 'status_checking_account_A11', 'status_checking_account_A12', 'status_checking_account_A13', 'status_checking_account_A14', 'purpose_A41', 'purpose_A42', 'purpose_A49', 'savings_account_A61', 'savings_account_A63', 'savings_account_A64', 'savings_account_A65', 'present_employment_since_A71', 'present_employment_since_A74', 'present_employment_since_A75', 'other_debtors_guarantors_A103', 'property_A121', 'property_A122', 'housing_A153', 'job_A171', 'job_A172', 'job_A173', 'job_A174']",56,MLP_DNN,Constraint_Aware_VLoan,0.0,0.0
True,False,Categorical group 'purpose' has invalid one-hot encoding sum (1.20),True,False,0.24214457911912282,0.5153479172542826,0.01534791725428264,26,1.8122487843838195,0.4512934212583504,26,"['duration_months', 'credit_amount', 'installment_rate', 'status_checking_account_A12', 'status_checking_account_A13', 'status_checking_account_A14', 'purpose_A41', 'purpose_A410', 'purpose_A43', 'purpose_A46', 'purpose_A48', 'savings_account_A62', 'savings_account_A63', 'savings_account_A64', 'savings_account_A65', 'present_employment_since_A71', 'other_debtors_guarantors_A103', 'property_A121', 'property_A122', 'property_A123', 'property_A124', 'housing_A151', 'housing_A152', 'housing_A153', 'job_A171', 'job_A173']",61,MLP_DNN,Constraint_Aware_VLoan,0.0,0.0
True,False,Categorical group 'credit' has invalid one-hot encoding sum (2.24),True,False,0.49229251922097084,0.5162261223832215,0.01622612238322152,21,0.13924035798281625,0.03663346384457413,21,"['duration_months', 'credit_amount', 'installment_rate', 'status_checking_account_A12', 'status_checking_account_A13', 'status_checking_account_A14', 'purpose_A41', 'purpose_A43', 'purpose_A48', 'purpose_A49', 'savings_account_A63', 'savings_account_A64', 'present_employment_since_A71', 'present_employment_since_A73', 'present_employment_since_A74', 'other_debtors_guarantors_A103', 'property_A121', 'property_A122', 'property_A123', 'property_A124', 'job_A173']",62,MLP_DNN,Constraint_Aware_VLoan,0.0,0.0
True,False,Categorical group 'purpose' has invalid one-hot encoding sum (1.33),True,False,0.23410213685719128,0.5237324805566371,0.023732480556637126,23,1.9109556288159326,0.47680408689744685,23,"['duration_months', 'credit_amount', 'installment_rate', 'number_existing_credits', 'status_checking_account_A11', 'status_checking_account_A13', 'status_checking_account_A14', 'purpose_A41', 'purpose_A43', 'purpose_A48', 'purpose_A49', 'savings_account_A61', 'savings_account_A62', 'savings_account_A63', 'savings_account_A64', 'savings_account_A65', 'present_employment_since_A74', 'other_debtors_guarantors_A103', 'property_A121', 'property_A122', 'housing_A153', 'job_A173', 'job_A174']",65,MLP_DNN,Constraint_Aware_VLoan,0.0,0.0
True,False,Categorical group 'credit' has invalid one-hot encoding sum (2.72),True,False,0.3900688261012135,0.5059507535765098,0.00595075357650976,24,0.746232819229843,0.18907778249747587,24,"['duration_months', 'credit_amount', 'installment_rate', 'status_checking_account_A12', 'status_checking_account_A13', 'status_checking_account_A14', 'purpose_A40', 'purpose_A41', 'purpose_A410', 'purpose_A43', 'purpose_A48', 'savings_account_A62', 'savings_account_A63', 'savings_account_A64', 'savings_account_A65', 'present_employment_since_A71', 'present_employment_since_A74', 'present_employment_since_A75', 'other_debtors_guarantors_A103', 'property_A121', 'property_A122', 'housing_A153', 'job_A171', 'job_A174']",68,MLP_DNN,Constraint_Aware_VLoan,0.0,0.0
True,False,Categorical group 'purpose' has invalid one-hot encoding sum (1.19),True,False,0.336017987295901,0.5229625640102965,0.022962564010296505,25,1.1227132530880901,0.2746075962932664,25,"['duration_months', 'credit_amount', 'number_existing_credits', 'status_checking_account_A11', 'status_checking_account_A13', 'status_checking_account_A14', 'purpose_A41', 'purpose_A42', 'purpose_A43', 'purpose_A48', 'purpose_A49', 'savings_account_A61', 'savings_account_A63', 'savings_account_A64', 'savings_account_A65', 'present_employment_since_A71', 'present_employment_since_A72', 'present_employment_since_A73', 'present_employment_since_A74', 'other_debtors_guarantors_A103', 'property_A123', 'housing_A151', 'housing_A153', 'job_A171', 'job_A173']",69,MLP_DNN,Constraint_Aware_VLoan,0.0,0.0
True,False,Categorical group 'purpose' has invalid one-hot encoding sum (1.45),True,False,0.0348796110913191,0.507642598764139,0.007642598764138975,28,4.2571828211995815,1.0399830180428937,28,"['duration_months', 'credit_amount', 'installment_rate', 'number_existing_credits', 'status_checking_account_A12', 'status_checking_account_A13', 'status_checking_account_A14', 'purpose_A41', 'purpose_A410', 'purpose_A43', 'purpose_A46', 'purpose_A48', 'savings_account_A61', 'savings_account_A62', 'savings_account_A63', 'savings_account_A64', 'savings_account_A65', 'present_employment_since_A71', 'present_employment_since_A74', 'present_employment_since_A75', 'other_debtors_guarantors_A103', 'property_A121', 'property_A122', 'property_A123', 'property_A124', 'housing_A152', 'job_A171', 'job_A173']",71,MLP_DNN,Constraint_Aware_VLoan,0.0,0.0
True,False,Categorical group 'purpose' has invalid one-hot encoding sum (1.25),True,False,0.3211722626718754,0.5134427228719972,0.013442722871997215,25,1.3861580123231965,0.3250600802375538,25,"['duration_months', 'credit_amount', 'installment_rate', 'number_existing_credits', 'status_checking_account_A11', 'status_checking_account_A13', 'status_checking_account_A14', 'purpose_A40', 'purpose_A41', 'purpose_A42', 'purpose_A43', 'purpose_A44', 'purpose_A48', 'purpose_A49', 'savings_account_A61', 'savings_account_A63', 'savings_account_A65', 'present_employment_since_A74', 'other_debtors_guarantors_A101', 'other_debtors_guarantors_A103', 'property_A122', 'property_A123', 'housing_A153', 'job_A172', 'job_A174']",74,MLP_DNN,Constraint_Aware_VLoan,0.0,0.0
True,False,Categorical group 'purpose' has invalid one-hot encoding sum (1.20),True,False,0.37302624627760517,0.5006178538692727,0.0006178538692727109,24,0.8397038908417073,0.219125157525519,24,"['duration_months', 'credit_amount', 'installment_rate', 'status_checking_account_A12', 'status_checking_account_A13', 'status_checking_account_A14', 'purpose_A41', 'purpose_A410', 'purpose_A43', 'purpose_A48', 'purpose_A49', 'savings_account_A63', 'savings_account_A64', 'present_employment_since_A71', 'present_employment_since_A73', 'present_employment_since_A74', 'other_debtors_guarantors_A103', 'property_A121', 'other_installment_plans_A141', 'other_installment_plans_A143', 'housing_A153', 'job_A171', 'job_A172', 'job_A174']",91,MLP_DNN,Constraint_Aware_VLoan,0.0,0.0
True,False,Categorical group 'credit' has invalid one-hot encoding sum (0.47),True,False,0.4102586169984715,0.5085684314664243,0.008568431466424276,25,0.5097513407467198,0.12540848213156278,25,"['duration_months', 'credit_amount', 'installment_rate', 'number_existing_credits', 'status_checking_account_A11', 'status_checking_account_A13', 'status_checking_account_A14', 'purpose_A40', 'purpose_A41', 'purpose_A43', 'purpose_A44', 'purpose_A48', 'purpose_A49', 'savings_account_A61', 'savings_account_A63', 'savings_account_A64', 'savings_account_A65', 'present_employment_since_A72', 'present_employment_since_A74', 'present_employment_since_A75', 'other_debtors_guarantors_A103', 'property_A123', 'housing_A152', 'housing_A153', 'job_A173']",94,MLP_DNN,Constraint_Aware_VLoan,0.0,0.0
True,False,Categorical group 'credit' has invalid one-hot encoding sum (0.52),True,False,0.48009205103285585,0.5110607233220322,0.011060723322032229,24,0.16509972027207914,0.04085702416298198,24,"['duration_months', 'credit_amount', 'installment_rate', 'number_existing_credits', 'status_checking_account_A14', 'purpose_A41', 'purpose_A43', 'purpose_A46', 'purpose_A48', 'savings_account_A61', 'savings_account_A63', 'savings_account_A64', 'savings_account_A65', 'present_employment_since_A71', 'present_employment_since_A74', 'present_employment_since_A75', 'other_debtors_guarantors_A101', 'other_debtors_guarantors_A103', 'property_A121', 'property_A122', 'housing_A151', 'housing_A152', 'housing_A153', 'job_A174']",98,MLP_DNN,Constraint_Aware_VLoan,0.0,0.0
True,False,Categorical group 'credit' has invalid one-hot encoding sum (1.21),True,False,0.47747034345231104,0.501803081005115,0.0018030810051149482,21,0.14030705442975738,0.04004534629104276,21,"['duration_months', 'credit_amount', 'installment_rate', 'number_existing_credits', 'status_checking_account_A12', 'status_checking_account_A13', 'status_checking_account_A14', 'purpose_A41', 'purpose_A48', 'savings_account_A61', 'savings_account_A64', 'savings_account_A65', 'present_employment_since_A71', 'present_employment_since_A73', 'present_employment_since_A74', 'other_debtors_guarantors_A103', 'property_A121', 'property_A122', 'housing_A152', 'job_A171', 'job_A173']",104,MLP_DNN,Constraint_Aware_VLoan,0.0,0.0
True,False,Categorical group 'purpose' has invalid one-hot encoding sum (1.24),True,False,0.17216754809152157,0.504027877374671,0.0040278773746710295,26,1.9940884492986073,0.5040078386809642,26,"['duration_months', 'credit_amount', 'installment_rate', 'status_checking_account_A12', 'status_checking_account_A13', 'status_checking_account_A14', 'purpose_A40', 'purpose_A41', 'purpose_A410', 'purpose_A43', 'purpose_A48', 'savings_account_A62', 'savings_account_A63', 'savings_account_A64', 'savings_account_A65', 'present_employment_since_A71', 'present_employment_since_A73', 'present_employment_since_A74', 'present_employment_since_A75', 'other_debtors_guarantors_A103', 'property_A121', 'property_A122', 'property_A123', 'property_A124', 'housing_A152', 'job_A173']",108,MLP_DNN,Constraint_Aware_VLoan,0.0,0.0
True,False,Categorical group 'credit' has invalid one-hot encoding sum (2.08),True,False,0.49642120123371153,0.5195980350820033,0.019598035082003307,23,0.14387945664664675,0.03791069281927418,23,"['duration_months', 'credit_amount', 'installment_rate', 'status_checking_account_A12', 'status_checking_account_A13', 'status_checking_account_A14', 'purpose_A40', 'purpose_A41', 'purpose_A43', 'purpose_A44', 'purpose_A48', 'savings_account_A61', 'savings_account_A63', 'savings_account_A64', 'savings_account_A65', 'present_employment_since_A73', 'present_employment_since_A75', 'other_debtors_guarantors_A103', 'property_A123', 'property_A124', 'housing_A151', 'job_A171', 'job_A172']",110,MLP_DNN,Constraint_Aware_VLoan,0.0,0.0
True,False,Categorical group 'purpose' has invalid one-hot encoding sum (1.30),True,False,0.18609982532612898,0.5078495495273149,0.00784954952731487,27,1.9629346589021552,0.4902999318017515,27,"['duration_months', 'credit_amount', 'installment_rate', 'number_existing_credits', 'status_checking_account_A11', 'status_checking_account_A13', 'status_checking_account_A14', 'purpose_A40', 'purpose_A41', 'purpose_A410', 'purpose_A42', 'purpose_A43', 'purpose_A44', 'purpose_A48', 'savings_account_A61', 'savings_account_A63', 'savings_account_A65', 'present_employment_since_A71', 'present_employment_since_A73', 'present_employment_since_A74', 'other_debtors_guarantors_A103', 'property_A121', 'property_A122', 'property_A124', 'housing_A152', 'job_A173', 'job_A174']",111,MLP_DNN,Constraint_Aware_VLoan,0.0,0.0
True,False,Categorical group 'credit' has invalid one-hot encoding sum (2.01),True,False,0.37843246703312716,0.512777588828501,0.012777588828500996,22,0.7011943550674664,0.19183943459001288,22,"['duration_months', 'credit_amount', 'status_checking_account_A13', 'purpose_A41', 'purpose_A43', 'purpose_A46', 'purpose_A48', 'savings_account_A61', 'savings_account_A63', 'savings_account_A64', 'savings_account_A65', 'present_employment_since_A71', 'present_employment_since_A73', 'present_employment_since_A74', 'other_debtors_guarantors_A103', 'property_A122', 'property_A123', 'property_A124', 'other_installment_plans_A141', 'other_installment_plans_A143', 'job_A171', 'job_A173']",112,MLP_DNN,Constraint_Aware_VLoan,0.0,0.0
True,False,Categorical group 'purpose' has invalid one-hot encoding sum (1.36),True,False,0.22867370211819113,0.5006911581554999,0.0006911581554999158,22,1.6610716268183072,0.4395702329355911,22,"['duration_months', 'credit_amount', 'installment_rate', 'status_checking_account_A11', 'status_checking_account_A13', 'status_checking_account_A14', 'purpose_A41', 'purpose_A43', 'purpose_A48', 'purpose_A49', 'savings_account_A61', 'savings_account_A63', 'savings_account_A64', 'present_employment_since_A74', 'present_employment_since_A75', 'other_debtors_guarantors_A103', 'property_A121', 'housing_A151', 'housing_A152', 'housing_A153', 'job_A171', 'job_A174']",121,MLP_DNN,Constraint_Aware_VLoan,0.0,0.0
True,False,Categorical group 'credit' has invalid one-hot encoding sum (0.73),True,False,0.4810298052107717,0.5078576262674259,0.007857626267425921,22,0.14295265924455722,0.03774099548001565,22,"['duration_months', 'credit_amount', 'installment_rate', 'status_checking_account_A11', 'status_checking_account_A13', 'status_checking_account_A14', 'purpose_A41', 'purpose_A42', 'purpose_A43', 'purpose_A48', 'savings_account_A64', 'savings_account_A65', 'present_employment_since_A71', 'present_employment_since_A73', 'present_employment_since_A74', 'other_debtors_guarantors_A103', 'property_A122', 'property_A123', 'other_installment_plans_A142', 'other_installment_plans_A143', 'housing_A153', 'job_A173']",128,MLP_DNN,Constraint_Aware_VLoan,0.0,0.0
True,False,Categorical group 'purpose' has invalid one-hot encoding sum (1.25),True,False,0.33444498512375187,0.5252311374463108,0.02523113744631078,25,1.1104091979810868,0.2821076491985155,25,"['duration_months', 'credit_amount', 'installment_rate', 'number_existing_credits', 'status_checking_account_A11', 'status_checking_account_A13', 'status_checking_account_A14', 'purpose_A41', 'purpose_A43', 'purpose_A48', 'purpose_A49', 'savings_account_A61', 'savings_account_A62', 'savings_account_A63', 'savings_account_A64', 'savings_account_A65', 'present_employment_since_A71', 'present_employment_since_A74', 'other_debtors_guarantors_A103', 'property_A121', 'other_installment_plans_A142', 'other_installment_plans_A143', 'housing_A152', 'housing_A153', 'job_A173']",131,MLP_DNN,Constraint_Aware_VLoan,0.0,0.0
True,False,Categorical group 'purpose' has invalid one-hot encoding sum (1.49),True,False,0.16420204946115574,0.5201755245926255,0.020175524592625504,26,2.7662205361445573,0.6671620706033493,26,"['duration_months', 'credit_amount', 'installment_rate', 'number_existing_credits', 'status_checking_account_A11', 'status_checking_account_A13', 'status_checking_account_A14', 'purpose_A41', 'purpose_A42', 'purpose_A48', 'savings_account_A61', 'savings_account_A63', 'savings_account_A64', 'savings_account_A65', 'present_employment_since_A71', 'present_employment_since_A72', 'present_employment_since_A74', 'other_debtors_guarantors_A101', 'other_debtors_guarantors_A102', 'other_debtors_guarantors_A103', 'property_A121', 'property_A122', 'property_A124', 'other_installment_plans_A141', 'other_installment_plans_A143', 'housing_A152']",139,MLP_DNN,Constraint_Aware_VLoan,0.0,0.0
True,False,Categorical group 'credit' has invalid one-hot encoding sum (1.29),True,False,0.45221942633451484,0.5154439425957915,0.015443942595791516,26,0.4116275670680092,0.10523538573890391,26,"['duration_months', 'credit_amount', 'installment_rate', 'number_existing_credits', 'status_checking_account_A12', 'status_checking_account_A13', 'status_checking_account_A14', 'purpose_A41', 'purpose_A410', 'purpose_A43', 'purpose_A44', 'purpose_A48', 'purpose_A49', 'savings_account_A63', 'savings_account_A64', 'present_employment_since_A71', 'present_employment_since_A72', 'present_employment_since_A74', 'other_debtors_guarantors_A103', 'property_A121', 'property_A123', 'property_A124', 'other_installment_plans_A141', 'other_installment_plans_A143', 'housing_A152', 'housing_A153']",144,MLP_DNN,Constraint_Aware_VLoan,0.0,0.0
True,False,Categorical group 'purpose' has invalid one-hot encoding sum (1.47),True,False,0.21465227142640667,0.5182708474406408,0.01827084744064078,29,2.6388527812491844,0.6226522418996627,29,"['duration_months', 'credit_amount', 'installment_rate', 'number_existing_credits', 'status_checking_account_A12', 'status_checking_account_A13', 'status_checking_account_A14', 'purpose_A40', 'purpose_A41', 'purpose_A42', 'purpose_A43', 'purpose_A44', 'purpose_A48', 'purpose_A49', 'savings_account_A61', 'savings_account_A62', 'savings_account_A64', 'savings_account_A65', 'present_employment_since_A73', 'present_employment_since_A74', 'present_employment_since_A75', 'other_debtors_guarantors_A103', 'property_A121', 'property_A122', 'property_A123', 'property_A124', 'housing_A152', 'housing_A153', 'job_A173']",147,MLP_DNN,Constraint_Aware_VLoan,0.0,0.0
True,False,Categorical group 'purpose' has invalid one-hot encoding sum (1.72),True,False,0.0754419397632019,0.519497292951149,0.019497292951148992,29,4.418918399173875,1.0326192416032962,29,"['duration_months', 'credit_amount', 'installment_rate', 'number_existing_credits', 'status_checking_account_A12', 'status_checking_account_A13', 'status_checking_account_A14', 'purpose_A41', 'purpose_A410', 'purpose_A43', 'purpose_A48', 'savings_account_A62', 'savings_account_A63', 'savings_account_A64', 'savings_account_A65', 'present_employment_since_A71', 'present_employment_since_A74', 'present_employment_since_A75', 'other_debtors_guarantors_A103', 'property_A121', 'property_A122', 'property_A123', 'property_A124', 'other_installment_plans_A141', 'other_installment_plans_A143', 'housing_A152', 'job_A171', 'job_A172', 'job_A174']",151,MLP_DNN,Constraint_Aware_VLoan,0.0,0.0
True,False,Categorical group 'purpose' has invalid one-hot encoding sum (1.27),True,False,0.16067066666268004,0.5034799039188637,0.0034799039188636582,21,2.157547033402519,0.5541884284943491,21,"['duration_months', 'credit_amount', 'installment_rate', 'status_checking_account_A11', 'status_checking_account_A13', 'status_checking_account_A14', 'purpose_A40', 'purpose_A41', 'purpose_A42', 'purpose_A43', 'purpose_A48', 'savings_account_A61', 'savings_account_A63', 'savings_account_A64', 'savings_account_A65', 'other_debtors_guarantors_A103', 'property_A121', 'property_A122', 'property_A124', 'job_A173', 'job_A174']",154,MLP_DNN,Constraint_Aware_VLoan,0.0,0.0
True,False,Categorical group 'purpose' has invalid one-hot encoding sum (1.42),True,False,0.1089881484537533,0.5014409387205234,0.0014409387205234214,24,3.470203607432114,0.9263593406344222,24,"['duration_months', 'credit_amount', 'installment_rate', 'status_checking_account_A12', 'status_checking_account_A13', 'status_checking_account_A14', 'purpose_A40', 'purpose_A41', 'purpose_A43', 'purpose_A44', 'purpose_A48', 'savings_account_A61', 'savings_account_A62', 'savings_account_A63', 'savings_account_A64', 'savings_account_A65', 'present_employment_since_A71', 'other_debtors_guarantors_A103', 'property_A121', 'property_A123', 'housing_A152', 'housing_A153', 'job_A171', 'job_A174']",155,MLP_DNN,Constraint_Aware_VLoan,0.0,0.0
True,False,Categorical group 'purpose' has invalid one-hot encoding sum (1.20),True,False,0.263605346825793,0.5039666523812975,0.003966652381297453,29,1.7848278097880483,0.42157150271379945,29,"['duration_months', 'credit_amount', 'installment_rate', 'number_existing_credits', 'status_checking_account_A12', 'status_checking_account_A13', 'status_checking_account_A14', 'purpose_A41', 'purpose_A42', 'purpose_A43', 'purpose_A46', 'purpose_A48', 'purpose_A49', 'savings_account_A61', 'savings_account_A63', 'savings_account_A64', 'savings_account_A65', 'present_employment_since_A71', 'present_employment_since_A72', 'present_employment_since_A73', 'present_employment_since_A74', 'other_debtors_guarantors_A103', 'property_A121', 'property_A122', 'property_A123', 'property_A124', 'housing_A152', 'job_A171', 'job_A173']",156,MLP_DNN,Constraint_Aware_VLoan,0.0,0.0
True,False,Categorical group 'purpose' has invalid one-hot encoding sum (1.43),True,False,0.20568078229223852,0.5169934086586886,0.01699340865868859,27,2.6317029638969966,0.6198021965144518,27,"['duration_months', 'credit_amount', 'installment_rate', 'number_existing_credits', 'status_checking_account_A12', 'status_checking_account_A13', 'status_checking_account_A14', 'purpose_A41', 'purpose_A410', 'purpose_A43', 'purpose_A48', 'purpose_A49', 'savings_account_A61', 'savings_account_A63', 'savings_account_A64', 'savings_account_A65', 'present_employment_since_A71', 'present_employment_since_A74', 'present_employment_since_A75', 'other_debtors_guarantors_A103', 'property_A121', 'property_A122', 'property_A123', 'property_A124', 'housing_A152', 'job_A171', 'job_A174']",157,MLP_DNN,Constraint_Aware_VLoan,0.0,0.0
True,False,Categorical group 'credit' has invalid one-hot encoding sum (0.32),True,False,0.4246203221428283,0.5078733988562767,0.007873398856276692,24,0.4632060326596775,0.12054299131788448,24,"['duration_months', 'credit_amount', 'installment_rate', 'status_checking_account_A12', 'status_checking_account_A13', 'status_checking_account_A14', 'purpose_A40', 'purpose_A41', 'purpose_A43', 'purpose_A48', 'purpose_A49', 'savings_account_A61', 'savings_account_A62', 'savings_account_A63', 'savings_account_A64', 'savings_account_A65', 'present_employment_since_A72', 'present_employment_since_A74', 'other_debtors_guarantors_A103', 'property_A121', 'property_A122', 'job_A171', 'job_A172', 'job_A173']",167,MLP_DNN,Constraint_Aware_VLoan,0.0,0.0
True,False,Categorical group 'purpose' has invalid one-hot encoding sum (1.34),True,False,0.16309113131903874,0.5216643004600523,0.0216643004600523,21,2.2378941787494018,0.5904394843523215,21,"['duration_months', 'credit_amount', 'installment_rate', 'status_checking_account_A11', 'status_checking_account_A13', 'status_checking_account_A14', 'purpose_A41', 'purpose_A48', 'savings_account_A61', 'savings_account_A64', 'savings_account_A65', 'present_employment_since_A73', 'present_employment_since_A74', 'other_debtors_guarantors_A103', 'property_A121', 'property_A122', 'property_A123', 'property_A124', 'housing_A152', 'job_A171', 'job_A173']",171,MLP_DNN,Constraint_Aware_VLoan,0.0,0.0
True,False,Categorical group 'credit' has invalid one-hot encoding sum (0.35),True,False,0.4302399867014863,0.5222350128057964,0.022235012805796428,26,0.5761225628580044,0.15452318793587194,26,"['duration_months', 'credit_amount', 'installment_rate', 'number_existing_credits', 'status_checking_account_A11', 'status_checking_account_A13', 'status_checking_account_A14', 'purpose_A40', 'purpose_A41', 'purpose_A410', 'purpose_A42', 'purpose_A43', 'purpose_A44', 'purpose_A48', 'savings_account_A61', 'savings_account_A63', 'savings_account_A64', 'savings_account_A65', 'present_employment_since_A71', 'present_employment_since_A72', 'present_employment_since_A73', 'present_employment_since_A74', 'other_debtors_guarantors_A103', 'property_A121', 'property_A124', 'housing_A152']",176,MLP_DNN,Constraint_Aware_VLoan,0.0,0.0
True,False,Categorical group 'purpose' has invalid one-hot encoding sum (1.45),True,False,0.07319136995195231,0.5193719931079995,0.01937199310799953,27,4.140859720214117,1.0499436450806094,27,"['duration_months', 'credit_amount', 'installment_rate', 'number_existing_credits', 'status_checking_account_A12', 'status_checking_account_A13', 'status_checking_account_A14', 'purpose_A40', 'purpose_A41', 'purpose_A410', 'purpose_A43', 'purpose_A48', 'savings_account_A61', 'savings_account_A63', 'savings_account_A64', 'savings_account_A65', 'present_employment_since_A71', 'present_employment_since_A74', 'other_debtors_guarantors_A103', 'property_A121', 'property_A122', 'property_A123', 'property_A124', 'housing_A152', 'job_A171', 'job_A172', 'job_A174']",182,MLP_DNN,Constraint_Aware_VLoan,0.0,0.0
True,False,Categorical group 'purpose' has invalid one-hot encoding sum (1.47),True,False,0.07050808381067432,0.5249804188303443,0.024980418830344298,20,3.0813990977042827,0.8069111048424747,20,"['duration_months', 'credit_amount', 'installment_rate', 'status_checking_account_A11', 'status_checking_account_A13', 'status_checking_account_A14', 'purpose_A41', 'purpose_A42', 'savings_account_A61', 'savings_account_A63', 'savings_account_A64', 'savings_account_A65', 'present_employment_since_A74', 'other_debtors_guarantors_A103', 'property_A121', 'property_A122', 'housing_A151', 'housing_A153', 'job_A171', 'job_A173']",185,MLP_DNN,Constraint_Aware_VLoan,0.0,0.0
True,False,Categorical group 'purpose' has invalid one-hot encoding sum (1.20),True,False,0.31934697195625067,0.5089278928888918,0.008927892888891842,26,1.1793944327280252,0.30750320500051814,26,"['duration_months', 'credit_amount', 'installment_rate', 'number_existing_credits', 'status_checking_account_A11', 'status_checking_account_A13', 'status_checking_account_A14', 'purpose_A41', 'purpose_A410', 'purpose_A42', 'purpose_A48', 'purpose_A49', 'savings_account_A61', 'savings_account_A63', 'savings_account_A64', 'savings_account_A65', 'present_employment_since_A72', 'present_employment_since_A73', 'present_employment_since_A75', 'other_debtors_guarantors_A101', 'other_debtors_guarantors_A103', 'property_A121', 'property_A123', 'housing_A153', 'job_A171', 'job_A173']",186,MLP_DNN,Constraint_Aware_VLoan,0.0,0.0
True,False,Categorical group 'credit' has invalid one-hot encoding sum (0.16),True,False,0.43061574064737,0.5021150705261138,0.002115070526113816,28,0.49782515983872755,0.1214455685929065,28,"['duration_months', 'credit_amount', 'installment_rate', 'number_existing_credits', 'status_checking_account_A12', 'status_checking_account_A13', 'status_checking_account_A14', 'purpose_A40', 'purpose_A41', 'purpose_A42', 'purpose_A43', 'purpose_A48', 'savings_account_A61', 'savings_account_A62', 'savings_account_A64', 'savings_account_A65', 'present_employment_since_A73', 'present_employment_since_A74', 'present_employment_since_A75', 'other_debtors_guarantors_A101', 'other_debtors_guarantors_A103', 'property_A121', 'property_A122', 'other_installment_plans_A141', 'other_installment_plans_A143', 'housing_A151', 'job_A171', 'job_A174']",189,MLP_DNN,Constraint_Aware_VLoan,0.0,0.0
True,False,Categorical group 'purpose' has invalid one-hot encoding sum (1.19),True,False,0.3134937359889733,0.5191398687748122,0.01913986877481222,26,1.0579356532539892,0.26970851587037226,26,"['duration_months', 'credit_amount', 'installment_rate', 'status_checking_account_A12', 'status_checking_account_A13', 'status_checking_account_A14', 'purpose_A41', 'purpose_A410', 'purpose_A43', 'purpose_A48', 'purpose_A49', 'savings_account_A62', 'savings_account_A63', 'savings_account_A64', 'savings_account_A65', 'present_employment_since_A71', 'present_employment_since_A73', 'present_employment_since_A74', 'present_employment_since_A75', 'other_debtors_guarantors_A103', 'property_A121', 'property_A122', 'property_A123', 'property_A124', 'housing_A152', 'job_A173']",198,MLP_DNN,Constraint_Aware_VLoan,0.0,0.0
True,False,Categorical group 'credit' has invalid one-hot encoding sum (1.37),True,False,0.36107353295530914,0.5148245072212694,0.014824507221269378,26,0.8738926465166451,0.2398007100398557,26,"['duration_months', 'credit_amount', 'installment_rate', 'number_existing_credits', 'status_checking_account_A12', 'status_checking_account_A13', 'status_checking_account_A14', 'purpose_A40', 'purpose_A41', 'purpose_A43', 'purpose_A44', 'purpose_A48', 'savings_account_A61', 'savings_account_A63', 'savings_account_A64', 'savings_account_A65', 'present_employment_since_A71', 'present_employment_since_A73', 'present_employment_since_A74', 'present_employment_since_A75', 'other_debtors_guarantors_A103', 'property_A121', 'property_A122', 'property_A124', 'job_A172', 'job_A174']",199,MLP_DNN,Constraint_Aware_VLoan,0.0,0.0
True,False,Categorical group 'purpose' has invalid one-hot encoding sum (1.49),True,False,0.08909010998365735,0.5241703659417348,0.024170365941734828,27,3.298017262297056,0.7848655617817725,27,"['duration_months', 'credit_amount', 'installment_rate', 'number_existing_credits', 'status_checking_account_A11', 'status_checking_account_A12', 'status_checking_account_A13', 'status_checking_account_A14', 'purpose_A41', 'purpose_A42', 'purpose_A48', 'savings_account_A61', 'savings_account_A63', 'savings_account_A64', 'savings_account_A65', 'present_employment_since_A73', 'present_employment_since_A74', 'other_debtors_guarantors_A103', 'property_A121', 'property_A122', 'other_installment_plans_A141', 'other_installment_plans_A143', 'housing_A151', 'housing_A152', 'housing_A153', 'job_A171', 'job_A173']",210,MLP_DNN,Constraint_Aware_VLoan,0.0,0.0
True,False,Categorical group 'purpose' has invalid one-hot encoding sum (1.24),True,False,0.3337724774728332,0.5046477619091195,0.00464776190911953,25,1.2599354082217915,0.31976771228320133,25,"['duration_months', 'credit_amount', 'installment_rate', 'number_existing_credits', 'status_checking_account_A11', 'status_checking_account_A13', 'status_checking_account_A14', 'purpose_A41', 'purpose_A42', 'purpose_A48', 'purpose_A49', 'savings_account_A61', 'savings_account_A63', 'savings_account_A64', 'savings_account_A65', 'present_employment_since_A72', 'present_employment_since_A73', 'present_employment_since_A74', 'present_employment_since_A75', 'other_debtors_guarantors_A103', 'property_A121', 'other_installment_plans_A142', 'other_installment_plans_A143', 'housing_A153', 'job_A171']",219,MLP_DNN,Constraint_Aware_VLoan,0.0,0.0
True,False,Categorical group 'purpose' has invalid one-hot encoding sum (1.53),True,False,0.1391913038644924,0.5151123230838329,0.015112323083832924,25,2.391198951888963,0.6032542996954031,25,"['duration_months', 'credit_amount', 'installment_rate', 'number_existing_credits', 'status_checking_account_A11', 'status_checking_account_A13', 'status_checking_account_A14', 'purpose_A41', 'purpose_A42', 'purpose_A43', 'purpose_A48', 'purpose_A49', 'savings_account_A61', 'savings_account_A63', 'savings_account_A64', 'savings_account_A65', 'present_employment_since_A73', 'present_employment_since_A74', 'other_debtors_guarantors_A103', 'property_A121', 'property_A122', 'other_installment_plans_A141', 'other_installment_plans_A143', 'housing_A153', 'job_A171']",222,MLP_DNN,Constraint_Aware_VLoan,0.0,0.0
True,False,Categorical group 'purpose' has invalid one-hot encoding sum (1.76),True,False,0.08883008927792771,0.5075976292220332,0.00759762922203322,26,3.624052172425113,0.9078340157660387,26,"['duration_months', 'credit_amount', 'installment_rate', 'number_existing_credits', 'status_checking_account_A11', 'status_checking_account_A13', 'status_checking_account_A14', 'purpose_A41', 'purpose_A410', 'purpose_A43', 'purpose_A48', 'purpose_A49', 'savings_account_A61', 'savings_account_A63', 'savings_account_A64', 'savings_account_A65', 'present_employment_since_A74', 'other_debtors_guarantors_A101', 'other_debtors_guarantors_A102', 'other_debtors_guarantors_A103', 'property_A121', 'property_A122', 'housing_A153', 'job_A171', 'job_A172', 'job_A174']",228,MLP_DNN,Constraint_Aware_VLoan,0.0,0.0
True,False,Categorical group 'credit' has invalid one-hot encoding sum (0.33),True,False,0.4120744026115944,0.5182701578391489,0.01827015783914887,25,0.6007167873806415,0.1581250803721782,25,"['duration_months', 'credit_amount', 'installment_rate', 'number_existing_credits', 'status_checking_account_A11', 'status_checking_account_A13', 'status_checking_account_A14', 'purpose_A41', 'purpose_A43', 'purpose_A49', 'savings_account_A61', 'savings_account_A63', 'savings_account_A64', 'savings_account_A65', 'present_employment_since_A72', 'present_employment_since_A73', 'present_employment_since_A74', 'other_debtors_guarantors_A103', 'property_A121', 'property_A123', 'housing_A151', 'housing_A152', 'housing_A153', 'job_A173', 'job_A174']",230,MLP_DNN,Constraint_Aware_VLoan,0.0,0.0
True,False,Categorical group 'purpose' has invalid one-hot encoding sum (1.32),True,False,0.05007699720440303,0.5061814086093016,0.0061814086093016085,25,4.5173585238078955,1.1201775816910795,25,"['duration_months', 'credit_amount', 'installment_rate', 'status_checking_account_A11', 'status_checking_account_A13', 'status_checking_account_A14', 'purpose_A41', 'purpose_A43', 'purpose_A46', 'purpose_A48', 'savings_account_A61', 'savings_account_A63', 'savings_account_A64', 'savings_account_A65', 'present_employment_since_A71', 'present_employment_since_A73', 'present_employment_since_A74', 'other_debtors_guarantors_A103', 'property_A121', 'property_A123', 'other_installment_plans_A142', 'other_installment_plans_A143', 'housing_A153', 'job_A172', 'job_A173']",231,MLP_DNN,Constraint_Aware_VLoan,0.0,0.0
True,False,Categorical group 'credit' has invalid one-hot encoding sum (0.41),True,False,0.4808846713005673,0.5036430402738603,0.0036430402738603096,20,0.1234538963772604,0.03531250442405108,20,"['duration_months', 'credit_amount', 'installment_rate', 'status_checking_account_A13', 'purpose_A41', 'purpose_A410', 'purpose_A42', 'purpose_A48', 'savings_account_A62', 'savings_account_A63', 'savings_account_A64', 'savings_account_A65', 'present_employment_since_A74', 'present_employment_since_A75', 'other_debtors_guarantors_A103', 'property_A121', 'property_A122', 'other_installment_plans_A141', 'other_installment_plans_A143', 'job_A174']",234,MLP_DNN,Constraint_Aware_VLoan,0.0,0.0
True,False,Categorical group 'purpose' has invalid one-hot encoding sum (1.45),True,False,0.19940499108520834,0.5137015513093046,0.013701551309304616,27,3.014957971125772,0.7227163354350394,27,"['duration_months', 'credit_amount', 'installment_rate', 'number_existing_credits', 'status_checking_account_A11', 'status_checking_account_A13', 'status_checking_account_A14', 'purpose_A41', 'purpose_A410', 'purpose_A42', 'purpose_A43', 'purpose_A48', 'purpose_A49', 'savings_account_A61', 'savings_account_A63', 'savings_account_A64', 'savings_account_A65', 'present_employment_since_A71', 'present_employment_since_A72', 'present_employment_since_A74', 'other_debtors_guarantors_A103', 'property_A121', 'other_installment_plans_A141', 'other_installment_plans_A143', 'housing_A153', 'job_A172', 'job_A173']",235,MLP_DNN,Constraint_Aware_VLoan,0.0,0.0
True,False,Categorical group 'purpose' has invalid one-hot encoding sum (1.32),True,False,0.10872780730172794,0.5349723710980299,0.034972371098029864,26,2.7236298732404993,0.6538150775757843,26,"['duration_months', 'credit_amount', 'installment_rate', 'number_existing_credits', 'status_checking_account_A11', 'status_checking_account_A13', 'status_checking_account_A14', 'purpose_A40', 'purpose_A41', 'purpose_A42', 'purpose_A43', 'purpose_A48', 'purpose_A49', 'savings_account_A61', 'savings_account_A63', 'savings_account_A64', 'savings_account_A65', 'present_employment_since_A74', 'other_debtors_guarantors_A101', 'other_debtors_guarantors_A103', 'property_A121', 'property_A122', 'other_installment_plans_A141', 'other_installment_plans_A143', 'housing_A153', 'job_A173']",237,MLP_DNN,Constraint_Aware_VLoan,0.0,0.0
True,False,Categorical group 'purpose' has invalid one-hot encoding sum (1.19),True,False,0.4024262499015175,0.5009181689401739,0.0009181689401739357,27,0.7062157102954955,0.1800054623224806,27,"['duration_months', 'credit_amount', 'installment_rate', 'number_existing_credits', 'status_checking_account_A12', 'status_checking_account_A13', 'status_checking_account_A14', 'purpose_A41', 'purpose_A410', 'purpose_A42', 'purpose_A43', 'purpose_A48', 'purpose_A49', 'savings_account_A63', 'savings_account_A64', 'present_employment_since_A71', 'present_employment_since_A72', 'present_employment_since_A73', 'present_employment_since_A74', 'present_employment_since_A75', 'other_debtors_guarantors_A103', 'property_A121', 'property_A123', 'other_installment_plans_A141', 'other_installment_plans_A143', 'job_A171', 'job_A172']",243,MLP_DNN,Constraint_Aware_VLoan,0.0,0.0
True,False,Categorical group 'purpose' has invalid one-hot encoding sum (1.41),True,False,0.23720453319832802,0.5099789353334079,0.009978935333407879,27,2.08532878459315,0.49438906518002845,27,"['duration_months', 'credit_amount', 'installment_rate', 'number_existing_credits', 'status_checking_account_A11', 'status_checking_account_A13', 'status_checking_account_A14', 'purpose_A41', 'purpose_A410', 'purpose_A42', 'purpose_A43', 'purpose_A48', 'purpose_A49', 'savings_account_A61', 'savings_account_A63', 'savings_account_A64', 'savings_account_A65', 'present_employment_since_A74', 'other_debtors_guarantors_A103', 'property_A121', 'property_A123', 'other_installment_plans_A142', 'other_installment_plans_A143', 'housing_A152', 'housing_A153', 'job_A172', 'job_A173']",249,MLP_DNN,Constraint_Aware_VLoan,0.0,0.0
