applicant_id,model,method,rank,feature_index,feature_name,is_categorical,attribution_value,abs_attribution,original_prob,perturbed_prob_pos,perturbed_prob_neg,delta_pos,delta_neg,max_abs_delta,local_sensitivity_S_k,pass_materiality,pass_direction,pass_rank,rank_status,is_verified,display_decision,abstention_status
0,GradientBoosting,SHAP,1,2,debt_to_income,False,3.145299894763028,3.145299894763028,0.9981137633836593,0.9979680434085133,0.9987379917458076,-0.0001457199751460081,0.0006242283621482603,0.0006242283621482603,-0.004172274235876396,False,False,False,RANK_MISMATCH,False,SUPPRESS_UNVERIFIED,ABSTAIN
0,GradientBoosting,SHAP,2,1,credit_score,False,1.9430520159325078,1.9430520159325078,0.9981137633836593,0.9994345533287805,0.9963588328676456,0.0013207899451211924,-0.0017549305160137196,0.0017549305160137196,0.017430174187014,False,True,False,RANK_MISMATCH,False,SUPPRESS_UNVERIFIED,ABSTAIN
0,GradientBoosting,SHAP,3,0,income,False,0.7969362481334242,0.7969362481334242,0.9981137633836593,0.9987449841403385,0.9990303143112512,0.0006312207566792072,0.0009165509275919081,0.0009165509275919081,-0.0019887732926860057,False,False,False,RANK_MISMATCH,False,SUPPRESS_UNVERIFIED,ABSTAIN
1,GradientBoosting,SHAP,1,2,debt_to_income,False,4.831785232999336,4.831785232999336,0.12347640121281916,0.12347640121281916,0.12347640121281916,0.0,0.0,0.0,0.0,False,False,False,RANK_MISMATCH,False,SUPPRESS_UNVERIFIED,ABSTAIN
1,GradientBoosting,SHAP,2,0,income,False,-3.072100149630787,3.072100149630787,0.12347640121281916,0.12347640121281916,0.12347640121281916,0.0,0.0,0.0,0.0,False,False,False,RANK_MISMATCH,False,SUPPRESS_UNVERIFIED,ABSTAIN
1,GradientBoosting,SHAP,3,1,credit_score,False,-1.1824529934893777,1.1824529934893777,0.12347640121281916,0.11075431543457473,0.08791568382301856,-0.012722085778244435,-0.0355607173898006,0.0355607173898006,0.1294270179012237,True,False,False,RANK_MISMATCH,False,SUPPRESS_UNVERIFIED,ABSTAIN
2,GradientBoosting,SHAP,1,0,income,False,-3.3483989709834896,3.3483989709834896,0.11412777613828694,0.13338077353861127,0.10052675613378795,0.019252997400324337,-0.01360102000449899,0.019252997400324337,0.22899503464057025,False,False,False,RANK_MISMATCH,False,SUPPRESS_UNVERIFIED,ABSTAIN
2,GradientBoosting,SHAP,2,2,debt_to_income,False,2.7164232121138654,2.7164232121138654,0.11412777613828694,0.11412777613828694,0.1471353758684072,0.0,0.033007599730120254,0.033007599730120254,-0.17886493323183442,True,False,False,RANK_MISMATCH,False,SUPPRESS_UNVERIFIED,ABSTAIN
2,GradientBoosting,SHAP,3,1,credit_score,False,-1.0408756124749206,1.0408756124749206,0.11412777613828694,0.24932738773576488,0.04948640983293728,0.13519961159747795,-0.06464136630534967,0.13519961159747795,1.1325031317261551,True,False,False,RANK_MISMATCH,False,SUPPRESS_UNVERIFIED,ABSTAIN
3,GradientBoosting,SHAP,1,0,income,False,4.647651137493863,4.647651137493863,0.9991717864995853,0.9991717864995853,0.9990544151856744,0.0,-0.00011737131391087452,0.00011737131391087452,0.0008180871083024408,False,True,False,RANK_MISMATCH,False,SUPPRESS_UNVERIFIED,ABSTAIN
3,GradientBoosting,SHAP,2,2,debt_to_income,False,3.057207313580883,3.057207313580883,0.9991717864995853,0.9983111526842442,0.9991717864995853,-0.000860633815341072,0.0,0.000860633815341072,-0.004663689913131381,False,False,False,RANK_MISMATCH,False,SUPPRESS_UNVERIFIED,ABSTAIN
3,GradientBoosting,SHAP,3,1,credit_score,False,-0.5528952883668123,0.5528952883668123,0.9991717864995853,0.9991717864995853,0.9982397143001518,0.0,-0.0009320721994334757,0.0009320721994334757,0.005282073256099499,False,False,False,RANK_MISMATCH,False,SUPPRESS_UNVERIFIED,ABSTAIN
4,GradientBoosting,SHAP,1,2,debt_to_income,False,4.078551111651285,4.078551111651285,0.9997993870229349,0.9997993870229349,0.9997993870229349,0.0,0.0,0.0,0.0,False,False,False,RANK_MISMATCH,False,SUPPRESS_UNVERIFIED,ABSTAIN
4,GradientBoosting,SHAP,2,6,age,False,1.9996761547054784,1.9996761547054784,0.9997993870229349,0.9997993870229349,0.9997993870229349,0.0,0.0,0.0,0.0,False,False,False,RANK_MISMATCH,False,SUPPRESS_UNVERIFIED,ABSTAIN
4,GradientBoosting,SHAP,3,0,income,False,1.3241735973635596,1.3241735973635596,0.9997993870229349,0.9996144678997043,0.9994447973139209,-0.000184919123230598,-0.0003545897090140304,0.0003545897090140304,0.0011826170659804554,False,True,False,RANK_MISMATCH,False,SUPPRESS_UNVERIFIED,ABSTAIN
5,GradientBoosting,SHAP,1,2,debt_to_income,False,3.535057900777421,3.535057900777421,0.9998719129589928,0.9998719129589928,0.9998719129589928,0.0,0.0,0.0,0.0,False,False,False,N/A_ZERO_VARIANCE,False,SUPPRESS_UNVERIFIED,ABSTAIN
5,GradientBoosting,SHAP,2,1,credit_score,False,2.7151726363088424,2.7151726363088424,0.9998719129589928,0.9998719129589928,0.9998719129589928,0.0,0.0,0.0,0.0,False,False,False,N/A_ZERO_VARIANCE,False,SUPPRESS_UNVERIFIED,ABSTAIN
5,GradientBoosting,SHAP,3,0,income,False,2.2792271222622635,2.2792271222622635,0.9998719129589928,0.9998719129589928,0.9998719129589928,0.0,0.0,0.0,0.0,False,False,False,N/A_ZERO_VARIANCE,False,SUPPRESS_UNVERIFIED,ABSTAIN
6,GradientBoosting,SHAP,1,2,debt_to_income,False,-5.677548603159779,5.677548603159779,0.0016934252007980834,0.0016934252007980834,0.003472878505831679,0.0,0.0017794533050335957,0.0017794533050335957,-0.009642682267004139,False,True,True,VALID_RANK,False,SUPPRESS_UNVERIFIED,ABSTAIN
6,GradientBoosting,SHAP,2,1,credit_score,False,2.0988726840509946,2.0988726840509946,0.0016934252007980834,0.0014655282004930508,0.0013197112617079245,-0.0002278970003050326,-0.00037371393909015884,0.00037371393909015884,0.0008263477369149718,False,True,True,VALID_RANK,False,SUPPRESS_UNVERIFIED,ABSTAIN
6,GradientBoosting,SHAP,3,0,income,False,-1.5959317391086645,1.5959317391086645,0.0016934252007980834,0.0016934252007980834,0.0016934252007980834,0.0,0.0,0.0,0.0,False,False,True,VALID_RANK,False,SUPPRESS_UNVERIFIED,ABSTAIN
7,GradientBoosting,SHAP,1,1,credit_score,False,-4.13217088714617,4.13217088714617,0.015018671877836766,0.015018671877836766,0.012024766716869324,0.0,-0.0029939051609674423,0.0029939051609674423,0.02114682651400385,False,False,False,RANK_MISMATCH,False,SUPPRESS_UNVERIFIED,ABSTAIN
7,GradientBoosting,SHAP,2,0,income,False,3.215051113496004,3.215051113496004,0.015018671877836766,0.015018671877836766,0.015018671877836766,0.0,0.0,0.0,0.0,False,False,False,RANK_MISMATCH,False,SUPPRESS_UNVERIFIED,ABSTAIN
7,GradientBoosting,SHAP,3,2,debt_to_income,False,-2.795625177434589,2.795625177434589,0.015018671877836766,0.0075090692167494415,0.00843100725025285,-0.007509602661087324,-0.006587664627583915,0.007509602661087324,-0.004995891435753156,False,True,False,RANK_MISMATCH,False,SUPPRESS_UNVERIFIED,ABSTAIN
8,GradientBoosting,SHAP,1,2,debt_to_income,False,-2.588142217603266,2.588142217603266,0.016557487649180386,0.016557487649180386,0.022927520649300745,0.0,0.006370033000120359,0.006370033000120359,-0.03451858167715847,False,True,False,RANK_MISMATCH,False,SUPPRESS_UNVERIFIED,ABSTAIN
8,GradientBoosting,SHAP,2,1,credit_score,False,-2.3496353757346347,2.3496353757346347,0.016557487649180386,0.03637489502576697,0.004064004698726088,0.019817407376586584,-0.012493482950454299,0.019817407376586584,0.18310651232915312,False,False,False,RANK_MISMATCH,False,SUPPRESS_UNVERIFIED,ABSTAIN
8,GradientBoosting,SHAP,3,4,employment_years,False,1.070549217684358,1.070549217684358,0.016557487649180386,0.03477931990066309,0.009196115510994035,0.018221832251482703,-0.007361372138186351,0.018221832251482703,0.16383928285683125,False,True,False,RANK_MISMATCH,False,SUPPRESS_UNVERIFIED,ABSTAIN
9,GradientBoosting,SHAP,1,1,credit_score,False,-3.2898138978193003,3.2898138978193003,0.016406400293602574,0.019138310690711178,0.006884688695036672,0.0027319103971086035,-0.009521711598565902,0.009521711598565902,0.0694415401221549,False,False,True,VALID_RANK,False,SUPPRESS_UNVERIFIED,ABSTAIN
9,GradientBoosting,SHAP,2,0,income,False,-2.7034297291064053,2.7034297291064053,0.016406400293602574,0.016406400293602574,0.01651701985466554,0.0,0.00011061956106296622,0.00011061956106296622,-0.0007710268703339684,False,True,True,VALID_RANK,False,SUPPRESS_UNVERIFIED,ABSTAIN
9,GradientBoosting,SHAP,3,2,debt_to_income,False,2.211575386155878,2.211575386155878,0.016406400293602574,0.012302820587223802,0.016406400293602574,-0.004103579706378773,0.0,0.004103579706378773,-0.02223689441808063,False,False,True,VALID_RANK,False,SUPPRESS_UNVERIFIED,ABSTAIN
10,GradientBoosting,SHAP,1,0,income,False,-2.724192339835254,2.724192339835254,0.008461394114661772,0.01789458939518837,0.008461394114661772,0.009433195280526599,0.0,0.009433195280526599,0.06575009848623017,False,False,True,VALID_RANK,False,SUPPRESS_UNVERIFIED,ABSTAIN
10,GradientBoosting,SHAP,2,1,credit_score,False,-2.2536700011303767,2.2536700011303767,0.008461394114661772,0.008461394114661772,0.009625628145303374,0.0,0.0011642340306416022,0.0011642340306416022,-0.006597739360567464,False,True,True,VALID_RANK,False,SUPPRESS_UNVERIFIED,ABSTAIN
10,GradientBoosting,SHAP,3,6,age,False,0.9061395216201219,0.9061395216201219,0.008461394114661772,0.008461394114661772,0.008461394114661772,0.0,0.0,0.0,0.0,False,False,True,VALID_RANK,False,SUPPRESS_UNVERIFIED,ABSTAIN
11,GradientBoosting,SHAP,1,2,debt_to_income,False,3.852673502740567,3.852673502740567,0.962664537571914,0.9592617511647789,0.9613585055132974,-0.0034027864071350944,-0.0013060320586165686,0.0034027864071350944,-0.011362105382327922,False,False,False,RANK_MISMATCH,False,SUPPRESS_UNVERIFIED,ABSTAIN
11,GradientBoosting,SHAP,2,0,income,False,-2.8741510543909228,2.8741510543909228,0.962664537571914,0.962664537571914,0.962664537571914,0.0,0.0,0.0,0.0,False,False,False,RANK_MISMATCH,False,SUPPRESS_UNVERIFIED,ABSTAIN
11,GradientBoosting,SHAP,3,1,credit_score,False,2.286906532770557,2.286906532770557,0.962664537571914,0.9927700760264064,0.8863270083560253,0.030105538454492486,-0.07633752921588866,0.07633752921588866,0.6032151601352829,True,True,False,RANK_MISMATCH,False,SUPPRESS_UNVERIFIED,ABSTAIN
12,GradientBoosting,SHAP,1,2,debt_to_income,False,-6.105958870175944,6.105958870175944,0.0021962705435755155,0.0021962705435755155,0.0021962705435755155,0.0,0.0,0.0,0.0,False,False,False,RANK_MISMATCH,False,SUPPRESS_UNVERIFIED,ABSTAIN
12,GradientBoosting,SHAP,2,1,credit_score,False,1.5851487851213673,1.5851487851213673,0.0021962705435755155,0.004290011461231999,0.0014841927730493596,0.002093740917656483,-0.0007120777705261559,0.002093740917656483,0.015900635018748322,False,True,False,RANK_MISMATCH,False,SUPPRESS_UNVERIFIED,ABSTAIN
12,GradientBoosting,SHAP,3,0,income,False,-1.5048928127296213,1.5048928127296213,0.0021962705435755155,0.0021962705435755155,0.0021962705435755155,0.0,0.0,0.0,0.0,False,False,False,RANK_MISMATCH,False,SUPPRESS_UNVERIFIED,ABSTAIN
13,GradientBoosting,SHAP,1,0,income,False,4.049049276886938,4.049049276886938,0.9971174988128916,0.9976800165116299,0.9964742097020612,0.0005625176987382741,-0.0006432891108303362,0.0006432891108303362,0.008404566440829287,False,True,True,VALID_RANK,False,SUPPRESS_UNVERIFIED,ABSTAIN
13,GradientBoosting,SHAP,2,2,debt_to_income,False,3.4699452178551016,3.4699452178551016,0.9971174988128916,0.995118334776214,0.9971174988128916,-0.0019991640366775476,0.0,0.0019991640366775476,-0.010833273090545666,False,False,True,VALID_RANK,False,SUPPRESS_UNVERIFIED,ABSTAIN
13,GradientBoosting,SHAP,3,1,credit_score,False,-1.5646541572633748,1.5646541572633748,0.9971174988128916,0.9971174988128916,0.9971396400630648,0.0,2.2141250173191018e-05,2.2141250173191018e-05,-0.00012547494224965117,False,True,True,VALID_RANK,False,SUPPRESS_UNVERIFIED,ABSTAIN
14,GradientBoosting,SHAP,1,2,debt_to_income,False,2.9548932100211798,2.9548932100211798,0.030200294758822896,0.030200294758822896,0.040031587169113265,0.0,0.00983129241029037,0.00983129241029037,-0.05327480564860882,False,False,False,RANK_MISMATCH,False,SUPPRESS_UNVERIFIED,ABSTAIN
14,GradientBoosting,SHAP,2,0,income,False,-2.6096167279403706,2.6096167279403706,0.030200294758822896,0.029161076409150385,0.024841790831856173,-0.0010392183496725112,-0.005358503926966723,0.005358503926966723,0.030105753528023464,False,False,False,RANK_MISMATCH,False,SUPPRESS_UNVERIFIED,ABSTAIN
14,GradientBoosting,SHAP,3,1,credit_score,False,-1.8175733904662414,1.8175733904662414,0.030200294758822896,0.030200294758822896,0.008408784952270947,0.0,-0.02179150980655195,0.02179150980655195,0.12349295604909125,True,False,False,RANK_MISMATCH,False,SUPPRESS_UNVERIFIED,ABSTAIN
15,GradientBoosting,SHAP,1,1,credit_score,False,-3.220376431298487,3.220376431298487,0.00037113227936465243,0.00037113227936465243,0.00036804233727137577,0.0,-3.0899420932766646e-06,3.0899420932766646e-06,1.7510768483077863e-05,False,False,False,RANK_MISMATCH,False,SUPPRESS_UNVERIFIED,ABSTAIN
15,GradientBoosting,SHAP,2,0,income,False,-2.6634379615298482,2.6634379615298482,0.00037113227936465243,0.0004555791978577817,0.00037113227936465243,8.444691849312928e-05,0.0,8.444691849312928e-05,0.000588601533485051,False,False,False,RANK_MISMATCH,False,SUPPRESS_UNVERIFIED,ABSTAIN
15,GradientBoosting,SHAP,3,4,employment_years,False,-1.0261814146207016,1.0261814146207016,0.00037113227936465243,0.0003668823471161022,0.0008165784179852713,-4.2499322485502265e-06,0.00044544613862061884,0.00044544613862061884,-0.0028799317174079977,False,True,False,RANK_MISMATCH,False,SUPPRESS_UNVERIFIED,ABSTAIN
16,GradientBoosting,SHAP,1,0,income,False,3.1497203187299254,3.1497203187299254,0.9989874351123337,0.9983932828637474,0.9993168401682668,-0.0005941522485862771,0.00032940505593315184,0.0005941522485862771,-0.006437265626758004,False,False,True,VALID_RANK,False,SUPPRESS_UNVERIFIED,ABSTAIN
16,GradientBoosting,SHAP,2,2,debt_to_income,False,3.0485381838867975,3.0485381838867975,0.9989874351123337,0.9980191140797996,0.9989874351123337,-0.0009683210325340808,0.0,0.0009683210325340808,-0.005247236340943065,False,False,True,VALID_RANK,False,SUPPRESS_UNVERIFIED,ABSTAIN
16,GradientBoosting,SHAP,3,1,credit_score,False,1.3532459795603076,1.3532459795603076,0.9989874351123337,0.9991495159356332,0.9988320499832346,0.00016208082329949303,-0.00015538512909907265,0.00016208082329949303,0.001799086398999827,False,True,True,VALID_RANK,False,SUPPRESS_UNVERIFIED,ABSTAIN
17,GradientBoosting,SHAP,1,2,debt_to_income,False,-2.6410950660703363,2.6410950660703363,0.0006720827460743454,0.0006720827460743454,0.0006720827460743454,0.0,0.0,0.0,0.0,False,False,False,RANK_MISMATCH,False,SUPPRESS_UNVERIFIED,ABSTAIN
17,GradientBoosting,SHAP,2,1,credit_score,False,-2.5678925663516625,2.5678925663516625,0.0006720827460743454,0.0007028608602964986,0.0006720827460743454,3.077811422215319e-05,0.0,3.077811422215319e-05,0.0001744202370855222,False,False,False,RANK_MISMATCH,False,SUPPRESS_UNVERIFIED,ABSTAIN
17,GradientBoosting,SHAP,3,0,income,False,-1.9272004745729505,1.9272004745729505,0.0006720827460743454,0.0008099097055617763,0.0006720827460743454,0.00013782695948743088,0.0,0.00013782695948743088,0.0009606645352782673,False,False,False,RANK_MISMATCH,False,SUPPRESS_UNVERIFIED,ABSTAIN
18,GradientBoosting,SHAP,1,1,credit_score,False,-3.966174309604271,3.966174309604271,0.002573131780284601,0.00641312267362089,0.002573131780284601,0.003839990893336289,0.0,0.003839990893336289,0.021761311209244887,False,False,True,VALID_RANK,False,SUPPRESS_UNVERIFIED,ABSTAIN
18,GradientBoosting,SHAP,2,0,income,False,-2.8732312348729363,2.8732312348729363,0.002573131780284601,0.002573131780284601,0.002573131780284601,0.0,0.0,0.0,0.0,False,False,True,VALID_RANK,False,SUPPRESS_UNVERIFIED,ABSTAIN
18,GradientBoosting,SHAP,3,2,debt_to_income,False,1.693276942493652,1.693276942493652,0.002573131780284601,0.0025732447512831816,0.0025323310979696433,1.1297099858061446e-07,-4.08006823149577e-05,4.08006823149577e-05,0.00022170705922365468,False,True,True,VALID_RANK,False,SUPPRESS_UNVERIFIED,ABSTAIN
19,GradientBoosting,SHAP,1,2,debt_to_income,False,-2.8735864102108506,2.8735864102108506,0.6435126434330168,0.6532494106075234,0.6435126434330168,0.009736767174506555,0.0,0.009736767174506555,0.05276258270221356,False,False,False,RANK_MISMATCH,False,SUPPRESS_UNVERIFIED,ABSTAIN
19,GradientBoosting,SHAP,2,0,income,False,2.6540785436852157,2.6540785436852157,0.6435126434330168,0.7735565759547027,0.4283961802893808,0.1300439325216859,-0.21511646314363603,0.21511646314363603,2.4057945726396746,True,True,False,RANK_MISMATCH,False,SUPPRESS_UNVERIFIED,ABSTAIN
19,GradientBoosting,SHAP,3,1,credit_score,False,2.4339333501810847,2.4339333501810847,0.6435126434330168,0.6005584515551687,0.4419179723500814,-0.0429541918778481,-0.20159467108293544,0.20159467108293544,0.8990190170389337,True,True,False,RANK_MISMATCH,False,SUPPRESS_UNVERIFIED,ABSTAIN
20,GradientBoosting,SHAP,1,0,income,False,3.4596681491581984,3.4596681491581984,0.9997280952922427,0.9997309310879191,0.9996927752852897,2.835795676392472e-06,-3.5320006953054595e-05,3.5320006953054595e-05,0.00026594888646970283,False,True,False,RANK_MISMATCH,False,SUPPRESS_UNVERIFIED,ABSTAIN
20,GradientBoosting,SHAP,2,2,debt_to_income,False,2.4886268708383446,2.4886268708383446,0.9997280952922427,0.9997303333258979,0.9997185572891448,2.238033655177496e-06,-9.538003097886438e-06,9.538003097886438e-06,6.381318377568489e-05,False,True,False,RANK_MISMATCH,False,SUPPRESS_UNVERIFIED,ABSTAIN
20,GradientBoosting,SHAP,3,1,credit_score,False,1.523498197884997,1.523498197884997,0.9997280952922427,0.9997225132415226,0.9996826343875415,-5.5820507200987635e-06,-4.546090470125552e-05,4.546090470125552e-05,0.00022599432557456007,False,True,False,RANK_MISMATCH,False,SUPPRESS_UNVERIFIED,ABSTAIN
21,GradientBoosting,SHAP,1,1,credit_score,False,-4.295842619785211,4.295842619785211,0.0035851177772599396,0.0035851177772599396,0.0035851177772599396,0.0,0.0,0.0,0.0,False,False,False,RANK_MISMATCH,False,SUPPRESS_UNVERIFIED,ABSTAIN
21,GradientBoosting,SHAP,2,0,income,False,-2.8549722507659974,2.8549722507659974,0.0035851177772599396,0.0035851177772599396,0.0035851177772599396,0.0,0.0,0.0,0.0,False,False,False,RANK_MISMATCH,False,SUPPRESS_UNVERIFIED,ABSTAIN
21,GradientBoosting,SHAP,3,2,debt_to_income,False,1.7446101045791416,1.7446101045791416,0.0035851177772599396,0.004754355226238497,0.0035851177772599396,0.001169237448978557,0.0,0.001169237448978557,0.0063359826207801655,False,True,False,RANK_MISMATCH,False,SUPPRESS_UNVERIFIED,ABSTAIN
22,GradientBoosting,SHAP,1,0,income,False,3.216727229410272,3.216727229410272,0.9849151703103509,0.9922700361515581,0.9898055691830542,0.007354865841207148,0.004890398872703261,0.007354865841207148,0.01717752480219469,False,True,True,VALID_RANK,False,SUPPRESS_UNVERIFIED,ABSTAIN
22,GradientBoosting,SHAP,2,2,debt_to_income,False,2.338212157842279,2.338212157842279,0.9849151703103509,0.9788895786473777,0.9844437651559835,-0.006025591662973229,-0.00047140515436738806,0.006025591662973229,-0.03009758986238531,False,False,True,VALID_RANK,False,SUPPRESS_UNVERIFIED,ABSTAIN
22,GradientBoosting,SHAP,3,4,employment_years,False,-0.8435921796999949,0.8435921796999949,0.9849151703103509,0.9861716824099966,0.9849151703103509,0.0012565120996457235,0.0,0.0012565120996457235,0.008046921651066474,False,False,True,VALID_RANK,False,SUPPRESS_UNVERIFIED,ABSTAIN
23,GradientBoosting,SHAP,1,0,income,False,3.9588441322883106,3.9588441322883106,0.605650276658657,0.605650276658657,0.605650276658657,0.0,0.0,0.0,0.0,False,False,False,RANK_MISMATCH,False,SUPPRESS_UNVERIFIED,ABSTAIN
23,GradientBoosting,SHAP,2,1,credit_score,False,-2.748807707043878,2.748807707043878,0.605650276658657,0.6560806806242143,0.605650276658657,0.05043040396555731,0.0,0.05043040396555731,0.2857901869004047,True,False,False,RANK_MISMATCH,False,SUPPRESS_UNVERIFIED,ABSTAIN
23,GradientBoosting,SHAP,3,2,debt_to_income,False,-0.7037934844472572,0.7037934844472572,0.605650276658657,0.5160275871256845,0.8318700846594403,-0.08962268953297248,0.22621980800078334,0.22621980800078334,-1.7115193984129569,True,True,False,RANK_MISMATCH,False,SUPPRESS_UNVERIFIED,ABSTAIN
24,GradientBoosting,SHAP,1,0,income,False,2.8515276472123228,2.8515276472123228,0.9976116439149042,0.9983014191814638,0.9943428906176188,0.0006897752665595558,-0.003268753297285376,0.003268753297285376,0.02759124932679545,False,True,True,VALID_RANK,False,SUPPRESS_UNVERIFIED,ABSTAIN
24,GradientBoosting,SHAP,2,1,credit_score,False,2.4640644780764345,2.4640644780764345,0.9976116439149042,0.9976116439149042,0.9976981945284971,0.0,8.655061359286176e-05,8.655061359286176e-05,-0.0004904841938593684,False,False,True,VALID_RANK,False,SUPPRESS_UNVERIFIED,ABSTAIN
24,GradientBoosting,SHAP,3,2,debt_to_income,False,0.9876375539399209,0.9876375539399209,0.9976116439149042,0.997720868138185,0.9967176462611587,0.0001092242232807461,-0.0008939976537455374,0.0008939976537455374,0.00543636058114451,False,True,True,VALID_RANK,False,SUPPRESS_UNVERIFIED,ABSTAIN
25,GradientBoosting,SHAP,1,1,credit_score,False,-3.774134017927473,3.774134017927473,0.0022710374422490994,0.002167098661151619,0.0022710374422490994,-0.00010393878109748057,0.0,0.00010393878109748057,-0.0005890233141169516,False,True,False,RANK_MISMATCH,False,SUPPRESS_UNVERIFIED,ABSTAIN
25,GradientBoosting,SHAP,2,2,debt_to_income,False,-2.376103940206484,2.376103940206484,0.0022710374422490994,0.005431753023301132,0.006168162978964078,0.0031607155810520326,0.0038971255367149784,0.0038971255367149784,-0.003990533047779151,False,True,False,RANK_MISMATCH,False,SUPPRESS_UNVERIFIED,ABSTAIN
25,GradientBoosting,SHAP,3,0,income,False,2.1125721964117976,2.1125721964117976,0.0022710374422490994,0.001522080452250097,0.0043147602556298185,-0.0007489569899990023,0.002043722813380719,0.002043722813380719,-0.019465193569328115,False,False,False,RANK_MISMATCH,False,SUPPRESS_UNVERIFIED,ABSTAIN
26,GradientBoosting,SHAP,1,1,credit_score,False,-3.798156490847183,3.798156490847183,0.0007166516257721148,0.001557149027788948,0.0006104420313833846,0.0008404974020168333,-0.0001062095943887302,0.0008404974020168333,0.0053650089661675575,False,False,True,VALID_RANK,False,SUPPRESS_UNVERIFIED,ABSTAIN
26,GradientBoosting,SHAP,2,2,debt_to_income,False,-3.2146700983397123,3.2146700983397123,0.0007166516257721148,0.0007166516257721148,0.0007031497518243339,0.0,-1.3501873947780862e-05,1.3501873947780862e-05,7.316532561956362e-05,False,False,True,VALID_RANK,False,SUPPRESS_UNVERIFIED,ABSTAIN
26,GradientBoosting,SHAP,3,0,income,False,1.7038946753208333,1.7038946753208333,0.0007166516257721148,0.0011500812842681401,0.0011165373648671611,0.0004334296584960253,0.00039988573909504634,0.0004334296584960253,0.0002338037047511876,False,True,True,VALID_RANK,False,SUPPRESS_UNVERIFIED,ABSTAIN
27,GradientBoosting,SHAP,1,1,credit_score,False,-3.4112826514467756,3.4112826514467756,0.020809631076379235,0.029268311391711578,0.020118810514410113,0.008458680315332343,-0.0006908205619691223,0.008458680315332343,0.05185041879805822,False,False,True,VALID_RANK,False,SUPPRESS_UNVERIFIED,ABSTAIN
27,GradientBoosting,SHAP,2,2,debt_to_income,False,2.708369117527052,2.708369117527052,0.020809631076379235,0.020809631076379235,0.0272411035983709,0.0,0.006431472521991666,0.006431472521991666,-0.034851516397258066,False,False,True,VALID_RANK,False,SUPPRESS_UNVERIFIED,ABSTAIN
27,GradientBoosting,SHAP,3,0,income,False,-2.6467073455222323,2.6467073455222323,0.020809631076379235,0.02585313257451548,0.02113283633726717,0.005043501498136246,0.0003232052608879363,0.005043501498136246,0.03290082874929443,False,False,True,VALID_RANK,False,SUPPRESS_UNVERIFIED,ABSTAIN
28,GradientBoosting,SHAP,1,0,income,False,4.196301305807565,4.196301305807565,0.14359812278591863,0.14359812278591863,0.14359812278591863,0.0,0.0,0.0,0.0,False,False,False,RANK_MISMATCH,False,SUPPRESS_UNVERIFIED,ABSTAIN
28,GradientBoosting,SHAP,2,1,credit_score,False,-3.869039747241407,3.869039747241407,0.14359812278591863,0.13792017032855008,0.14359812278591863,-0.005677952457368546,0.0,0.005677952457368546,-0.03217707903175303,False,True,False,RANK_MISMATCH,False,SUPPRESS_UNVERIFIED,ABSTAIN
28,GradientBoosting,SHAP,3,2,debt_to_income,False,-1.2369100467111664,1.2369100467111664,0.14359812278591863,0.06019501655903839,0.1598751801381765,-0.08340310622688024,0.016277057352257873,0.08340310622688024,-0.5401569925986232,True,True,False,RANK_MISMATCH,False,SUPPRESS_UNVERIFIED,ABSTAIN
29,GradientBoosting,SHAP,1,2,debt_to_income,False,-5.074383130420037,5.074383130420037,0.00041837766749192,0.00041837766749192,0.00041837766749192,0.0,0.0,0.0,0.0,False,False,False,RANK_MISMATCH,False,SUPPRESS_UNVERIFIED,ABSTAIN
29,GradientBoosting,SHAP,2,1,credit_score,False,-2.187376566191213,2.187376566191213,0.00041837766749192,0.0004193023527326112,0.0003659012528317016,9.246852406911955e-07,-5.247641466021841e-05,5.247641466021841e-05,0.0003026251848347549,False,False,False,RANK_MISMATCH,False,SUPPRESS_UNVERIFIED,ABSTAIN
29,GradientBoosting,SHAP,3,0,income,False,0.47566675543804104,0.47566675543804104,0.00041837766749192,0.0005730276247679231,0.0006405534029810964,0.00015464995727600307,0.00022217573548917636,0.00022217573548917636,-0.00047065988096746267,False,False,False,RANK_MISMATCH,False,SUPPRESS_UNVERIFIED,ABSTAIN
30,GradientBoosting,SHAP,1,1,credit_score,False,2.7770134950232164,2.7770134950232164,0.3177077434594293,0.4019014919427203,0.24973848412967753,0.08419374848329098,-0.06796925932975179,0.08419374848329098,0.862311046961225,True,True,True,VALID_RANK,True,DISPLAY_TRUSTED,PARTIALLY_VERIFIED
30,GradientBoosting,SHAP,2,0,income,False,-1.766846515457265,1.766846515457265,0.3177077434594293,0.33999232976461513,0.3177077434594293,0.022284586305185816,0.0,0.022284586305185816,0.15532528488152628,True,False,True,VALID_RANK,False,SUPPRESS_UNVERIFIED,PARTIALLY_VERIFIED
30,GradientBoosting,SHAP,3,3,loan_amount,False,1.087359752268438,1.087359752268438,0.3177077434594293,0.3177077434594293,0.3177077434594293,0.0,0.0,0.0,0.0,False,False,True,VALID_RANK,False,SUPPRESS_UNVERIFIED,PARTIALLY_VERIFIED
31,GradientBoosting,SHAP,1,2,debt_to_income,False,-2.472130210339426,2.472130210339426,0.008300212592828328,0.008300212592828328,0.008300212592828328,0.0,0.0,0.0,0.0,False,False,False,RANK_MISMATCH,False,SUPPRESS_UNVERIFIED,ABSTAIN
31,GradientBoosting,SHAP,2,0,income,False,-1.6731098728408624,1.6731098728408624,0.008300212592828328,0.3905703435682391,0.005698207044203405,0.3822701309754108,-0.0026020055486249225,0.3822701309754108,2.6825884685436643,True,False,False,RANK_MISMATCH,False,SUPPRESS_UNVERIFIED,ABSTAIN
31,GradientBoosting,SHAP,3,1,credit_score,False,-0.6934009979140722,0.6934009979140722,0.008300212592828328,0.016135384058834763,0.018626800910009015,0.007835171466006435,0.010326588317180687,0.010326588317180687,-0.01411891302774812,False,True,False,RANK_MISMATCH,False,SUPPRESS_UNVERIFIED,ABSTAIN
32,GradientBoosting,SHAP,1,1,credit_score,False,-4.368688426725757,4.368688426725757,0.0010053370390695068,0.0010053370390695068,0.0010536140329655862,0.0,4.827699389607946e-05,4.827699389607946e-05,-0.00027358676559428933,False,True,False,RANK_MISMATCH,False,SUPPRESS_UNVERIFIED,ABSTAIN
32,GradientBoosting,SHAP,2,0,income,False,-2.361503328317446,2.361503328317446,0.0010053370390695068,0.0010053370390695068,0.0010053370390695068,0.0,0.0,0.0,0.0,False,False,False,RANK_MISMATCH,False,SUPPRESS_UNVERIFIED,ABSTAIN
32,GradientBoosting,SHAP,3,3,loan_amount,False,0.425977140272146,0.425977140272146,0.0010053370390695068,0.0010753076521815552,0.0011277428786143945,6.997061311204847e-05,0.00012240583954488773,0.00012240583954488773,-0.00025067623970026275,False,False,False,RANK_MISMATCH,False,SUPPRESS_UNVERIFIED,ABSTAIN
33,GradientBoosting,SHAP,1,0,income,False,3.212263132312219,3.212263132312219,0.06488073462954386,0.06488073462954386,0.005846637126365555,0.0,-0.0590340975031783,0.0590340975031783,0.41147221163675585,True,True,True,VALID_RANK,True,DISPLAY_TRUSTED,PARTIALLY_VERIFIED
33,GradientBoosting,SHAP,2,2,debt_to_income,False,-2.238467677032194,2.238467677032194,0.06488073462954386,0.02672751215439053,0.041547485111389976,-0.03815322247515333,-0.02333324951815388,0.03815322247515333,-0.08030797437937912,True,True,True,VALID_RANK,True,DISPLAY_TRUSTED,PARTIALLY_VERIFIED
33,GradientBoosting,SHAP,3,3,loan_amount,False,-1.7733048751702227,1.7733048751702227,0.06488073462954386,0.06488073462954386,0.07618980004170134,0.0,0.011309065412157482,0.011309065412157482,-0.0540650662713356,False,True,True,VALID_RANK,False,SUPPRESS_UNVERIFIED,PARTIALLY_VERIFIED
34,GradientBoosting,SHAP,1,0,income,False,-3.07236250490686,3.07236250490686,0.06931857525895299,0.06931857525895299,0.06931857525895299,0.0,0.0,0.0,0.0,False,False,False,RANK_MISMATCH,False,SUPPRESS_UNVERIFIED,ABSTAIN
34,GradientBoosting,SHAP,2,2,debt_to_income,False,3.0195972925979704,3.0195972925979704,0.06931857525895299,0.06931857525895299,0.09069339506077942,0.0,0.021374819801826428,0.021374819801826428,-0.11582804408547787,True,False,False,RANK_MISMATCH,False,SUPPRESS_UNVERIFIED,ABSTAIN
34,GradientBoosting,SHAP,3,1,credit_score,False,-1.7414957886978613,1.7414957886978613,0.06931857525895299,0.06931857525895299,0.02155605093748706,0.0,-0.04776252432146593,0.04776252432146593,0.27067125541943954,True,False,False,RANK_MISMATCH,False,SUPPRESS_UNVERIFIED,ABSTAIN
35,GradientBoosting,SHAP,1,2,debt_to_income,False,3.018277770035388,3.018277770035388,0.9993392809996362,0.9985813586620744,0.9993392809996362,-0.0007579223375617783,0.0,0.0007579223375617783,-0.00410710652732487,False,False,True,VALID_RANK,False,SUPPRESS_UNVERIFIED,ABSTAIN
35,GradientBoosting,SHAP,2,6,age,False,2.707276077528404,2.707276077528404,0.9993392809996362,0.992379837795072,0.9993392809996362,-0.0069594432045642085,0.0,0.0069594432045642085,-0.033789074414437285,False,False,True,VALID_RANK,False,SUPPRESS_UNVERIFIED,ABSTAIN
35,GradientBoosting,SHAP,3,0,income,False,1.7095524161085054,1.7095524161085054,0.9993392809996362,0.9990900952132967,0.9988947986986247,-0.00024918578633947863,-0.0004444823010114618,0.0004444823010114618,0.0013612317663144536,False,True,True,VALID_RANK,False,SUPPRESS_UNVERIFIED,ABSTAIN
36,GradientBoosting,SHAP,1,0,income,False,3.1979523742329277,3.1979523742329277,0.9673659353263557,0.9713036796921627,0.9598222799398486,0.003937744365806961,-0.007543655386507142,0.007543655386507142,0.08002624158887223,False,True,True,VALID_RANK,False,SUPPRESS_UNVERIFIED,ABSTAIN
36,GradientBoosting,SHAP,2,2,debt_to_income,False,1.586996583734791,1.586996583734791,0.9673659353263557,0.9680322311371166,0.9928293993429802,0.0006662958107608308,0.02546346401662447,0.02546346401662447,-0.1343734131456099,True,False,True,VALID_RANK,False,SUPPRESS_UNVERIFIED,ABSTAIN
36,GradientBoosting,SHAP,3,1,credit_score,False,-1.5561803613183711,1.5561803613183711,0.9673659353263557,0.9673659353263557,0.9636952298348775,0.0,-0.003670705491478188,0.003670705491478188,0.020801967185953316,False,False,True,VALID_RANK,False,SUPPRESS_UNVERIFIED,ABSTAIN
37,GradientBoosting,SHAP,1,1,credit_score,False,4.594069947762905,4.594069947762905,0.9900095972719244,0.9900095972719244,0.9900095972719244,0.0,0.0,0.0,0.0,False,False,False,RANK_MISMATCH,False,SUPPRESS_UNVERIFIED,ABSTAIN
37,GradientBoosting,SHAP,2,2,debt_to_income,False,4.091435202639071,4.091435202639071,0.9900095972719244,0.9900095972719244,0.9900095972719244,0.0,0.0,0.0,0.0,False,False,False,RANK_MISMATCH,False,SUPPRESS_UNVERIFIED,ABSTAIN
37,GradientBoosting,SHAP,3,0,income,False,-2.615735582677658,2.615735582677658,0.9900095972719244,0.9959377717866782,0.9900095972719244,0.005928174514753803,0.0,0.005928174514753803,0.041319833481371866,False,False,False,RANK_MISMATCH,False,SUPPRESS_UNVERIFIED,ABSTAIN
38,GradientBoosting,SHAP,1,1,credit_score,False,5.346296145985005,5.346296145985005,0.99205247818948,0.99205247818948,0.99205247818948,0.0,0.0,0.0,0.0,False,False,False,RANK_MISMATCH,False,SUPPRESS_UNVERIFIED,ABSTAIN
38,GradientBoosting,SHAP,2,0,income,False,-1.739185383040644,1.739185383040644,0.99205247818948,0.99205247818948,0.9902148246999309,0.0,-0.001837653489549007,0.001837653489549007,0.012808586521137585,False,False,False,RANK_MISMATCH,False,SUPPRESS_UNVERIFIED,ABSTAIN
38,GradientBoosting,SHAP,3,3,loan_amount,False,1.3757686325743732,1.3757686325743732,0.99205247818948,0.99205247818948,0.99205247818948,0.0,0.0,0.0,0.0,False,False,False,RANK_MISMATCH,False,SUPPRESS_UNVERIFIED,ABSTAIN
39,GradientBoosting,SHAP,1,0,income,False,3.8875459795326703,3.8875459795326703,0.5045276198114277,0.5022046406512684,0.5045276198114277,-0.002322979160159333,0.0,0.002322979160159333,-0.016191343868099173,False,False,False,RANK_MISMATCH,False,SUPPRESS_UNVERIFIED,ABSTAIN
39,GradientBoosting,SHAP,2,1,credit_score,False,-2.527551741122571,2.527551741122571,0.5045276198114277,0.5045276198114277,0.5045276198114277,0.0,0.0,0.0,0.0,False,False,False,RANK_MISMATCH,False,SUPPRESS_UNVERIFIED,ABSTAIN
39,GradientBoosting,SHAP,3,2,debt_to_income,False,-0.7067724451896694,0.7067724451896694,0.5045276198114277,0.4135268452633862,0.7461649546461422,-0.09100077454804151,0.2416373348347145,0.2416373348347145,-1.8025331654400052,True,True,False,RANK_MISMATCH,False,SUPPRESS_UNVERIFIED,ABSTAIN
40,GradientBoosting,SHAP,1,2,debt_to_income,False,2.7296308591330023,2.7296308591330023,0.8996928062178026,0.8507158578996852,0.8996928062178026,-0.048976948318117386,0.0,0.048976948318117386,-0.26540126099581596,True,False,False,RANK_MISMATCH,False,SUPPRESS_UNVERIFIED,ABSTAIN
40,GradientBoosting,SHAP,2,1,credit_score,False,-2.1734797068505145,2.1734797068505145,0.8996928062178026,0.9150512393996022,0.8996928062178026,0.015358433181799636,0.0,0.015358433181799636,0.08703657207508533,False,False,False,RANK_MISMATCH,False,SUPPRESS_UNVERIFIED,ABSTAIN
40,GradientBoosting,SHAP,3,0,income,False,1.2812436725865415,1.2812436725865415,0.8996928062178026,0.9261703429751561,0.05952363494833234,0.026477536757353537,-0.8401691712694702,0.8401691712694702,6.040594380905242,True,True,False,RANK_MISMATCH,False,SUPPRESS_UNVERIFIED,ABSTAIN
41,GradientBoosting,SHAP,1,1,credit_score,False,-2.489842274697371,2.489842274697371,0.0003851557379366234,0.0003851557379366234,0.0003851557379366234,0.0,0.0,0.0,0.0,False,False,False,RANK_MISMATCH,False,SUPPRESS_UNVERIFIED,ABSTAIN
41,GradientBoosting,SHAP,2,0,income,False,-2.0900323600560102,2.0900323600560102,0.0003851557379366234,0.0003851557379366234,0.0003851557379366234,0.0,0.0,0.0,0.0,False,False,False,RANK_MISMATCH,False,SUPPRESS_UNVERIFIED,ABSTAIN
41,GradientBoosting,SHAP,3,2,debt_to_income,False,-1.187118263751506,1.187118263751506,0.0003851557379366234,0.0003851557379366234,0.0005983625334663298,0.0,0.00021320679552970636,0.00021320679552970636,-0.001155346634072122,False,True,False,RANK_MISMATCH,False,SUPPRESS_UNVERIFIED,ABSTAIN
42,GradientBoosting,SHAP,1,2,debt_to_income,False,4.066573123894274,4.066573123894274,0.09108779972593221,0.09108779972593221,0.09108779972593221,0.0,0.0,0.0,0.0,False,False,False,RANK_MISMATCH,False,SUPPRESS_UNVERIFIED,ABSTAIN
42,GradientBoosting,SHAP,2,0,income,False,-2.3375675073365403,2.3375675073365403,0.09108779972593221,0.1963755126261076,0.0717202570277104,0.1052877129001754,-0.019367542698221815,0.1052877129001754,0.8688567435193892,True,False,False,RANK_MISMATCH,False,SUPPRESS_UNVERIFIED,ABSTAIN
42,GradientBoosting,SHAP,3,1,credit_score,False,-2.0464060965531483,2.0464060965531483,0.09108779972593221,0.19995522121908726,0.0847913905126508,0.10886742149315505,-0.006296409213281409,0.10886742149315505,0.6526359123404522,True,False,False,RANK_MISMATCH,False,SUPPRESS_UNVERIFIED,ABSTAIN
43,GradientBoosting,SHAP,1,1,credit_score,False,-2.4567784091233316,2.4567784091233316,0.10954910844048166,0.25020718519503254,0.03018141069322649,0.1406580767545509,-0.07936769774725516,0.1406580767545509,1.2468908093761002,True,False,True,VALID_RANK,False,SUPPRESS_UNVERIFIED,PARTIALLY_VERIFIED
43,GradientBoosting,SHAP,2,0,income,False,1.0699507620620323,1.0699507620620323,0.10954910844048166,0.17764098761239158,0.12720682893418783,0.06809187917190992,0.017657720493706175,0.06809187917190992,0.3515299748970045,True,True,True,VALID_RANK,True,DISPLAY_TRUSTED,PARTIALLY_VERIFIED
43,GradientBoosting,SHAP,3,3,loan_amount,False,0.8208226495604586,0.8208226495604586,0.10954910844048166,0.09357514219246775,0.12718063065146423,-0.015973966248013907,0.017631522210982575,0.017631522210982575,-0.16065721564074245,False,False,True,VALID_RANK,False,SUPPRESS_UNVERIFIED,PARTIALLY_VERIFIED
44,GradientBoosting,SHAP,1,0,income,False,3.6362638932793283,3.6362638932793283,0.987263287635193,0.987263287635193,0.9898040249867947,0.0,0.002540737351601652,0.002540737351601652,-0.017709135253492454,False,False,True,VALID_RANK,False,SUPPRESS_UNVERIFIED,ABSTAIN
44,GradientBoosting,SHAP,2,2,debt_to_income,False,3.1813644014375417,3.1813644014375417,0.987263287635193,0.9673677093686596,0.9917373259591177,-0.01989557826653343,0.004474038323924678,0.01989557826653343,-0.13205655303557629,False,False,True,VALID_RANK,False,SUPPRESS_UNVERIFIED,ABSTAIN
44,GradientBoosting,SHAP,3,3,loan_amount,False,-2.3771801038102396,2.3771801038102396,0.987263287635193,0.987263287635193,0.987263287635193,0.0,0.0,0.0,0.0,False,False,True,VALID_RANK,False,SUPPRESS_UNVERIFIED,ABSTAIN
45,GradientBoosting,SHAP,1,2,debt_to_income,False,-3.1945804326983493,3.1945804326983493,0.0010119222587961145,0.0007776432610575493,0.0009696536983959054,-0.00023427899773856514,-4.226856040020913e-05,0.00023427899773856514,-0.0010404856558836866,False,True,True,VALID_RANK,False,SUPPRESS_UNVERIFIED,ABSTAIN
45,GradientBoosting,SHAP,2,0,income,False,-2.5374956471570957,2.5374956471570957,0.0010119222587961145,0.0010119222587961145,0.0010119222587961145,0.0,0.0,0.0,0.0,False,False,True,VALID_RANK,False,SUPPRESS_UNVERIFIED,ABSTAIN
45,GradientBoosting,SHAP,3,4,employment_years,False,-0.6523498445557613,0.6523498445557613,0.0010119222587961145,0.0010119222587961145,0.0010119222587961145,0.0,0.0,0.0,0.0,False,False,True,VALID_RANK,False,SUPPRESS_UNVERIFIED,ABSTAIN
46,GradientBoosting,SHAP,1,1,credit_score,False,5.001034716420766,5.001034716420766,0.999594548833732,0.999594548833732,0.999594548833732,0.0,0.0,0.0,0.0,False,False,False,N/A_ZERO_VARIANCE,False,SUPPRESS_UNVERIFIED,ABSTAIN
46,GradientBoosting,SHAP,2,2,debt_to_income,False,4.375359532171714,4.375359532171714,0.999594548833732,0.9995952987534639,0.999594548833732,7.499197318683315e-07,0.0,7.499197318683315e-07,4.063741194954669e-06,False,False,False,N/A_ZERO_VARIANCE,False,SUPPRESS_UNVERIFIED,ABSTAIN
46,GradientBoosting,SHAP,3,0,income,False,-1.5807260268499705,1.5807260268499705,0.999594548833732,0.9995956359062459,0.999594548833732,1.0870725138945048e-06,0.0,1.0870725138945048e-06,7.5769792445394526e-06,False,False,False,N/A_ZERO_VARIANCE,False,SUPPRESS_UNVERIFIED,ABSTAIN
47,GradientBoosting,SHAP,1,0,income,False,-2.0618168916356083,2.0618168916356083,0.4959694204189225,0.4959694204189225,0.4959694204189225,0.0,0.0,0.0,0.0,False,False,False,RANK_MISMATCH,False,SUPPRESS_UNVERIFIED,ABSTAIN
47,GradientBoosting,SHAP,2,1,credit_score,False,1.145476562817906,1.145476562817906,0.4959694204189225,0.8016680338060775,0.32986496419909694,0.30569861338715504,-0.16610445621982556,0.30569861338715504,2.6737181707934314,True,True,False,RANK_MISMATCH,False,SUPPRESS_UNVERIFIED,ABSTAIN
47,GradientBoosting,SHAP,3,3,loan_amount,False,0.9700938551847287,0.9700938551847287,0.4959694204189225,0.4959694204189225,0.4959694204189225,0.0,0.0,0.0,0.0,False,False,False,RANK_MISMATCH,False,SUPPRESS_UNVERIFIED,ABSTAIN
48,GradientBoosting,SHAP,1,4,employment_years,False,5.481915225287986,5.481915225287986,0.48240456639588064,0.48240456639588064,0.48240456639588064,0.0,0.0,0.0,0.0,False,False,False,RANK_MISMATCH,False,SUPPRESS_UNVERIFIED,ABSTAIN
48,GradientBoosting,SHAP,2,2,debt_to_income,False,-1.6819191661295612,1.6819191661295612,0.48240456639588064,0.48240456639588064,0.5482400948705848,0.0,0.06583552847470414,0.06583552847470414,-0.3567562470822409,True,True,False,RANK_MISMATCH,False,SUPPRESS_UNVERIFIED,ABSTAIN
48,GradientBoosting,SHAP,3,3,loan_amount,False,-1.351760234745425,1.351760234745425,0.48240456639588064,0.48240456639588064,0.48240456639588064,0.0,0.0,0.0,0.0,False,False,False,RANK_MISMATCH,False,SUPPRESS_UNVERIFIED,ABSTAIN
49,GradientBoosting,SHAP,1,1,credit_score,False,-3.974900125372048,3.974900125372048,0.07199456249250194,0.08669074596885291,0.07199456249250194,0.014696183476350974,0.0,0.014696183476350974,0.16656717742326613,False,False,False,RANK_MISMATCH,False,SUPPRESS_UNVERIFIED,ABSTAIN
49,GradientBoosting,SHAP,2,2,debt_to_income,False,1.7592582896316784,1.7592582896316784,0.07199456249250194,0.03354343780057084,0.12056253535246401,-0.0384511246919311,0.048567972859962075,0.048567972859962075,-0.4715479223201655,True,False,False,RANK_MISMATCH,False,SUPPRESS_UNVERIFIED,ABSTAIN
49,GradientBoosting,SHAP,3,0,income,False,1.1350375511684019,1.1350375511684019,0.07199456249250194,0.05899618050312292,0.0016124264386005009,-0.01299838198937902,-0.07038213605390144,0.07038213605390144,0.39996919061356867,True,True,False,RANK_MISMATCH,False,SUPPRESS_UNVERIFIED,ABSTAIN
0,LogisticRegression,SHAP,1,2,debt_to_income,False,1.69897101406764,1.69897101406764,0.9891060476684657,0.9868816966505884,0.9909566919165341,-0.002224351017877213,0.001850644248068467,0.002224351017877213,-0.02208199814960495,False,False,True,VALID_RANK,False,SUPPRESS_UNVERIFIED,ABSTAIN
0,LogisticRegression,SHAP,2,1,credit_score,False,1.2460803247070291,1.2460803247070291,0.9891060476684657,0.9909949675328368,0.9868261701170056,0.0018889198643711191,-0.0022798775514600855,0.0022798775514600855,0.023624664863561698,False,True,True,VALID_RANK,False,SUPPRESS_UNVERIFIED,ABSTAIN
0,LogisticRegression,SHAP,3,3,loan_amount,False,0.7032170005776388,0.7032170005776388,0.9891060476684657,0.9875755467006047,0.9904498377123148,-0.0015305009678610038,0.0013437900438491024,0.0015305009678610038,-0.013741076593663887,False,False,True,VALID_RANK,False,SUPPRESS_UNVERIFIED,ABSTAIN
1,LogisticRegression,SHAP,1,2,debt_to_income,False,2.9098704045654835,2.9098704045654835,0.1855456456374517,0.15878856478799394,0.20681357970673733,-0.02675708084945777,0.02126793406928562,0.02675708084945777,-0.30300182883463,True,False,True,VALID_RANK,False,SUPPRESS_UNVERIFIED,PARTIALLY_VERIFIED
1,LogisticRegression,SHAP,2,3,loan_amount,False,-2.121956033514008,2.121956033514008,0.1855456456374517,0.16627995994102,0.20649065799958233,-0.019265685696431722,0.020945012362130616,0.020945012362130616,-0.19223463443900055,True,True,True,VALID_RANK,True,DISPLAY_TRUSTED,PARTIALLY_VERIFIED
1,LogisticRegression,SHAP,3,0,income,False,-1.462480870732182,1.462480870732182,0.1855456456374517,0.21026415467483073,0.16313276850952318,0.024718509037379016,-0.022412877127928527,0.024718509037379016,0.32850939580978616,True,False,True,VALID_RANK,False,SUPPRESS_UNVERIFIED,PARTIALLY_VERIFIED
2,LogisticRegression,SHAP,1,0,income,False,-2.8006783832202897,2.8006783832202897,0.5283456496348009,0.5669426214313411,0.48940676836614955,0.0385969717965402,-0.03893888126865136,0.03893888126865136,0.5404308745493948,True,False,False,RANK_MISMATCH,False,SUPPRESS_UNVERIFIED,ABSTAIN
2,LogisticRegression,SHAP,2,3,loan_amount,False,1.577489623574369,1.577489623574369,0.5283456496348009,0.4951243986260023,0.5613177072852056,-0.03322125100879858,0.032972057650404674,0.03322125100879858,-0.31644928108131465,True,False,False,RANK_MISMATCH,False,SUPPRESS_UNVERIFIED,ABSTAIN
2,LogisticRegression,SHAP,3,2,debt_to_income,False,1.4549741379544623,1.4549741379544623,0.5283456496348009,0.4813716921987812,0.5748229320639473,-0.04697395743601973,0.046477282429146394,0.04697395743601973,-0.5064030682504336,True,False,False,RANK_MISMATCH,False,SUPPRESS_UNVERIFIED,ABSTAIN
3,LogisticRegression,SHAP,1,2,debt_to_income,False,1.2784657594896103,1.2784657594896103,0.9364926200266337,0.9243472125467834,0.9468004068507202,-0.012145407479850268,0.010307786824086507,0.012145407479850268,-0.12167164934293237,False,False,True,VALID_RANK,False,SUPPRESS_UNVERIFIED,ABSTAIN
3,LogisticRegression,SHAP,2,3,loan_amount,False,1.1962008452325348,1.1962008452325348,0.9364926200266337,0.9281076721172248,0.9439586656084886,-0.008384947909408913,0.00746604558185493,0.008384947909408913,-0.07577858844555017,False,False,True,VALID_RANK,False,SUPPRESS_UNVERIFIED,ABSTAIN
3,LogisticRegression,SHAP,3,4,employment_years,False,-0.979969596661306,0.979969596661306,0.9364926200266337,0.9421794335193239,0.9302878764094749,0.005686813492690179,-0.006204743617158837,0.006204743617158837,0.0761555964316759,False,False,True,VALID_RANK,False,SUPPRESS_UNVERIFIED,ABSTAIN
4,LogisticRegression,SHAP,1,2,debt_to_income,False,2.9643803449737467,2.9643803449737467,0.9965190616423657,0.9958018917688901,0.9967873247236264,-0.0007171698734755871,0.0002682630812607112,0.0007171698734755871,-0.007479476637200442,False,False,False,RANK_MISMATCH,False,SUPPRESS_UNVERIFIED,ABSTAIN
4,LogisticRegression,SHAP,2,3,loan_amount,False,1.2352510577461286,1.2352510577461286,0.9965190616423657,0.9960258370222813,0.9969512606076113,-0.0004932246200843871,0.0004321989652456004,0.0004932246200843871,-0.004424157580354616,False,False,False,RANK_MISMATCH,False,SUPPRESS_UNVERIFIED,ABSTAIN
4,LogisticRegression,SHAP,3,1,credit_score,False,1.0390242751221874,1.0390242751221874,0.9965190616423657,0.9971263614517087,0.9957839609141519,0.0006072998093430426,-0.0007351007282138111,0.0007351007282138111,0.007607412797755831,False,True,False,RANK_MISMATCH,False,SUPPRESS_UNVERIFIED,ABSTAIN
5,LogisticRegression,SHAP,1,1,credit_score,False,2.196269045404596,2.196269045404596,0.9993485829808676,0.9994624983228397,0.9992105440767903,0.00011391534197213726,-0.0001380389040772645,0.0001380389040772645,0.0014278301462345492,False,True,True,VALID_RANK,False,SUPPRESS_UNVERIFIED,ABSTAIN
5,LogisticRegression,SHAP,2,2,debt_to_income,False,2.1350505373337447,2.1350505373337447,0.9993485829808676,0.9992139131447921,0.9994601940836421,-0.0001346698360754628,0.00011161110277446706,0.0001346698360754628,-0.001334572160467292,False,False,True,VALID_RANK,False,SUPPRESS_UNVERIFIED,ABSTAIN
5,LogisticRegression,SHAP,3,0,income,False,1.797402564085507,1.797402564085507,0.9993485829808676,0.9994425568740747,0.9992387790127496,9.397389320708882e-05,-0.00010980396811799409,0.00010980396811799409,0.0014203474064717562,False,True,True,VALID_RANK,False,SUPPRESS_UNVERIFIED,ABSTAIN
6,LogisticRegression,SHAP,1,2,debt_to_income,False,-3.4054955484489966,3.4054955484489966,0.01653080657529349,0.01373588212079805,0.01988296657268433,-0.0027949244544954385,0.0033521599973908404,0.0033521599973908404,-0.03331044544428863,False,True,True,VALID_RANK,False,SUPPRESS_UNVERIFIED,ABSTAIN
6,LogisticRegression,SHAP,2,1,credit_score,False,2.0090676855059733,2.0090676855059733,0.01653080657529349,0.01996654694806157,0.013678019422308042,0.00343574037276808,-0.0028527871529854462,0.00343574037276808,0.03563722111250351,False,True,True,VALID_RANK,False,SUPPRESS_UNVERIFIED,ABSTAIN
6,LogisticRegression,SHAP,3,0,income,False,-1.9070398659756103,1.9070398659756103,0.01653080657529349,0.01926566643948345,0.014178561416869151,0.002734859864189962,-0.0023522451584243372,0.002734859864189962,0.03545751426742585,False,False,True,VALID_RANK,False,SUPPRESS_UNVERIFIED,ABSTAIN
7,LogisticRegression,SHAP,1,0,income,False,4.171204209990483,4.171204209990483,0.8080678048585432,0.8080678048585432,0.7827254516072254,0.0,-0.02534235325131784,0.02534235325131784,0.3532763125526994,True,True,False,RANK_MISMATCH,False,SUPPRESS_UNVERIFIED,ABSTAIN
7,LogisticRegression,SHAP,2,1,credit_score,False,-3.039696263275129,3.039696263275129,0.8080678048585432,0.8361471622587549,0.7893832908196386,0.028079357400211613,-0.018684514038904587,0.028079357400211613,0.33030688123955704,True,False,False,RANK_MISMATCH,False,SUPPRESS_UNVERIFIED,ABSTAIN
7,LogisticRegression,SHAP,3,2,debt_to_income,False,-2.4009552180681477,2.4009552180681477,0.8080678048585432,0.7772049465886943,0.8355599247279524,-0.030862858269848914,0.027492119869409137,0.030862858269848914,-0.3162198812990005,True,True,False,RANK_MISMATCH,False,SUPPRESS_UNVERIFIED,ABSTAIN
8,LogisticRegression,SHAP,1,5,existing_debts,False,-2.3232607223899793,2.3232607223899793,0.057428409846106435,0.057428409846106435,0.060909468860797615,0.0,0.0034810590146911805,0.0034810590146911805,-0.03818666286665317,False,True,False,RANK_MISMATCH,False,SUPPRESS_UNVERIFIED,ABSTAIN
8,LogisticRegression,SHAP,2,2,debt_to_income,False,-1.502839057055813,1.502839057055813,0.057428409846106435,0.04805666001059398,0.06849628219921844,-0.009371749835512456,0.011067872353112004,0.011067872353112004,-0.11076030029278702,False,True,False,RANK_MISMATCH,False,SUPPRESS_UNVERIFIED,ABSTAIN
8,LogisticRegression,SHAP,3,4,employment_years,False,1.4259180584475557,1.4259180584475557,0.057428409846106435,0.06307923589765929,0.052255567983988546,0.005650826051552857,-0.0051728418621178884,0.005650826051552857,0.06931664860452025,False,True,False,RANK_MISMATCH,False,SUPPRESS_UNVERIFIED,ABSTAIN
9,LogisticRegression,SHAP,1,2,debt_to_income,False,1.6275889492472952,1.6275889492472952,0.6489522751489202,0.6050101004976429,0.6905066572673708,-0.043942174651277255,0.04155438211845064,0.043942174651277255,-0.46329742372071064,True,False,False,RANK_MISMATCH,False,SUPPRESS_UNVERIFIED,ABSTAIN
9,LogisticRegression,SHAP,2,0,income,False,-1.1597992247507485,1.1597992247507485,0.6489522751489202,0.6835902340748864,0.6126709528053731,0.03463795892596622,-0.036281322343547084,0.036281322343547084,0.4943128589385945,True,False,False,RANK_MISMATCH,False,SUPPRESS_UNVERIFIED,ABSTAIN
9,LogisticRegression,SHAP,3,1,credit_score,False,-0.6429515797245494,0.6429515797245494,0.6489522751489202,0.6914205959105725,0.6039868176730031,0.0424683207616523,-0.04496545747591707,0.04496545747591707,0.4954891069480519,True,False,False,RANK_MISMATCH,False,SUPPRESS_UNVERIFIED,ABSTAIN
10,LogisticRegression,SHAP,1,4,employment_years,False,-0.6577524999949405,0.6577524999949405,0.2788048166406916,0.29932123341495775,0.25917449724193364,0.020516416774266133,-0.01963031939875798,0.020516416774266133,0.25710666902566887,True,False,False,RANK_MISMATCH,False,SUPPRESS_UNVERIFIED,ABSTAIN
10,LogisticRegression,SHAP,2,0,income,False,-0.5791020307734905,0.5791020307734905,0.2788048166406916,0.31120018683151673,0.24856479548428337,0.03239537019082511,-0.030240021156408253,0.03239537019082511,0.4365735074207288,True,False,False,RANK_MISMATCH,False,SUPPRESS_UNVERIFIED,ABSTAIN
10,LogisticRegression,SHAP,3,1,credit_score,False,-0.5068051361619142,0.5068051361619142,0.2788048166406916,0.31906636325013504,0.2418194860563383,0.04026154660944342,-0.036985330584353326,0.04026154660944342,0.4377597190330937,True,False,False,RANK_MISMATCH,False,SUPPRESS_UNVERIFIED,ABSTAIN
11,LogisticRegression,SHAP,1,0,income,False,-3.2913217124128753,3.2913217124128753,0.6599076435406995,0.6939743848321971,0.6599076435406995,0.03406674129149756,0.0,0.03406674129149756,0.4748956272843844,True,False,False,RANK_MISMATCH,False,SUPPRESS_UNVERIFIED,ABSTAIN
11,LogisticRegression,SHAP,2,2,debt_to_income,False,1.6249932377992828,1.6249932377992828,0.6599076435406995,0.6165264643625127,0.7007631824943262,-0.043381179178186846,0.0408555389536267,0.043381179178186846,-0.45647048217706954,True,False,False,RANK_MISMATCH,False,SUPPRESS_UNVERIFIED,ABSTAIN
11,LogisticRegression,SHAP,3,1,credit_score,False,1.2460803247070291,1.2460803247070291,0.6599076435406995,0.7016599195436996,0.6155140562712448,0.04175227600300002,-0.04439358726945475,0.04439358726945475,0.48819046506441144,True,True,False,RANK_MISMATCH,False,SUPPRESS_UNVERIFIED,ABSTAIN
12,LogisticRegression,SHAP,1,2,debt_to_income,False,-4.204974674436855,4.204974674436855,0.02997745116804146,0.02997745116804146,0.035956664090033695,0.0,0.005979212921992234,0.005979212921992234,-0.06480153230258322,False,True,True,VALID_RANK,False,SUPPRESS_UNVERIFIED,ABSTAIN
12,LogisticRegression,SHAP,2,1,credit_score,False,1.7424475668624744,1.7424475668624744,0.02997745116804146,0.03610532309080484,0.024862787880876206,0.006127871922763376,-0.005114663287165255,0.006127871922763376,0.06371168950132318,False,True,True,VALID_RANK,False,SUPPRESS_UNVERIFIED,ABSTAIN
12,LogisticRegression,SHAP,3,0,income,False,-1.602895511196666,1.602895511196666,0.02997745116804146,0.034858077275418724,0.025761941633653994,0.004880626107377262,-0.0042155095343874675,0.004880626107377262,0.06340076681384595,False,False,True,VALID_RANK,False,SUPPRESS_UNVERIFIED,ABSTAIN
13,LogisticRegression,SHAP,1,0,income,False,2.6251390246768236,2.6251390246768236,0.973065186030678,0.9768630371674402,0.9686639286929366,0.0037978511367621204,-0.004401257337741438,0.004401257337741438,0.057148418289481084,False,True,True,VALID_RANK,False,SUPPRESS_UNVERIFIED,ABSTAIN
13,LogisticRegression,SHAP,2,2,debt_to_income,False,1.8793729597045101,1.8793729597045101,0.973065186030678,0.9676726234607623,0.9775790520422671,-0.005392562569915715,0.004513866011589096,0.005392562569915715,-0.05368196116301907,False,False,True,VALID_RANK,False,SUPPRESS_UNVERIFIED,ABSTAIN
13,LogisticRegression,SHAP,3,4,employment_years,False,-1.4310735319942176,1.4310735319942176,0.973065186030678,0.9755625409374564,0.973065186030678,0.002497354906778382,0.0,0.002497354906778382,0.03198698886452134,False,False,True,VALID_RANK,False,SUPPRESS_UNVERIFIED,ABSTAIN
14,LogisticRegression,SHAP,1,2,debt_to_income,False,1.499101232570675,1.499101232570675,0.1404997575949016,0.11928721776336138,0.164778707028431,-0.021212539831540228,0.0242789494335294,0.0242789494335294,-0.24651390154214514,True,False,True,VALID_RANK,False,SUPPRESS_UNVERIFIED,ABSTAIN
14,LogisticRegression,SHAP,2,3,loan_amount,False,-1.1358514987720818,1.1358514987720818,0.1404997575949016,0.12519235129150136,0.15734218324470023,-0.015307406303400245,0.016842425649798626,0.016842425649798626,-0.1536981821056067,False,True,True,VALID_RANK,False,SUPPRESS_UNVERIFIED,ABSTAIN
14,LogisticRegression,SHAP,3,4,employment_years,False,-1.0873752955500944,1.0873752955500944,0.1404997575949016,0.15299781143136937,0.12886731133794282,0.012498053836467765,-0.011632446256958778,0.012498053836467765,0.15453591231441696,False,False,True,VALID_RANK,False,SUPPRESS_UNVERIFIED,ABSTAIN
15,LogisticRegression,SHAP,1,1,credit_score,False,-1.3265201817786205,1.3265201817786205,0.0803856532779081,0.09580011579932508,0.06726690048701432,0.015414462521416983,-0.013118752790893778,0.015414462521416983,0.16169834654792986,False,False,True,VALID_RANK,False,SUPPRESS_UNVERIFIED,ABSTAIN
15,LogisticRegression,SHAP,2,4,employment_years,False,-1.1947809944388827,1.1947809944388827,0.0803856532779081,0.08808431988009044,0.07330576875464782,0.0076986666021823386,-0.007079884523260277,0.0076986666021823386,0.09464440736881657,False,False,True,VALID_RANK,False,SUPPRESS_UNVERIFIED,ABSTAIN
15,LogisticRegression,SHAP,3,0,income,False,-1.0175408866825062,1.0175408866825062,0.0803856532779081,0.09268903110120641,0.06959014416655414,0.012303377823298309,-0.010795509111353963,0.012303377823298309,0.1610010230585303,False,False,True,VALID_RANK,False,SUPPRESS_UNVERIFIED,ABSTAIN
16,LogisticRegression,SHAP,1,5,existing_debts,False,-1.3976588409597086,1.3976588409597086,0.9280614067867002,0.9237719347813211,0.9321272382059922,-0.0042894720053791024,0.004065831419291954,0.0042894720053791024,-0.04582817379423411,False,True,False,RANK_MISMATCH,False,SUPPRESS_UNVERIFIED,ABSTAIN
16,LogisticRegression,SHAP,2,2,debt_to_income,False,1.2369343763214098,1.2369343763214098,0.9280614067867002,0.9144508754804218,0.9396494633707567,-0.013610531306278428,0.011588056584056483,0.013610531306278428,-0.13654866689468456,False,False,False,RANK_MISMATCH,False,SUPPRESS_UNVERIFIED,ABSTAIN
16,LogisticRegression,SHAP,3,1,credit_score,False,1.061715349049292,1.061715349049292,0.9280614067867002,0.9398917237419765,0.914115447836056,0.011830316955276254,-0.01394595895064421,0.01394595895064421,0.14607471147327347,False,True,False,RANK_MISMATCH,False,SUPPRESS_UNVERIFIED,ABSTAIN
17,LogisticRegression,SHAP,1,0,income,False,-2.916613367029883,2.916613367029883,0.0011665957328830783,0.0013631206573448981,0.0009983760312708484,0.00019652492446181982,-0.00016821970161222995,0.00019652492446181982,0.002542298168702088,False,False,False,RANK_MISMATCH,False,SUPPRESS_UNVERIFIED,ABSTAIN
17,LogisticRegression,SHAP,2,2,debt_to_income,False,-2.0388534710704005,2.0388534710704005,0.0011665957328830783,0.0009668014299675126,0.001407620343088017,-0.00019979430291556567,0.00024102461020493872,0.00024102461020493872,-0.0023887542901424286,False,True,False,RANK_MISMATCH,False,SUPPRESS_UNVERIFIED,ABSTAIN
17,LogisticRegression,SHAP,3,1,credit_score,False,-1.9618702517375899,1.9618702517375899,0.0011665957328830783,0.0014136494556859257,0.0009626762546120107,0.0002470537228028474,-0.0002039194782710676,0.0002470537228028474,0.0025556748565808097,False,False,False,RANK_MISMATCH,False,SUPPRESS_UNVERIFIED,ABSTAIN
18,LogisticRegression,SHAP,1,0,income,False,-2.100292159701896,2.100292159701896,0.1365212268442716,0.15595930057803642,0.11916378882644796,0.019438073733764827,-0.017357438017823634,0.019438073733764827,0.256467554160834,False,False,False,RANK_MISMATCH,False,SUPPRESS_UNVERIFIED,ABSTAIN
18,LogisticRegression,SHAP,2,2,debt_to_income,False,1.1175316497128334,1.1175316497128334,0.1365212268442716,0.11582841384804302,0.16024084469436406,-0.020692812996228577,0.023719617850092467,0.023719617850092467,-0.240666590207762,True,False,False,RANK_MISMATCH,False,SUPPRESS_UNVERIFIED,ABSTAIN
18,LogisticRegression,SHAP,3,1,credit_score,False,-0.9038989298862705,0.9038989298862705,0.1365212268442716,0.16081762684651096,0.11539080108760995,0.02429640000223937,-0.021130425756661644,0.02429640000223937,0.2574348012916015,True,False,False,RANK_MISMATCH,False,SUPPRESS_UNVERIFIED,ABSTAIN
19,LogisticRegression,SHAP,1,2,debt_to_income,False,-1.9765563963180992,1.9765563963180992,0.4636673900965407,0.4173554427174502,0.5106146525370417,-0.0463119473790905,0.04694726244050107,0.04694726244050107,-0.5053624763394484,True,True,True,VALID_RANK,True,DISPLAY_TRUSTED,VERIFIED
19,LogisticRegression,SHAP,2,1,credit_score,False,1.9097942370748844,1.9097942370748844,0.4636673900965407,0.5116841415717827,0.41631502434471707,0.04801675147524198,-0.04735236575182361,0.04801675147524198,0.5404588441422071,True,True,True,VALID_RANK,True,DISPLAY_TRUSTED,VERIFIED
19,LogisticRegression,SHAP,3,3,loan_amount,False,-1.1635252943609842,1.1635252943609842,0.4636673900965407,0.43079841864832313,0.4968551109460854,-0.03286897144821754,0.033187720849544744,0.033187720849544744,-0.31579616144977407,True,True,True,VALID_RANK,True,DISPLAY_TRUSTED,VERIFIED
20,LogisticRegression,SHAP,1,3,loan_amount,False,1.603015858181657,1.603015858181657,0.9863115859019025,0.9843946826059652,0.9879958947815299,-0.0019169032959373,0.0016843088796274497,0.0019169032959373,-0.017216256855296153,False,False,False,RANK_MISMATCH,False,SUPPRESS_UNVERIFIED,ABSTAIN
20,LogisticRegression,SHAP,2,1,credit_score,False,1.1070974969035048,1.1070974969035048,0.9863115859019025,0.9886794963657185,0.9834566671229198,0.0023679104638160142,-0.0028549187789826957,0.0028549187789826957,0.029597885959187914,False,True,False,RANK_MISMATCH,False,SUPPRESS_UNVERIFIED,ABSTAIN
20,LogisticRegression,SHAP,3,2,debt_to_income,False,0.7982591416072928,0.7982591416072928,0.9863115859019025,0.9835261587276305,0.988631491813462,-0.0027854271742719927,0.0023199059115595055,0.0027854271742719927,-0.02766529735545239,False,False,False,RANK_MISMATCH,False,SUPPRESS_UNVERIFIED,ABSTAIN
21,LogisticRegression,SHAP,1,4,employment_years,False,1.597767176669617,1.597767176669617,0.6662059493900583,0.688033206280891,0.6436424952208167,0.021827256890832758,-0.022563454169241548,0.022563454169241548,0.2842858210726848,True,True,False,RANK_MISMATCH,False,SUPPRESS_UNVERIFIED,ABSTAIN
21,LogisticRegression,SHAP,2,2,debt_to_income,False,1.303125018245729,1.303125018245729,0.6662059493900583,0.6231693975427975,0.7066412201360484,-0.04303655184726074,0.04043527074599007,0.04303655184726074,-0.4523255885600543,True,False,False,RANK_MISMATCH,False,SUPPRESS_UNVERIFIED,ABSTAIN
21,LogisticRegression,SHAP,3,1,credit_score,False,-1.1733554327706552,1.1733554327706552,0.6662059493900583,0.7075276940313603,0.6221637793462154,0.041321744641302005,-0.04404217004384292,0.04404217004384292,0.48375914555591776,True,False,False,RANK_MISMATCH,False,SUPPRESS_UNVERIFIED,ABSTAIN
22,LogisticRegression,SHAP,1,4,employment_years,False,-1.259224413772156,1.259224413772156,0.5939918705141429,0.6178324389179279,0.569699877946175,0.023840568403785012,-0.02429199256796788,0.02429199256796788,0.3082492775947649,True,False,False,RANK_MISMATCH,False,SUPPRESS_UNVERIFIED,ABSTAIN
22,LogisticRegression,SHAP,2,0,income,False,1.2076949398063417,1.2076949398063417,0.5939918705141429,0.630968985393281,0.5559173361140155,0.03697711487913802,-0.038074534400127424,0.038074534400127424,0.5231157826078877,True,True,False,RANK_MISMATCH,False,SUPPRESS_UNVERIFIED,ABSTAIN
22,LogisticRegression,SHAP,3,2,debt_to_income,False,0.8358969576034744,0.8358969576034744,0.5939918705141429,0.5479621782921765,0.638427255292955,-0.0460296922219664,0.04443538477881204,0.0460296922219664,-0.49022134568577574,True,False,False,RANK_MISMATCH,False,SUPPRESS_UNVERIFIED,ABSTAIN
23,LogisticRegression,SHAP,1,1,credit_score,False,-1.03720898920802,1.03720898920802,0.4173350480629515,0.4647110622875929,0.3714374481416737,0.04737601422464138,-0.04589759992127784,0.04737601422464138,0.5285835829878406,True,False,True,VALID_RANK,False,SUPPRESS_UNVERIFIED,ABSTAIN
23,LogisticRegression,SHAP,2,3,loan_amount,False,0.7630403496890863,0.7630403496890863,0.4173350480629515,0.3853904346393939,0.4499888789739513,-0.031944613423557644,0.03265383091099977,0.03265383091099977,-0.3088247389760868,True,False,True,VALID_RANK,False,SUPPRESS_UNVERIFIED,ABSTAIN
23,LogisticRegression,SHAP,3,4,employment_years,False,-0.5933090806616675,0.5933090806616675,0.4173350480629515,0.44180068040042075,0.3932697251344145,0.024465632337469234,-0.024065322928537025,0.024465632337469234,0.31080066382733096,True,False,True,VALID_RANK,False,SUPPRESS_UNVERIFIED,ABSTAIN
24,LogisticRegression,SHAP,1,1,credit_score,False,2.3636157156170055,2.3636157156170055,0.9220814754726384,0.9348261332714441,0.9070923050839632,0.012744657798805736,-0.0149891703886752,0.0149891703886752,0.15716820247121527,False,True,True,VALID_RANK,False,SUPPRESS_UNVERIFIED,ABSTAIN
24,LogisticRegression,SHAP,2,4,employment_years,False,-0.6147902204394252,0.6147902204394252,0.9220814754726384,0.9289608555341284,0.9145971468894765,0.006879380061490026,-0.007484328583161948,0.007484328583161948,0.0919876840938099,False,False,True,VALID_RANK,False,SUPPRESS_UNVERIFIED,ABSTAIN
24,LogisticRegression,SHAP,3,0,income,False,0.2512689268823091,0.2512689268823091,0.9220814754726384,0.932569952198147,0.9101187962342107,0.010488476725508566,-0.011962679238427754,0.011962679238427754,0.15648628824697897,False,True,True,VALID_RANK,False,SUPPRESS_UNVERIFIED,ABSTAIN
25,LogisticRegression,SHAP,1,1,credit_score,False,-2.410018961797937,2.410018961797937,0.017229179966282406,0.020806998436896897,0.014257618961425427,0.003577818470614492,-0.0029715610048569787,0.003577818470614492,0.0371154747373236,False,False,True,VALID_RANK,False,SUPPRESS_UNVERIFIED,ABSTAIN
25,LogisticRegression,SHAP,2,3,loan_amount,False,-1.4758065704894563,1.4758065704894563,0.017229179966282406,0.015115869955955173,0.019632056850141296,-0.0021133100103272323,0.0024028768838588906,0.0024028768838588906,-0.021590461707421363,False,True,True,VALID_RANK,False,SUPPRESS_UNVERIFIED,ABSTAIN
25,LogisticRegression,SHAP,3,2,debt_to_income,False,-1.092716648269834,1.092716648269834,0.017229179966282406,0.014317897971167873,0.020719974295387477,-0.0029112819951145324,0.0034907943291050715,0.0034907943291050715,-0.034692221295682696,False,True,True,VALID_RANK,False,SUPPRESS_UNVERIFIED,ABSTAIN
26,LogisticRegression,SHAP,1,2,debt_to_income,False,-1.6300289180084275,1.6300289180084275,0.034063025267618376,0.028389431417350917,0.04082284015722512,-0.005673593850267458,0.006759814889606745,0.006759814889606745,-0.06737541785179675,False,True,True,VALID_RANK,False,SUPPRESS_UNVERIFIED,ABSTAIN
26,LogisticRegression,SHAP,2,1,credit_score,False,-1.4938668519910272,1.4938668519910272,0.034063025267618376,0.04099076240597835,0.028271609793848265,0.006927737138359973,-0.005791415473770111,0.006927737138359973,0.07207971216566199,False,False,True,VALID_RANK,False,SUPPRESS_UNVERIFIED,ABSTAIN
26,LogisticRegression,SHAP,3,0,income,False,1.2747994079404155,1.2747994079404155,0.034063025267618376,0.03958168104351341,0.029290339417318227,0.005518655775895033,-0.0047726858503001485,0.005518655775895033,0.07173144468604706,False,True,True,VALID_RANK,False,SUPPRESS_UNVERIFIED,ABSTAIN
27,LogisticRegression,SHAP,1,2,debt_to_income,False,1.8547137009483912,1.8547137009483912,0.38207213302719695,0.33876237934162706,0.42734047709091183,-0.043309753685569885,0.04526834406371488,0.04526834406371488,-0.4799959909011839,True,False,False,RANK_MISMATCH,False,SUPPRESS_UNVERIFIED,ABSTAIN
27,LogisticRegression,SHAP,2,4,employment_years,False,-1.3021866933276711,1.3021866933276711,0.38207213302719695,0.40591065948738636,0.35878810561312696,0.023838526460189413,-0.023284027414069985,0.023838526460189413,0.3017810167775052,True,False,False,RANK_MISMATCH,False,SUPPRESS_UNVERIFIED,ABSTAIN
27,LogisticRegression,SHAP,3,1,credit_score,False,-0.8244801711414005,0.8244801711414005,0.38207213302719695,0.4283882265141394,0.3378042923299726,0.04631609348694243,-0.04426784069722434,0.04631609348694243,0.5133411086365247,True,False,False,RANK_MISMATCH,False,SUPPRESS_UNVERIFIED,ABSTAIN
28,LogisticRegression,SHAP,1,0,income,False,3.2777782538764755,3.2777782538764755,0.5818572245820912,0.6192310546220294,0.5435192486179988,0.037373830039938216,-0.038337975964092386,0.038337975964092386,0.5277171258832951,True,True,True,VALID_RANK,True,DISPLAY_TRUSTED,PARTIALLY_VERIFIED
28,LogisticRegression,SHAP,2,1,credit_score,False,-2.4951104890245843,2.4951104890245843,0.5818572245820912,0.6277869096320053,0.5344627780678984,0.045929685049914126,-0.04739444651419278,0.04739444651419278,0.5288698662862144,True,False,True,VALID_RANK,False,SUPPRESS_UNVERIFIED,PARTIALLY_VERIFIED
28,LogisticRegression,SHAP,3,4,employment_years,False,-1.0229318762168214,1.0229318762168214,0.5818572245820912,0.6059376240043423,0.557380211109077,0.024080399422251042,-0.02447701347301423,0.02447701347301423,0.31097010307887496,True,False,True,VALID_RANK,False,SUPPRESS_UNVERIFIED,PARTIALLY_VERIFIED
29,LogisticRegression,SHAP,1,2,debt_to_income,False,-3.6001739070499355,3.6001739070499355,0.0009048696217152308,0.0007498655808886146,0.0010918793977394486,-0.0001550040408266162,0.00018700977602421778,0.00018700977602421778,-0.0018533392011405852,False,True,True,VALID_RANK,False,SUPPRESS_UNVERIFIED,ABSTAIN
29,LogisticRegression,SHAP,2,1,credit_score,False,-1.6867409803714306,1.6867409803714306,0.0009048696217152308,0.0010965576153110764,0.0007466653416723886,0.00019168799359584553,-0.00015820428004284222,0.00019168799359584553,0.0019828470608028977,False,False,True,VALID_RANK,False,SUPPRESS_UNVERIFIED,ABSTAIN
29,LogisticRegression,SHAP,3,4,employment_years,False,-1.3236678331054292,1.3236678331054292,0.0009048696217152308,0.0009998062633153001,0.000818940302614187,9.49366416000693e-05,-8.592931910104387e-05,9.49366416000693e-05,0.0011582970156173442,False,False,True,VALID_RANK,False,SUPPRESS_UNVERIFIED,ABSTAIN
30,LogisticRegression,SHAP,1,1,credit_score,False,1.6800471135629347,1.6800471135629347,0.3441836577936525,0.38879665121684104,0.30215908690615284,0.04461299342318853,-0.04202457088749967,0.04461299342318853,0.4909769454525484,True,True,True,VALID_RANK,True,DISPLAY_TRUSTED,PARTIALLY_VERIFIED
30,LogisticRegression,SHAP,2,3,loan_amount,False,0.9938894706693626,0.9938894706693626,0.3441836577936525,0.31481306003473525,0.37479554603372617,-0.02937059775891726,0.03061188824007366,0.03061188824007366,-0.2867573015510772,True,False,True,VALID_RANK,False,SUPPRESS_UNVERIFIED,PARTIALLY_VERIFIED
30,LogisticRegression,SHAP,3,5,existing_debts,False,-0.9348579002445733,0.9348579002445733,0.3441836577936525,0.33020569355089235,0.3584366781814183,-0.013977964242760155,0.014253020387765769,0.014253020387765769,-0.15484470213372642,False,True,True,VALID_RANK,False,SUPPRESS_UNVERIFIED,PARTIALLY_VERIFIED
31,LogisticRegression,SHAP,1,2,debt_to_income,False,-2.1881068793311202,2.1881068793311202,0.20629327813674336,0.17719517330692797,0.2387830229863089,-0.029098104829815397,0.032489744849565544,0.032489744849565544,-0.33373849388819504,True,True,True,VALID_RANK,True,DISPLAY_TRUSTED,PARTIALLY_VERIFIED
31,LogisticRegression,SHAP,2,1,credit_score,False,0.6873126292520438,0.6873126292520438,0.20629327813674336,0.23956186535411725,0.17657201135448666,0.033268587217373885,-0.0297212667822567,0.033268587217373885,0.35696486111192893,True,True,True,VALID_RANK,True,DISPLAY_TRUSTED,PARTIALLY_VERIFIED
31,LogisticRegression,SHAP,3,3,loan_amount,False,0.6631404473230443,0.6631404473230443,0.20629327813674336,0.18536360977762,0.22892205948131497,-0.020929668359123355,0.022628781344571608,0.022628781344571608,-0.20823917663215927,True,False,True,VALID_RANK,False,SUPPRESS_UNVERIFIED,PARTIALLY_VERIFIED
32,LogisticRegression,SHAP,1,1,credit_score,False,-2.222817601899311,2.222817601899311,0.07054206065248006,0.08424186363248709,0.05892682161554705,0.013699802980007031,-0.011615239036933012,0.013699802980007031,0.1434608890770352,False,False,True,VALID_RANK,False,SUPPRESS_UNVERIFIED,ABSTAIN
32,LogisticRegression,SHAP,2,0,income,False,-1.989447834835364,1.989447834835364,0.07054206065248006,0.08147230949604724,0.06098085033283463,0.010930248843567178,-0.009561210319645429,0.010930248843567178,0.14282705043635852,False,False,True,VALID_RANK,False,SUPPRESS_UNVERIFIED,ABSTAIN
32,LogisticRegression,SHAP,3,3,loan_amount,False,0.9669756233802416,0.9669756233802416,0.07054206065248006,0.06230402519211633,0.07977668396758908,-0.008238035460363731,0.00923462331510902,0.00923462331510902,-0.0835312574650808,False,False,True,VALID_RANK,False,SUPPRESS_UNVERIFIED,ABSTAIN
33,LogisticRegression,SHAP,1,3,loan_amount,False,-2.6109138855555387,2.6109138855555387,0.003888762860133294,0.0034061008159840893,0.0044395159224974385,-0.0004826620441492047,0.0005507530623641444,0.0005507530623641444,-0.004940430900627771,False,True,False,RANK_MISMATCH,False,SUPPRESS_UNVERIFIED,ABSTAIN
33,LogisticRegression,SHAP,2,4,employment_years,False,-1.3666301126609444,1.3666301126609444,0.003888762860133294,0.0042954161128378595,0.00364694702945577,0.0004066532527045655,-0.000241815830677524,0.0004066532527045655,0.005048205437759763,False,False,False,RANK_MISMATCH,False,SUPPRESS_UNVERIFIED,ABSTAIN
33,LogisticRegression,SHAP,3,2,debt_to_income,False,-1.2912885740427917,1.2912885740427917,0.003888762860133294,0.0032242678675046786,0.004689560487323233,-0.0006644949926286154,0.0008007976271899387,0.0008007976271899387,-0.007940276443966398,False,True,False,RANK_MISMATCH,False,SUPPRESS_UNVERIFIED,ABSTAIN
34,LogisticRegression,SHAP,1,0,income,False,-2.151578837255993,2.151578837255993,0.16037332779744592,0.18248975643037274,0.1404766718663511,0.022116428632926816,-0.019896655931094825,0.022116428632926816,0.29283443898349265,True,False,True,VALID_RANK,False,SUPPRESS_UNVERIFIED,ABSTAIN
34,LogisticRegression,SHAP,2,2,debt_to_income,False,1.425123456302318,1.425123456302318,0.16037332779744592,0.13663729003592334,0.1873379823680216,-0.023736037761522583,0.026964654570575675,0.026964654570575675,-0.2747420600993665,True,False,True,VALID_RANK,False,SUPPRESS_UNVERIFIED,ABSTAIN
34,LogisticRegression,SHAP,3,3,loan_amount,False,-1.0872759318791212,1.0872759318791212,0.16037332779744592,0.1432616010403504,0.17910166945888154,-0.01711172675709552,0.01872834166143561,0.01872834166143561,-0.17134003594443986,False,True,True,VALID_RANK,False,SUPPRESS_UNVERIFIED,ABSTAIN
35,LogisticRegression,SHAP,1,2,debt_to_income,False,1.281061470937623,1.281061470937623,0.9314013400889086,0.9183671298772454,0.9424847335836681,-0.013034210211663178,0.011083393494759508,0.013034210211663178,-0.1306909200284775,False,False,True,VALID_RANK,False,SUPPRESS_UNVERIFIED,ABSTAIN
35,LogisticRegression,SHAP,2,3,loan_amount,False,1.1520681933695058,1.1520681933695058,0.9314013400889086,0.9223998857591306,0.9394272121264697,-0.009001454329778058,0.00802587203756111,0.009001454329778058,-0.08140226401769722,False,False,True,VALID_RANK,False,SUPPRESS_UNVERIFIED,ABSTAIN
35,LogisticRegression,SHAP,3,4,employment_years,False,-0.46442224199512144,0.46442224199512144,0.9314013400889086,0.9375136363223168,0.9247391478710032,0.006112296233408143,-0.006662192217905427,0.006662192217905427,0.0818100420434926,False,False,True,VALID_RANK,False,SUPPRESS_UNVERIFIED,ABSTAIN
36,LogisticRegression,SHAP,1,3,loan_amount,False,-2.018579344868896,2.018579344868896,0.16263732509890722,0.14532584269804905,0.18157288036090657,-0.01731148240085817,0.01893555526199936,0.01893555526199936,-0.17328562723452576,False,True,False,RANK_MISMATCH,False,SUPPRESS_UNVERIFIED,ABSTAIN
36,LogisticRegression,SHAP,2,1,credit_score,False,-1.252774191515525,1.252774191515525,0.16263732509890722,0.19055585228750596,0.13811125027714488,0.027918527188598746,-0.024526074821762334,0.027918527188598746,0.29720469066031996,True,False,False,RANK_MISMATCH,False,SUPPRESS_UNVERIFIED,ABSTAIN
36,LogisticRegression,SHAP,3,2,debt_to_income,False,0.7541320469910798,0.7541320469910798,0.16263732509890722,0.13862152646877282,0.18989654755816923,-0.024015798630134394,0.027259222459262017,0.027259222459262017,-0.2778542910906289,True,False,False,RANK_MISMATCH,False,SUPPRESS_UNVERIFIED,ABSTAIN
37,LogisticRegression,SHAP,1,1,credit_score,False,4.9702528329933156,4.9702528329933156,0.9680984316879927,0.9735324246151754,0.961592812528808,0.005433992927182718,-0.0065056191591846835,0.0065056191591846835,0.0676620391938906,False,True,True,VALID_RANK,False,SUPPRESS_UNVERIFIED,ABSTAIN
37,LogisticRegression,SHAP,2,0,income,False,-2.957235060057302,2.957235060057302,0.9680984316879927,0.9725768664248594,0.9629165162222272,0.00447843473686671,-0.005181915465765519,0.005181915465765519,0.0673333858089159,False,False,True,VALID_RANK,False,SUPPRESS_UNVERIFIED,ABSTAIN
37,LogisticRegression,SHAP,3,2,debt_to_income,False,2.150624806021819,2.150624806021819,0.9680984316879927,0.9617505730657885,0.9734219156497833,-0.006347858622204217,0.005323483961790609,0.006347858622204217,-0.06324585638098122,False,False,True,VALID_RANK,False,SUPPRESS_UNVERIFIED,ABSTAIN
38,LogisticRegression,SHAP,1,1,credit_score,False,4.482394743560534,4.482394743560534,0.9845688079278206,0.9872342934260739,0.9813572776708824,0.002665485498253295,-0.003211530256938211,0.003211530256938211,0.03330517503369442,False,True,True,VALID_RANK,False,SUPPRESS_UNVERIFIED,ABSTAIN
38,LogisticRegression,SHAP,2,3,loan_amount,False,2.1003121585545177,2.1003121585545177,0.9845688079278206,0.9824122008087133,0.9845688079278206,-0.0021566071191073677,0.0,0.0021566071191073677,-0.02062011361087887,False,False,True,VALID_RANK,False,SUPPRESS_UNVERIFIED,ABSTAIN
38,LogisticRegression,SHAP,3,0,income,False,-1.5070826808631734,1.5070826808631734,0.9845688079278206,0.9867666892475184,0.982012541212356,0.002197881319697781,-0.0025562667154646057,0.0025562667154646057,0.033136778391021984,False,False,True,VALID_RANK,False,SUPPRESS_UNVERIFIED,ABSTAIN
39,LogisticRegression,SHAP,1,1,credit_score,False,-1.0485545261715725,1.0485545261715725,0.22802977313960088,0.2636394053766585,0.19595000483337363,0.0356096322370576,-0.032079768306227247,0.0356096322370576,0.3835972927294783,True,False,True,VALID_RANK,False,SUPPRESS_UNVERIFIED,PARTIALLY_VERIFIED
39,LogisticRegression,SHAP,2,4,employment_years,False,-0.7651581988837289,0.7651581988837289,0.22802977313960088,0.24608472689241961,0.21092887679464586,0.018054953752818736,-0.017100896344955013,0.018054953752818736,0.2251441680451674,False,False,True,VALID_RANK,False,SUPPRESS_UNVERIFIED,PARTIALLY_VERIFIED
39,LogisticRegression,SHAP,3,0,income,False,0.7015499596815162,0.7015499596815162,0.22802977313960088,0.2566247219372481,0.20175630947369882,0.028594948797647235,-0.026273463665902053,0.028594948797647235,0.3824370657001891,True,True,True,VALID_RANK,True,DISPLAY_TRUSTED,PARTIALLY_VERIFIED
40,LogisticRegression,SHAP,1,2,debt_to_income,False,1.9390743230087983,1.9390743230087983,0.9682159852031659,0.9618905968949217,0.9735203893064235,-0.00632538830824414,0.0053044041032576095,0.00632538830824414,-0.06302070008699104,False,False,True,VALID_RANK,False,SUPPRESS_UNVERIFIED,ABSTAIN
40,LogisticRegression,SHAP,2,4,employment_years,False,1.4473991982253134,1.4473991982253134,0.9682159852031659,0.9711496201329806,0.9649947976675657,0.002933634929814688,-0.0032211875356001896,0.0032211875356001896,0.03941655171436999,False,True,True,VALID_RANK,False,SUPPRESS_UNVERIFIED,ABSTAIN
40,LogisticRegression,SHAP,3,5,existing_debts,False,0.4535449219008326,0.4535449219008326,0.9682159852031659,0.9662336912136065,0.9700855090076652,-0.0019822939895594027,0.00186952380449934,0.0019822939895594027,-0.021126913807657115,False,False,True,VALID_RANK,False,SUPPRESS_UNVERIFIED,ABSTAIN
41,LogisticRegression,SHAP,1,1,credit_score,False,-2.9489319675667067,2.9489319675667067,0.0008983576521165242,0.0010886676502765726,0.0007412910576050485,0.00019030999816004837,-0.00015706659451147572,0.00019030999816004837,0.001968590642506536,False,False,True,VALID_RANK,False,SUPPRESS_UNVERIFIED,ABSTAIN
41,LogisticRegression,SHAP,2,3,loan_amount,False,-1.7839450792358091,1.7839450792358091,0.0008983576521165242,0.0007865630073380749,0.0010260254171421852,-0.0001117946447784493,0.00012766776502566102,0.00012766776502566102,-0.0011447940730482562,False,True,True,VALID_RANK,False,SUPPRESS_UNVERIFIED,ABSTAIN
41,LogisticRegression,SHAP,3,4,employment_years,False,-1.3666301126609444,1.3666301126609444,0.0008983576521165242,0.0009926117530539725,0.0008423376259444049,9.425410093744828e-05,-5.602002617211932e-05,9.425410093744828e-05,0.001169854793496966,False,False,True,VALID_RANK,False,SUPPRESS_UNVERIFIED,ABSTAIN
42,LogisticRegression,SHAP,1,2,debt_to_income,False,3.0448473998621353,3.0448473998621353,0.8025721835238685,0.7710759753521966,0.8025721835238685,-0.03149620817167187,0.0,0.03149620817167187,-0.34134970235604717,True,False,True,VALID_RANK,False,SUPPRESS_UNVERIFIED,ABSTAIN
42,LogisticRegression,SHAP,2,4,employment_years,False,-1.4310735319942176,1.4310735319942176,0.8025721835238685,0.8179194144657713,0.8025721835238685,0.015347230941902823,0.0,0.015347230941902823,0.19657266330365716,False,False,True,VALID_RANK,False,SUPPRESS_UNVERIFIED,ABSTAIN
42,LogisticRegression,SHAP,3,5,existing_debts,False,-0.9348579002445733,0.9348579002445733,0.8025721835238685,0.7924733745948482,0.8122959576541349,-0.010098808929020264,0.009723774130266372,0.010098808929020264,-0.10872528923477046,False,True,True,VALID_RANK,False,SUPPRESS_UNVERIFIED,ABSTAIN
43,LogisticRegression,SHAP,1,3,loan_amount,False,1.233100759855872,1.233100759855872,0.4751839808478819,0.44217167843034094,0.5084146103524912,-0.03301230241754094,0.033230629504609366,0.033230629504609366,-0.31668651421261695,True,False,False,RANK_MISMATCH,False,SUPPRESS_UNVERIFIED,ABSTAIN
43,LogisticRegression,SHAP,2,4,employment_years,False,0.8244461446703402,0.8244461446703402,0.4751839808478819,0.5001299943544066,0.4503612053662626,0.024946013506524756,-0.024822775481619264,0.024946013506524756,0.31872796590575797,True,True,False,RANK_MISMATCH,False,SUPPRESS_UNVERIFIED,ABSTAIN
43,LogisticRegression,SHAP,3,1,credit_score,False,-0.6911701118196509,0.6911701118196509,0.4751839808478819,0.5232298688720286,0.4275931570380779,0.04804588802414672,-0.047590823809804006,0.04804588802414672,0.5419753085506119,True,False,False,RANK_MISMATCH,False,SUPPRESS_UNVERIFIED,ABSTAIN
44,LogisticRegression,SHAP,1,3,loan_amount,False,-4.681408081306257,4.681408081306257,0.03325614177215353,0.03325614177215353,0.03780823667690379,0.0,0.00455209490475026,0.00455209490475026,-0.04352425310656693,False,True,False,RANK_MISMATCH,False,SUPPRESS_UNVERIFIED,ABSTAIN
44,LogisticRegression,SHAP,2,2,debt_to_income,False,1.1266166397808772,1.1266166397808772,0.03325614177215353,0.027713087905498694,0.03986243856729011,-0.005543053866654837,0.006606296795136579,0.006606296795136579,-0.06583613509310907,False,False,False,RANK_MISMATCH,False,SUPPRESS_UNVERIFIED,ABSTAIN
44,LogisticRegression,SHAP,3,0,income,False,0.7342177232810935,0.7342177232810935,0.03325614177215353,0.03864930249195829,0.028593164500826912,0.0053931607198047585,-0.00466297727132662,0.0053931607198047585,0.07009205721341735,False,True,False,RANK_MISMATCH,False,SUPPRESS_UNVERIFIED,ABSTAIN
45,LogisticRegression,SHAP,1,2,debt_to_income,False,-2.3308710089718097,2.3308710089718097,0.01681632460946927,0.013973812472193247,0.02022519201426862,-0.002842512137276024,0.0034088674047993497,0.0034088674047993497,-0.03387561026983205,False,True,False,RANK_MISMATCH,False,SUPPRESS_UNVERIFIED,ABSTAIN
45,LogisticRegression,SHAP,2,0,income,False,-1.738855374744593,1.738855374744593,0.01681632460946927,0.019597479363322113,0.01442404763118356,0.0027811547538528422,-0.0023922769782857116,0.0027811547538528422,0.03605921808934605,False,False,False,RANK_MISMATCH,False,SUPPRESS_UNVERIFIED,ABSTAIN
45,LogisticRegression,SHAP,3,1,credit_score,False,0.9057142158004379,0.9057142158004379,0.01681632460946927,0.020310181163674966,0.013914961628007677,0.0034938565542056953,-0.0029013629814615936,0.0034938565542056953,0.036241847033700966,False,True,False,RANK_MISMATCH,False,SUPPRESS_UNVERIFIED,ABSTAIN
46,LogisticRegression,SHAP,1,1,credit_score,False,6.257971278356585,6.257971278356585,0.9990095626724725,0.9990095626724725,0.9987997697529492,0.0,-0.0002097929195233883,0.0002097929195233883,0.0023778019990448544,False,True,True,VALID_RANK,False,SUPPRESS_UNVERIFIED,ABSTAIN
46,LogisticRegression,SHAP,2,2,debt_to_income,False,2.4218766523391286,2.4218766523391286,0.9990095626724725,0.9988048897374214,0.9991792124076646,-0.00020467293505110895,0.00016964973519206783,0.00020467293505110895,-0.002028417696761856,False,False,True,VALID_RANK,False,SUPPRESS_UNVERIFIED,ABSTAIN
46,LogisticRegression,SHAP,3,0,income,False,-1.4574433520717895,1.4574433520717895,0.9990095626724725,0.9991524024013237,0.9988426790398848,0.00014283972885120733,-0.0001668836325877665,0.0001668836325877665,0.002158795711580137,False,False,True,VALID_RANK,False,SUPPRESS_UNVERIFIED,ABSTAIN
47,LogisticRegression,SHAP,1,3,loan_amount,False,1.390712942466983,1.390712942466983,0.7452259428016983,0.7191608630439901,0.7696467553057,-0.02606507975770822,0.024420812504001743,0.02606507975770822,-0.24135708932787342,True,False,False,RANK_MISMATCH,False,SUPPRESS_UNVERIFIED,ABSTAIN
47,LogisticRegression,SHAP,2,1,credit_score,False,1.0787336544946224,1.0787336544946224,0.7452259428016983,0.7799958984115196,0.7070248927069381,0.034769955609821324,-0.03820105009476016,0.03820105009476016,0.41352826308640867,True,True,False,RANK_MISMATCH,False,SUPPRESS_UNVERIFIED,ABSTAIN
47,LogisticRegression,SHAP,3,0,income,False,-1.0437498542310057,1.0437498542310057,0.7452259428016983,0.77367745984514,0.7145175045461273,0.028451517043441732,-0.030708438255571013,0.030708438255571013,0.4123494501784468,True,False,False,RANK_MISMATCH,False,SUPPRESS_UNVERIFIED,ABSTAIN
48,LogisticRegression,SHAP,1,4,employment_years,False,2.800711004224049,2.800711004224049,0.012468927729438894,0.012468927729438894,0.011297255824058508,0.0,-0.0011716719053803861,0.0011716719053803861,0.01500718063281695,False,True,False,RANK_MISMATCH,False,SUPPRESS_UNVERIFIED,ABSTAIN
48,LogisticRegression,SHAP,2,3,loan_amount,False,-2.511501152927892,2.511501152927892,0.012468927729438894,0.01093300884866419,0.014217517825090188,-0.0015359188807747039,0.0017485900956512937,0.0017485900956512937,-0.015702198988819097,False,True,False,RANK_MISMATCH,False,SUPPRESS_UNVERIFIED,ABSTAIN
48,LogisticRegression,SHAP,3,0,income,False,-2.459170104946313,2.459170104946313,0.012468927729438894,0.014541725830665504,0.010688384606190917,0.0020727981012266094,-0.0017805431232479768,0.0020727981012266094,0.026858085460530312,False,False,False,RANK_MISMATCH,False,SUPPRESS_UNVERIFIED,ABSTAIN
49,LogisticRegression,SHAP,1,1,credit_score,False,-3.1559880171515484,3.1559880171515484,0.007104096102372414,0.008597729893822206,0.007104096102372414,0.0014936337914497914,0.0,0.0014936337914497914,0.016928909818399812,False,False,True,VALID_RANK,False,SUPPRESS_UNVERIFIED,ABSTAIN
49,LogisticRegression,SHAP,2,3,loan_amount,False,-2.0915745229746263,2.0915745229746263,0.007104096102372414,0.006224850056618348,0.008106520603793615,-0.0008792460457540665,0.0010024245014212006,0.0010024245014212006,-0.008995671978737201,False,True,True,VALID_RANK,False,SUPPRESS_UNVERIFIED,ABSTAIN
49,LogisticRegression,SHAP,3,2,debt_to_income,False,0.7826848729192174,0.7826848729192174,0.007104096102372414,0.005893429482243571,0.008561323884934467,-0.0012106666201288432,0.0014572277825620527,0.0014572277825620527,-0.014457057105289656,False,False,True,VALID_RANK,False,SUPPRESS_UNVERIFIED,ABSTAIN
0,MLP_DNN,SHAP,1,2,debt_to_income,False,0.044238229757366264,0.044238229757366264,0.5645243686462403,0.5591180280705038,0.5697317309905999,-0.0054063405757365235,0.0052073623443595896,0.0054063405757365235,-0.05751461117038343,False,False,True,VALID_RANK,False,SUPPRESS_UNVERIFIED,ABSTAIN
0,MLP_DNN,SHAP,2,1,credit_score,False,0.014010612449687584,0.014010612449687584,0.5645243686462403,0.5665584897939493,0.5621961779540622,0.002034121147708956,-0.002328190692178156,0.002328190692178156,0.024721315278193188,False,True,True,VALID_RANK,False,SUPPRESS_UNVERIFIED,ABSTAIN
0,MLP_DNN,SHAP,3,4,employment_years,False,0.013566777282767973,0.013566777282767973,0.5645243686462403,0.5648389405017807,0.5639995355499107,0.000314571855540402,-0.0005248330963296688,0.0005248330963296688,0.005375695055479501,False,True,True,VALID_RANK,False,SUPPRESS_UNVERIFIED,ABSTAIN
1,MLP_DNN,SHAP,1,2,debt_to_income,False,0.07568694953818353,0.07568694953818353,0.4868202102376238,0.4805501491921125,0.4913233081090607,-0.00627006104551131,0.004503097871436934,0.00627006104551131,-0.06797055367259076,False,False,True,VALID_RANK,False,SUPPRESS_UNVERIFIED,ABSTAIN
1,MLP_DNN,SHAP,2,4,employment_years,False,-0.038786723183980035,0.038786723183980035,0.4868202102376238,0.4910395085570133,0.4831914009521596,0.004219298319389497,-0.003628809285464163,0.004219298319389497,0.05403204635301819,False,False,True,VALID_RANK,False,SUPPRESS_UNVERIFIED,ABSTAIN
1,MLP_DNN,SHAP,3,3,loan_amount,False,-0.035356376432307504,0.035356376432307504,0.4868202102376238,0.4850890950935368,0.48855164163247067,-0.0017311151440869699,0.001731431394846883,0.001731431394846883,-0.01655334028696974,False,True,True,VALID_RANK,False,SUPPRESS_UNVERIFIED,ABSTAIN
2,MLP_DNN,SHAP,1,0,income,False,-0.04435440969808149,0.04435440969808149,0.5035473690074376,0.507520139906942,0.5000516931154225,0.00397277089950443,-0.003495675892015049,0.00397277089950443,0.05205565001874557,False,False,True,VALID_RANK,False,SUPPRESS_UNVERIFIED,ABSTAIN
2,MLP_DNN,SHAP,2,3,loan_amount,False,0.026609922037969268,0.026609922037969268,0.5035473690074376,0.4980782336419892,0.5095773047354432,-0.005469135365448352,0.0060299357280055865,0.0060299357280055865,-0.054973423361584624,False,False,True,VALID_RANK,False,SUPPRESS_UNVERIFIED,ABSTAIN
2,MLP_DNN,SHAP,3,2,debt_to_income,False,0.0259190913987772,0.0259190913987772,0.5035473690074376,0.50301794563795,0.5049405824353316,-0.0005294233694875805,0.0013932134278940023,0.0013932134278940023,-0.010418579515156762,False,False,True,VALID_RANK,False,SUPPRESS_UNVERIFIED,ABSTAIN
3,MLP_DNN,SHAP,1,2,debt_to_income,False,0.023614674453437526,0.023614674453437526,0.552299945122409,0.5507566650969944,0.553498181164238,-0.001543280025414595,0.001198236041829004,0.001543280025414595,-0.014856005657208134,False,False,True,VALID_RANK,False,SUPPRESS_UNVERIFIED,ABSTAIN
3,MLP_DNN,SHAP,2,0,income,False,0.01682023588188902,0.01682023588188902,0.552299945122409,0.5561870813579273,0.5484927899705193,0.003887136235518285,-0.003807155151889674,0.003887136235518285,0.05362980426666037,False,True,True,VALID_RANK,False,SUPPRESS_UNVERIFIED,ABSTAIN
3,MLP_DNN,SHAP,3,4,employment_years,False,-0.015950571752813805,0.015950571752813805,0.552299945122409,0.5525229480241519,0.5514811274717931,0.00022300290174293025,-0.0008188176506158662,0.0008188176506158662,0.006671999705904749,False,False,True,VALID_RANK,False,SUPPRESS_UNVERIFIED,ABSTAIN
4,MLP_DNN,SHAP,1,2,debt_to_income,False,0.06643734735340372,0.06643734735340372,0.6186013128858399,0.614112721520646,0.6202671510468815,-0.004488591365193861,0.0016658381610415995,0.004488591365193861,-0.0467123731102466,False,False,True,VALID_RANK,False,SUPPRESS_UNVERIFIED,ABSTAIN
4,MLP_DNN,SHAP,2,6,age,False,0.02540034926787571,0.02540034926787571,0.6186013128858399,0.6170849865140391,0.6186013128858399,-0.0015163263718007691,0.0,0.0015163263718007691,-0.014723955094496147,False,False,True,VALID_RANK,False,SUPPRESS_UNVERIFIED,ABSTAIN
4,MLP_DNN,SHAP,3,3,loan_amount,False,0.020500977762840086,0.020500977762840086,0.6186013128858399,0.6159805551305145,0.6208715073596198,-0.0026207577553253314,0.002270194473779963,0.0026207577553253314,-0.023382096288190768,False,False,True,VALID_RANK,False,SUPPRESS_UNVERIFIED,ABSTAIN
5,MLP_DNN,SHAP,1,2,debt_to_income,False,0.06890959192680797,0.06890959192680797,0.6047658676122233,0.5986828399531925,0.6105180570878825,-0.006083027659030793,0.005752189475659253,0.006083027659030793,-0.06413387643721542,False,False,True,VALID_RANK,False,SUPPRESS_UNVERIFIED,ABSTAIN
5,MLP_DNN,SHAP,2,6,age,False,-0.05979708956496495,0.05979708956496495,0.6047658676122233,0.6047658676122233,0.6060870353138798,0.0,0.0013211677016564671,0.0013211677016564671,-0.01282890957596853,False,True,True,VALID_RANK,False,SUPPRESS_UNVERIFIED,ABSTAIN
5,MLP_DNN,SHAP,3,0,income,False,0.03739201262954,0.03739201262954,0.6047658676122233,0.6070979757089392,0.6024717660002779,0.0023321080967159125,-0.0022941016119454316,0.0023321080967159125,0.032245038390158035,False,True,True,VALID_RANK,False,SUPPRESS_UNVERIFIED,ABSTAIN
6,MLP_DNN,SHAP,1,2,debt_to_income,False,-0.054875696994817605,0.054875696994817605,0.4045018846585086,0.40293440528105096,0.4063163950161726,-0.001567479377457659,0.001814510357664001,0.001814510357664001,-0.018326669406720935,False,True,True,VALID_RANK,False,SUPPRESS_UNVERIFIED,ABSTAIN
6,MLP_DNN,SHAP,2,0,income,False,-0.017075386965242686,0.017075386965242686,0.4045018846585086,0.40832154404489557,0.40097325934917555,0.0038196593863869532,-0.0035286253093330666,0.0038196593863869532,0.05121811094548627,False,False,True,VALID_RANK,False,SUPPRESS_UNVERIFIED,ABSTAIN
6,MLP_DNN,SHAP,3,1,credit_score,False,0.011945579888535271,0.011945579888535271,0.4045018846585086,0.40473085031361317,0.40463639551383696,0.00022896565510455158,0.00013451085532834028,0.00022896565510455158,0.0005352773874292208,False,True,True,VALID_RANK,False,SUPPRESS_UNVERIFIED,ABSTAIN
7,MLP_DNN,SHAP,1,2,debt_to_income,False,-0.04060591593053104,0.04060591593053104,0.5028711515539096,0.4995569654571534,0.5062281804456209,-0.003314186096756211,0.0033570288917113,0.0033570288917113,-0.036150657219664095,False,True,True,VALID_RANK,False,SUPPRESS_UNVERIFIED,ABSTAIN
7,MLP_DNN,SHAP,2,0,income,False,0.03964539638457016,0.03964539638457016,0.5028711515539096,0.5028711515539096,0.5012825026996909,0.0,-0.0015886488542187216,0.0015886488542187216,0.0221460100249481,False,True,True,VALID_RANK,False,SUPPRESS_UNVERIFIED,ABSTAIN
7,MLP_DNN,SHAP,3,1,credit_score,False,-0.03823486173375982,0.03823486173375982,0.5028711515539096,0.5058962000453167,0.5008870957963502,0.0030250484914070563,-0.001984055757559444,0.0030250484914070563,0.035380766206109644,False,False,True,VALID_RANK,False,SUPPRESS_UNVERIFIED,ABSTAIN
8,MLP_DNN,SHAP,1,5,existing_debts,False,-0.03317667960210064,0.03317667960210064,0.51271180534767,0.51271180534767,0.5153768005903415,0.0,0.0026649952426714973,0.0026649952426714973,-0.02923457328463569,False,True,False,RANK_MISMATCH,False,SUPPRESS_UNVERIFIED,ABSTAIN
8,MLP_DNN,SHAP,2,4,employment_years,False,0.027142014739764648,0.027142014739764648,0.51271180534767,0.5150313172908608,0.5110326993499456,0.0023195119431907996,-0.0016791059977244727,0.0023195119431907996,0.025607843563278207,False,True,False,RANK_MISMATCH,False,SUPPRESS_UNVERIFIED,ABSTAIN
8,MLP_DNN,SHAP,3,6,age,False,0.025013675529006886,0.025013675529006886,0.51271180534767,0.5075749053011743,0.5177879395025656,-0.005136900046495696,0.005076134154895606,0.005136900046495696,-0.049585715765549154,False,False,False,RANK_MISMATCH,False,SUPPRESS_UNVERIFIED,ABSTAIN
9,MLP_DNN,SHAP,1,2,debt_to_income,False,0.0496358281613131,0.0496358281613131,0.5523478956711156,0.5449427398962196,0.5597286971385431,-0.007405155774896088,0.007380801467427478,0.007405155774896088,-0.08012364657050848,False,False,True,VALID_RANK,False,SUPPRESS_UNVERIFIED,ABSTAIN
9,MLP_DNN,SHAP,2,6,age,False,-0.024907528291917082,0.024907528291917082,0.5523478956711156,0.5503205634720238,0.5541826336999918,-0.0020273321990917914,0.0018347380288761261,0.0020273321990917914,-0.01875089349691186,False,True,True,VALID_RANK,False,SUPPRESS_UNVERIFIED,ABSTAIN
9,MLP_DNN,SHAP,3,1,credit_score,False,-0.010765024547126236,0.010765024547126236,0.5523478956711156,0.5547607931736281,0.5492511176464092,0.002412897502512501,-0.003096778024706426,0.003096778024706426,0.03122345003938304,False,False,True,VALID_RANK,False,SUPPRESS_UNVERIFIED,ABSTAIN
10,MLP_DNN,SHAP,1,6,age,False,0.0297511709405004,0.0297511709405004,0.5104075404542495,0.5084078584300713,0.5123639054596901,-0.0019996820241782176,0.001956365005440608,0.0019996820241782176,-0.019207164070703036,False,False,False,RANK_MISMATCH,False,SUPPRESS_UNVERIFIED,ABSTAIN
10,MLP_DNN,SHAP,2,12,loan_purpose_education,False,-0.014600784599774756,0.014600784599774756,0.5104075404542495,0.5104075404542495,0.5112359982985161,0.0,0.0008284578442665502,0.0008284578442665502,-0.018078432292530505,False,True,False,RANK_MISMATCH,False,SUPPRESS_UNVERIFIED,ABSTAIN
10,MLP_DNN,SHAP,3,4,employment_years,False,-0.012838041831693438,0.012838041831693438,0.5104075404542495,0.5131377491654386,0.5075082620150716,0.0027302087111891193,-0.0028992784391779214,0.0028992784391779214,0.03605221314419614,False,False,False,RANK_MISMATCH,False,SUPPRESS_UNVERIFIED,ABSTAIN
11,MLP_DNN,SHAP,1,0,income,False,-0.04144873946362184,0.04144873946362184,0.5235464765480943,0.5268096061135549,0.5235464765480943,0.0032631295654605985,0.0,0.0032631295654605985,0.045488529373556345,False,False,False,RANK_MISMATCH,False,SUPPRESS_UNVERIFIED,ABSTAIN
11,MLP_DNN,SHAP,2,2,debt_to_income,False,0.030186779148749534,0.030186779148749534,0.5235464765480943,0.5218101956578821,0.525229433792359,-0.0017362808902121607,0.0016829572442647045,0.0017362808902121607,-0.018528514815600593,False,False,False,RANK_MISMATCH,False,SUPPRESS_UNVERIFIED,ABSTAIN
11,MLP_DNN,SHAP,3,6,age,False,0.017634051172407836,0.017634051172407836,0.5235464765480943,0.5199904141685828,0.5271885104160475,-0.0035560623795114488,0.003642033867953254,0.003642033867953254,-0.03494776846348246,False,False,False,RANK_MISMATCH,False,SUPPRESS_UNVERIFIED,ABSTAIN
12,MLP_DNN,SHAP,1,2,debt_to_income,False,-0.07007784961609112,0.07007784961609112,0.45567459632970087,0.45567459632970087,0.4579517815265378,0.0,0.0022771851968369505,0.0022771851968369505,-0.024679684770721674,False,True,False,RANK_MISMATCH,False,SUPPRESS_UNVERIFIED,ABSTAIN
12,MLP_DNN,SHAP,2,3,loan_amount,False,0.030607892551804263,0.030607892551804263,0.45567459632970087,0.4491776397322116,0.4622860929100864,-0.0064969565974892785,0.006611496580385512,0.006611496580385512,-0.06266737028637416,False,False,False,RANK_MISMATCH,False,SUPPRESS_UNVERIFIED,ABSTAIN
12,MLP_DNN,SHAP,3,6,age,False,0.017340618036992998,0.017340618036992998,0.45567459632970087,0.4509228698387104,0.46022282562285266,-0.004751726490990482,0.004548229293151795,0.004751726490990482,-0.04515259178137608,False,False,False,RANK_MISMATCH,False,SUPPRESS_UNVERIFIED,ABSTAIN
13,MLP_DNN,SHAP,1,2,debt_to_income,False,0.04783861180878076,0.04783861180878076,0.5242157905931828,0.5179710742046624,0.5302018189173938,-0.0062447163885204215,0.0059860283242110235,0.0062447163885204215,-0.06627720144164362,False,False,True,VALID_RANK,False,SUPPRESS_UNVERIFIED,ABSTAIN
13,MLP_DNN,SHAP,2,0,income,False,0.03947174792154032,0.03947174792154032,0.5242157905931828,0.5265735759772427,0.5216737590069745,0.0023577853840599516,-0.0025420315862082488,0.0025420315862082488,0.03415210210104454,False,True,True,VALID_RANK,False,SUPPRESS_UNVERIFIED,ABSTAIN
13,MLP_DNN,SHAP,3,4,employment_years,False,-0.03608568690251954,0.03608568690251954,0.5242157905931828,0.5284371081956214,0.5242157905931828,0.004221317602438601,0.0,0.004221317602438601,0.054068101724875875,False,False,True,VALID_RANK,False,SUPPRESS_UNVERIFIED,ABSTAIN
14,MLP_DNN,SHAP,1,2,debt_to_income,False,0.036437789786379134,0.036437789786379134,0.5143608163721386,0.5105143410788767,0.5183358935473779,-0.003846475293261875,0.003975077175239261,0.003975077175239261,-0.04238422276949522,False,False,True,VALID_RANK,False,SUPPRESS_UNVERIFIED,ABSTAIN
14,MLP_DNN,SHAP,2,4,employment_years,False,-0.021932502995668332,0.021932502995668332,0.5143608163721386,0.5173581681381008,0.5115319566812653,0.002997351765962164,-0.00282885969087332,0.002997351765962164,0.03731206975955087,False,False,True,VALID_RANK,False,SUPPRESS_UNVERIFIED,ABSTAIN
14,MLP_DNN,SHAP,3,3,loan_amount,False,-0.018060117370650157,0.018060117370650157,0.5143608163721386,0.5129032484590427,0.5150862537903647,-0.0014575679130959251,0.0007254374182260603,0.0014575679130959251,-0.010436258312001926,False,True,True,VALID_RANK,False,SUPPRESS_UNVERIFIED,ABSTAIN
15,MLP_DNN,SHAP,1,6,age,False,-0.06609990563143037,0.06609990563143037,0.4088059198448437,0.4025191220184323,0.41506953100039246,-0.006286797826411394,0.006263611155548743,0.006286797826411394,-0.060933998677503064,False,True,True,VALID_RANK,False,SUPPRESS_UNVERIFIED,ABSTAIN
15,MLP_DNN,SHAP,2,4,employment_years,False,-0.03685290833753329,0.03685290833753329,0.4088059198448437,0.41134193200068325,0.40632194227122903,0.00253601215583954,-0.002483977573614682,0.00253601215583954,0.03214888583521486,False,False,True,VALID_RANK,False,SUPPRESS_UNVERIFIED,ABSTAIN
15,MLP_DNN,SHAP,3,5,existing_debts,False,0.024349849400702128,0.024349849400702128,0.4088059198448437,0.4067408081063154,0.4088059198448437,-0.0020651117385283024,0.0,0.0020651117385283024,-0.02265394680421535,False,False,True,VALID_RANK,False,SUPPRESS_UNVERIFIED,ABSTAIN
16,MLP_DNN,SHAP,1,2,debt_to_income,False,0.04294334422127511,0.04294334422127511,0.5619603271668343,0.5544977231752906,0.5696511878069327,-0.007462603991543748,0.007690860640098385,0.007690860640098385,-0.08211513293092648,False,False,True,VALID_RANK,False,SUPPRESS_UNVERIFIED,ABSTAIN
16,MLP_DNN,SHAP,2,0,income,False,0.021761939463928952,0.021761939463928952,0.5619603271668343,0.5657838543803729,0.5582616097951897,0.0038235272135386245,-0.003698717371644622,0.0038235272135386245,0.05243062478885733,False,True,True,VALID_RANK,False,SUPPRESS_UNVERIFIED,ABSTAIN
16,MLP_DNN,SHAP,3,12,loan_purpose_education,False,-0.01926164518453906,0.01926164518453906,0.5619603271668343,0.5619603271668343,0.5640572818430425,0.0,0.0020969546762081848,0.0020969546762081848,-0.04575930253626489,False,True,True,VALID_RANK,False,SUPPRESS_UNVERIFIED,ABSTAIN
17,MLP_DNN,SHAP,1,3,loan_amount,False,-0.03354399733613596,0.03354399733613596,0.45729026849756743,0.45284751113228006,0.46126961613606265,-0.004442757365287375,0.003979347638495223,0.004442757365287375,-0.04026342129776264,False,True,True,VALID_RANK,False,SUPPRESS_UNVERIFIED,ABSTAIN
17,MLP_DNN,SHAP,2,2,debt_to_income,False,-0.029622200032655463,0.029622200032655463,0.45729026849756743,0.45353156403792205,0.461517214773037,-0.003758704459645379,0.004226946275469545,0.004226946275469545,-0.04327345512026653,False,True,True,VALID_RANK,False,SUPPRESS_UNVERIFIED,ABSTAIN
17,MLP_DNN,SHAP,3,6,age,False,0.028018032612924806,0.028018032612924806,0.45729026849756743,0.45364791713605895,0.4602528116597792,-0.003642351361508478,0.0029625431622117837,0.003642351361508478,-0.032067690762262305,False,False,True,VALID_RANK,False,SUPPRESS_UNVERIFIED,ABSTAIN
18,MLP_DNN,SHAP,1,2,debt_to_income,False,0.039121667003280444,0.039121667003280444,0.537386385087687,0.5305913506100942,0.5437318336374826,-0.006795034477592776,0.006345448549795574,0.006795034477592776,-0.0712069838020697,False,False,True,VALID_RANK,False,SUPPRESS_UNVERIFIED,ABSTAIN
18,MLP_DNN,SHAP,2,1,credit_score,False,-0.014243138835451646,0.014243138835451646,0.537386385087687,0.5410657561360308,0.533216778615448,0.003679371048343816,-0.0041696064722389625,0.0041696064722389625,0.04448032488727335,False,False,True,VALID_RANK,False,SUPPRESS_UNVERIFIED,ABSTAIN
18,MLP_DNN,SHAP,3,0,income,False,-0.012463403322302372,0.012463403322302372,0.537386385087687,0.5390752671268099,0.5352015785389906,0.0016888820391228743,-0.0021848065486963497,0.0021848065486963497,0.02699990815200017,False,False,True,VALID_RANK,False,SUPPRESS_UNVERIFIED,ABSTAIN
19,MLP_DNN,SHAP,1,2,debt_to_income,False,-0.04466292956941075,0.04466292956941075,0.4646702055351387,0.45908226767239124,0.4701436814000425,-0.005587937862747472,0.005473475864903765,0.005587937862747472,-0.05994071195793754,False,True,True,VALID_RANK,False,SUPPRESS_UNVERIFIED,ABSTAIN
19,MLP_DNN,SHAP,2,3,loan_amount,False,-0.02287775472935057,0.02287775472935057,0.4646702055351387,0.46482426324914483,0.4645655841564005,0.00015405771400611723,-0.0001046213787382344,0.00015405771400611723,0.001236662958655949,False,False,True,VALID_RANK,False,SUPPRESS_UNVERIFIED,ABSTAIN
19,MLP_DNN,SHAP,3,1,credit_score,False,0.017320821709794113,0.017320821709794113,0.4646702055351387,0.4657780924526821,0.46303909354225303,0.001107886917543377,-0.001631111992885681,0.001631111992885681,0.015521965897123164,False,True,True,VALID_RANK,False,SUPPRESS_UNVERIFIED,ABSTAIN
20,MLP_DNN,SHAP,1,2,debt_to_income,False,0.02357647555883537,0.02357647555883537,0.5815625529255543,0.5782564296639459,0.5847129487112563,-0.0033061232616083958,0.003150395785702087,0.0033061232616083958,-0.034987241052048784,False,False,True,VALID_RANK,False,SUPPRESS_UNVERIFIED,ABSTAIN
20,MLP_DNN,SHAP,2,3,loan_amount,False,0.020498336802328335,0.020498336802328335,0.5815625529255543,0.5816032816499827,0.5813235394106877,4.0728724428396035e-05,-0.00023901351486654843,0.00023901351486654843,0.0013373592030084178,False,True,True,VALID_RANK,False,SUPPRESS_UNVERIFIED,ABSTAIN
20,MLP_DNN,SHAP,3,0,income,False,0.01494315704948332,0.01494315704948332,0.5815625529255543,0.5836903251761354,0.5794521862281306,0.002127772250581139,-0.0021103666974237045,0.002127772250581139,0.02954015526476948,False,True,True,VALID_RANK,False,SUPPRESS_UNVERIFIED,ABSTAIN
21,MLP_DNN,SHAP,1,2,debt_to_income,False,0.039816444572995414,0.039816444572995414,0.5476353589315606,0.5418427903028806,0.5532180850415792,-0.005792568628679939,0.005582726110018643,0.005792568628679939,-0.06164160225419537,False,False,True,VALID_RANK,False,SUPPRESS_UNVERIFIED,ABSTAIN
21,MLP_DNN,SHAP,2,4,employment_years,False,0.036242362508568896,0.036242362508568896,0.5476353589315606,0.5476106505968665,0.5470913141318545,-2.470833469403466e-05,-0.0005440447997060449,0.0005440447997060449,0.0033259208929796733,False,True,True,VALID_RANK,False,SUPPRESS_UNVERIFIED,ABSTAIN
21,MLP_DNN,SHAP,3,1,credit_score,False,-0.025764249747389615,0.025764249747389615,0.5476353589315606,0.5524823379084615,0.542381303744925,0.004846978976900895,-0.005254055186635576,0.005254055186635576,0.057242778452777345,False,False,True,VALID_RANK,False,SUPPRESS_UNVERIFIED,ABSTAIN
22,MLP_DNN,SHAP,1,4,employment_years,False,-0.030334925051089583,0.030334925051089583,0.48639846653925217,0.4909893002940515,0.48180984094332624,0.0045908337547993505,-0.0045886255959259326,0.0045908337547993505,0.05878685148775144,False,False,True,VALID_RANK,False,SUPPRESS_UNVERIFIED,ABSTAIN
22,MLP_DNN,SHAP,2,6,age,False,-0.023552323303469826,0.023552323303469826,0.48639846653925217,0.48033116931349895,0.4926655645056958,-0.006067297225753221,0.006267097966443647,0.006267097966443647,-0.05988522138278072,False,True,True,VALID_RANK,False,SUPPRESS_UNVERIFIED,ABSTAIN
22,MLP_DNN,SHAP,3,0,income,False,0.02320559126218352,0.02320559126218352,0.48639846653925217,0.48781677057365863,0.4849478694909242,0.001418304034406459,-0.0014505970483279507,0.0014505970483279507,0.01999646176375027,False,True,True,VALID_RANK,False,SUPPRESS_UNVERIFIED,ABSTAIN
23,MLP_DNN,SHAP,1,6,age,False,-0.03735823151725397,0.03735823151725397,0.47603904075096504,0.4708203040092315,0.4815273447326734,-0.0052187367417335095,0.005488303981708353,0.005488303981708353,-0.05198418682769335,False,True,True,VALID_RANK,False,SUPPRESS_UNVERIFIED,ABSTAIN
23,MLP_DNN,SHAP,2,0,income,False,0.016852453016768094,0.016852453016768094,0.47603904075096504,0.4792070172461056,0.47375481025812904,0.0031679764951405565,-0.0022842304928359924,0.0031679764951405565,0.038002303118520674,False,True,True,VALID_RANK,False,SUPPRESS_UNVERIFIED,ABSTAIN
23,MLP_DNN,SHAP,3,1,credit_score,False,-0.015758730613855878,0.015758730613855878,0.47603904075096504,0.4767876127981874,0.47555421331442277,0.00074857204722234,-0.0004848274365422678,0.00074857204722234,0.006989701475100102,False,False,True,VALID_RANK,False,SUPPRESS_UNVERIFIED,ABSTAIN
24,MLP_DNN,SHAP,1,1,credit_score,False,0.021893828697319862,0.021893828697319862,0.5242624511548719,0.5278990023337945,0.5206659611625608,0.003636551178922587,-0.0035964899923111027,0.003636551178922587,0.04098980031167304,False,True,True,VALID_RANK,False,SUPPRESS_UNVERIFIED,ABSTAIN
24,MLP_DNN,SHAP,2,12,loan_purpose_education,False,-0.01521421568254847,0.01521421568254847,0.5242624511548719,0.5242624511548719,0.5256563307522898,0.0,0.0013938795974178797,0.0013938795974178797,-0.03041694649915243,False,True,True,VALID_RANK,False,SUPPRESS_UNVERIFIED,ABSTAIN
24,MLP_DNN,SHAP,3,4,employment_years,False,-0.011713995198984726,0.011713995198984726,0.5242624511548719,0.5259080217732458,0.5226258888081058,0.0016455706183738927,-0.0016365623467661239,0.0016455706183738927,0.021019349376986386,False,False,True,VALID_RANK,False,SUPPRESS_UNVERIFIED,ABSTAIN
25,MLP_DNN,SHAP,1,3,loan_amount,False,-0.05346086022134858,0.05346086022134858,0.4095304627837092,0.40230449025295256,0.41736666217991,-0.00722597253075663,0.007836199396200783,0.007836199396200783,-0.0720074819397341,False,True,True,VALID_RANK,False,SUPPRESS_UNVERIFIED,ABSTAIN
25,MLP_DNN,SHAP,2,1,credit_score,False,-0.0424679641575083,0.0424679641575083,0.4095304627837092,0.4127369069549437,0.40654399157638604,0.0032064441712345015,-0.002986471207323149,0.0032064441712345015,0.03509538501228666,False,False,True,VALID_RANK,False,SUPPRESS_UNVERIFIED,ABSTAIN
25,MLP_DNN,SHAP,3,7,housing_status_mortgage,False,-0.019479905833389658,0.019479905833389658,0.4095304627837092,0.4095304627837092,0.4112259601294517,0.0,0.0016954973457424805,0.0016954973457424805,-0.03762614078406792,False,True,True,VALID_RANK,False,SUPPRESS_UNVERIFIED,ABSTAIN
26,MLP_DNN,SHAP,1,0,income,False,0.028633426287224227,0.028633426287224227,0.41276890662796695,0.4155031664567717,0.4099150455353682,0.0027342598288047637,-0.0028538610925987196,0.0028538610925987196,0.03894963371464645,False,True,False,RANK_MISMATCH,False,SUPPRESS_UNVERIFIED,ABSTAIN
26,MLP_DNN,SHAP,2,6,age,False,-0.02794638060051383,0.02794638060051383,0.41276890662796695,0.4061001308634389,0.419582351060994,-0.006668775764528068,0.0068134444330270605,0.0068134444330270605,-0.06545807302921228,False,True,False,RANK_MISMATCH,False,SUPPRESS_UNVERIFIED,ABSTAIN
26,MLP_DNN,SHAP,3,2,debt_to_income,False,-0.026863619796097925,0.026863619796097925,0.41276890662796695,0.4093730174724604,0.41630993967455776,-0.0033958891555065374,0.0035410330465908135,0.0035410330465908135,-0.0375904984505837,False,True,False,RANK_MISMATCH,False,SUPPRESS_UNVERIFIED,ABSTAIN
27,MLP_DNN,SHAP,1,2,debt_to_income,False,0.04181533887032256,0.04181533887032256,0.5350493041628654,0.5296838278230265,0.5402098602404372,-0.00536547633983897,0.00516055607757171,0.00536547633983897,-0.0570395333477775,False,False,True,VALID_RANK,False,SUPPRESS_UNVERIFIED,ABSTAIN
27,MLP_DNN,SHAP,2,4,employment_years,False,-0.026589259633250716,0.026589259633250716,0.5350493041628654,0.5371490514608772,0.5329483137828321,0.002099747298011767,-0.0021009903800333074,0.0021009903800333074,0.026902253453382943,False,False,True,VALID_RANK,False,SUPPRESS_UNVERIFIED,ABSTAIN
27,MLP_DNN,SHAP,3,6,age,False,0.012600907580857523,0.012600907580857523,0.5350493041628654,0.5348232097737813,0.5354769966718038,-0.0002260943890841638,0.00042769250893837096,0.00042769250893837096,-0.0031742272332906875,False,False,True,VALID_RANK,False,SUPPRESS_UNVERIFIED,ABSTAIN
28,MLP_DNN,SHAP,1,0,income,False,0.03727170040147885,0.03727170040147885,0.4522707294291115,0.4537501848585878,0.4507921169589458,0.0014794554294763063,-0.00147861247016573,0.0014794554294763063,0.020617961353129367,False,True,False,RANK_MISMATCH,False,SUPPRESS_UNVERIFIED,ABSTAIN
28,MLP_DNN,SHAP,2,1,credit_score,False,-0.03215910876984724,0.03215910876984724,0.4522707294291115,0.4538623179991635,0.45068011640046773,0.0015915885700519827,-0.0015906130286437725,0.0015915885700519827,0.01803360509003958,False,False,False,RANK_MISMATCH,False,SUPPRESS_UNVERIFIED,ABSTAIN
28,MLP_DNN,SHAP,3,7,housing_status_mortgage,False,-0.018759122825373155,0.018759122825373155,0.4522707294291115,0.4522707294291115,0.4539998083818069,0.0,0.0017290789526954176,0.0017290789526954176,-0.03837137714444283,False,True,False,RANK_MISMATCH,False,SUPPRESS_UNVERIFIED,ABSTAIN
29,MLP_DNN,SHAP,1,2,debt_to_income,False,-0.05758703458831865,0.05758703458831865,0.38736145564948343,0.3848521567447574,0.38998099281878656,-0.0025092989047260095,0.002619537169303132,0.002619537169303132,-0.027792657734549666,False,True,True,VALID_RANK,False,SUPPRESS_UNVERIFIED,ABSTAIN
29,MLP_DNN,SHAP,2,4,employment_years,False,-0.026973267780535225,0.026973267780535225,0.38736145564948343,0.38908346158445994,0.3856640746621822,0.0017220059349765116,-0.0016973809873012113,0.0017220059349765116,0.02189834754954466,False,False,True,VALID_RANK,False,SUPPRESS_UNVERIFIED,ABSTAIN
29,MLP_DNN,SHAP,3,1,credit_score,False,-0.01744974438154336,0.01744974438154336,0.38736145564948343,0.3894371321639308,0.3851097136778659,0.0020756765144473444,-0.002251741971617538,0.002251741971617538,0.02452357388954106,False,False,True,VALID_RANK,False,SUPPRESS_UNVERIFIED,ABSTAIN
30,MLP_DNN,SHAP,1,4,employment_years,False,-0.023110793464948542,0.023110793464948542,0.46244698745801616,0.46565594886649203,0.4589745539578259,0.0032089614084758744,-0.003472433500190275,0.003472433500190275,0.04278881306835802,False,False,False,RANK_MISMATCH,False,SUPPRESS_UNVERIFIED,ABSTAIN
30,MLP_DNN,SHAP,2,1,credit_score,False,0.021411068700930905,0.021411068700930905,0.46244698745801616,0.4674684819067114,0.4574640864910533,0.005021494448695263,-0.0049829009669628554,0.005021494448695263,0.056695124584352295,False,True,False,RANK_MISMATCH,False,SUPPRESS_UNVERIFIED,ABSTAIN
30,MLP_DNN,SHAP,3,3,loan_amount,False,0.016965016980602564,0.016965016980602564,0.46244698745801616,0.4560837153052234,0.46920059644212064,-0.006363272152792754,0.006753608984104487,0.006753608984104487,-0.06270766169388438,False,False,False,RANK_MISMATCH,False,SUPPRESS_UNVERIFIED,ABSTAIN
31,MLP_DNN,SHAP,1,6,age,False,-0.055581639473561636,0.055581639473561636,0.4214748394410643,0.4163756877220391,0.42674774038998226,-0.005099151719025197,0.005272900948917969,0.005272900948917969,-0.05035777275942855,False,True,True,VALID_RANK,False,SUPPRESS_UNVERIFIED,ABSTAIN
31,MLP_DNN,SHAP,2,2,debt_to_income,False,-0.042551872595490405,0.042551872595490405,0.4214748394410643,0.41755036732859824,0.42572745319790867,-0.003924472112466049,0.004252613756844381,0.004252613756844381,-0.04431082326505957,False,True,True,VALID_RANK,False,SUPPRESS_UNVERIFIED,ABSTAIN
31,MLP_DNN,SHAP,3,4,employment_years,False,-0.013044026796265557,0.013044026796265557,0.4214748394410643,0.42381217366584567,0.4191757514044474,0.0023373342247813844,-0.002299088036616881,0.0023373342247813844,0.0296924531719604,False,False,True,VALID_RANK,False,SUPPRESS_UNVERIFIED,ABSTAIN
32,MLP_DNN,SHAP,1,1,credit_score,False,-0.04012653562967498,0.04012653562967498,0.4636792186108204,0.46999901896543295,0.45744953435703795,0.006319800354612548,-0.006229684253782453,0.006319800354612548,0.07111819992928198,False,False,True,VALID_RANK,False,SUPPRESS_UNVERIFIED,ABSTAIN
32,MLP_DNN,SHAP,2,6,age,False,-0.02000729134825275,0.02000729134825275,0.4636792186108204,0.46314802577486214,0.46406971707621913,-0.0005311928359582607,0.00039049846539873645,0.0005311928359582607,-0.004474940746447437,False,True,True,VALID_RANK,False,SUPPRESS_UNVERIFIED,ABSTAIN
32,MLP_DNN,SHAP,3,0,income,False,-0.018360777240556396,0.018360777240556396,0.4636792186108204,0.46542825440466684,0.4619344100417607,0.001749035793846443,-0.0017448085690596749,0.001749035793846443,0.024352364615080165,False,False,True,VALID_RANK,False,SUPPRESS_UNVERIFIED,ABSTAIN
33,MLP_DNN,SHAP,1,3,loan_amount,False,-0.060401025542916355,0.060401025542916355,0.35148700449179304,0.34907508285601274,0.3538185693708753,-0.002411921635780301,0.0023315648790822596,0.002411921635780301,-0.022677109331026995,False,True,True,VALID_RANK,False,SUPPRESS_UNVERIFIED,ABSTAIN
33,MLP_DNN,SHAP,2,6,age,False,-0.052704358629109466,0.052704358629109466,0.35148700449179304,0.3449556881680825,0.3579937709372205,-0.006531316323710568,0.00650676644542747,0.006531316323710568,-0.06330172342222355,False,True,True,VALID_RANK,False,SUPPRESS_UNVERIFIED,ABSTAIN
33,MLP_DNN,SHAP,3,4,employment_years,False,-0.03542993790347852,0.03542993790347852,0.35148700449179304,0.3532533728769125,0.35034931617774784,0.0017663683851194545,-0.0011376883140452043,0.0017663683851194545,0.022607515448269423,False,False,True,VALID_RANK,False,SUPPRESS_UNVERIFIED,ABSTAIN
34,MLP_DNN,SHAP,1,2,debt_to_income,False,0.0383139743583267,0.0383139743583267,0.46505562369749365,0.4586772935524089,0.47209891077120897,-0.006378330145084765,0.007043287073715321,0.007043287073715321,-0.07273042230675313,False,False,True,VALID_RANK,False,SUPPRESS_UNVERIFIED,ABSTAIN
34,MLP_DNN,SHAP,2,7,housing_status_mortgage,False,-0.024945930204652786,0.024945930204652786,0.46505562369749365,0.46505562369749365,0.467804674149561,0.0,0.0027490504520673587,0.0027490504520673587,-0.06100638234069069,False,True,True,VALID_RANK,False,SUPPRESS_UNVERIFIED,ABSTAIN
34,MLP_DNN,SHAP,3,3,loan_amount,False,-0.022342841404921786,0.022342841404921786,0.46505562369749365,0.46275403428432405,0.4667769034015012,-0.0023015894131696024,0.001721279704007539,0.0023015894131696024,-0.019232065382456597,False,True,True,VALID_RANK,False,SUPPRESS_UNVERIFIED,ABSTAIN
35,MLP_DNN,SHAP,1,2,debt_to_income,False,0.027222365914449966,0.027222365914449966,0.5617562378778197,0.5594413082173929,0.5646040931253855,-0.00231492966042679,0.0028478552475658114,0.0028478552475658114,-0.027976623123424426,False,False,True,VALID_RANK,False,SUPPRESS_UNVERIFIED,ABSTAIN
35,MLP_DNN,SHAP,2,6,age,False,0.026924452241013048,0.026924452241013048,0.5617562378778197,0.5603794926397723,0.5637804762477822,-0.0013767452380474277,0.002024238369962461,0.002024238369962461,-0.016512253183984915,False,False,True,VALID_RANK,False,SUPPRESS_UNVERIFIED,ABSTAIN
35,MLP_DNN,SHAP,3,3,loan_amount,False,0.019603443814286563,0.019603443814286563,0.5617562378778197,0.5606334335313286,0.5631873902288881,-0.0011228043464911464,0.0014311523510683877,0.0014311523510683877,-0.012209659514325451,False,False,True,VALID_RANK,False,SUPPRESS_UNVERIFIED,ABSTAIN
36,MLP_DNN,SHAP,1,3,loan_amount,False,-0.03673735297897577,0.03673735297897577,0.525476671901619,0.5239856442583342,0.527058317995705,-0.0014910276432847924,0.0015816460940860644,0.0015816460940860644,-0.014689481684539618,False,True,False,RANK_MISMATCH,False,SUPPRESS_UNVERIFIED,ABSTAIN
36,MLP_DNN,SHAP,2,6,age,False,0.03238651136240663,0.03238651136240663,0.525476671901619,0.5231403538452701,0.5277589440137191,-0.0023363180563488184,0.002282272112100192,0.0023363180563488184,-0.02242390408318365,False,False,False,RANK_MISMATCH,False,SUPPRESS_UNVERIFIED,ABSTAIN
36,MLP_DNN,SHAP,3,2,debt_to_income,False,0.02039862128633064,0.02039862128633064,0.525476671901619,0.5212405840575045,0.5294941526506,-0.0042360878441144445,0.004017480748981006,0.0042360878441144445,-0.04472527561527741,False,False,False,RANK_MISMATCH,False,SUPPRESS_UNVERIFIED,ABSTAIN
37,MLP_DNN,SHAP,1,2,debt_to_income,False,0.07559030152398309,0.07559030152398309,0.6417879312787699,0.6346685740207614,0.6489460646126545,-0.007119357258008496,0.007158133333884598,0.007158133333884598,-0.07736831585202328,False,False,True,VALID_RANK,False,SUPPRESS_UNVERIFIED,ABSTAIN
37,MLP_DNN,SHAP,2,1,credit_score,False,0.05861765427522019,0.05861765427522019,0.6417879312787699,0.6434888810006318,0.6409281162744279,0.0017009497218619662,-0.0008598150043419572,0.0017009497218619662,0.01451190893116012,False,True,True,VALID_RANK,False,SUPPRESS_UNVERIFIED,ABSTAIN
37,MLP_DNN,SHAP,3,0,income,False,-0.022538435442412665,0.022538435442412665,0.6417879312787699,0.6439708148173061,0.6399372640060441,0.00218288353853624,-0.001850667272725759,0.00218288353853624,0.028114160176156658,False,False,True,VALID_RANK,False,SUPPRESS_UNVERIFIED,ABSTAIN
38,MLP_DNN,SHAP,1,1,credit_score,False,0.06862751817673336,0.06862751817673336,0.5686405245611452,0.5718905155195455,0.5652500266650876,0.003249990958400284,-0.0033904978960576093,0.0033904978960576093,0.03763179355298672,False,True,False,RANK_MISMATCH,False,SUPPRESS_UNVERIFIED,ABSTAIN
38,MLP_DNN,SHAP,2,3,loan_amount,False,0.040153656214585366,0.040153656214585366,0.5686405245611452,0.5649974511509989,0.5686405245611452,-0.003643073410146358,0.0,0.003643073410146358,-0.03483276436603931,False,False,False,RANK_MISMATCH,False,SUPPRESS_UNVERIFIED,ABSTAIN
38,MLP_DNN,SHAP,3,6,age,False,-0.038941672939548984,0.038941672939548984,0.5686405245611452,0.5650519969336713,0.5723040156351222,-0.0035885276274739697,0.00366349107397701,0.00366349107397701,-0.035209569552563366,False,True,False,RANK_MISMATCH,False,SUPPRESS_UNVERIFIED,ABSTAIN
39,MLP_DNN,SHAP,1,6,age,False,-0.0433908366517401,0.0433908366517401,0.37824302678756827,0.37395412105319953,0.3825546919519032,-0.004288905734368742,0.004311665164334955,0.004311665164334955,-0.041756979913616474,False,True,True,VALID_RANK,False,SUPPRESS_UNVERIFIED,ABSTAIN
39,MLP_DNN,SHAP,2,4,employment_years,False,-0.026035458819889334,0.026035458819889334,0.37824302678756827,0.3809508227578853,0.37554707511827634,0.0027077959703170063,-0.0026959516692919294,0.0027077959703170063,0.03460653812273576,False,False,True,VALID_RANK,False,SUPPRESS_UNVERIFIED,ABSTAIN
39,MLP_DNN,SHAP,3,7,housing_status_mortgage,False,-0.024172862232758247,0.024172862232758247,0.37824302678756827,0.37824302678756827,0.3798846717266348,0.0,0.0016416449390665444,0.0016416449390665444,-0.03643105885708187,False,True,True,VALID_RANK,False,SUPPRESS_UNVERIFIED,ABSTAIN
40,MLP_DNN,SHAP,1,2,debt_to_income,False,0.05159035201462975,0.05159035201462975,0.548756780682464,0.5435624580156273,0.553687742196101,-0.005194322666836726,0.004930961513636922,0.005194322666836726,-0.05486791810678474,False,False,True,VALID_RANK,False,SUPPRESS_UNVERIFIED,ABSTAIN
40,MLP_DNN,SHAP,2,6,age,False,-0.03069518828909326,0.03069518828909326,0.548756780682464,0.544595754802345,0.5528981588306138,-0.004161025880119018,0.004141378148149744,0.004161025880119018,-0.04030933787144305,False,True,True,VALID_RANK,False,SUPPRESS_UNVERIFIED,ABSTAIN
40,MLP_DNN,SHAP,3,4,employment_years,False,0.024765790395982167,0.024765790395982167,0.548756780682464,0.5503258991494394,0.5471768802434496,0.0015691184669753833,-0.0015799004390144589,0.0015799004390144589,0.02016686382994,False,True,True,VALID_RANK,False,SUPPRESS_UNVERIFIED,ABSTAIN
41,MLP_DNN,SHAP,1,3,loan_amount,False,-0.039487082697023605,0.039487082697023605,0.4524803959818362,0.44808846086520493,0.4571472350389739,-0.004391935116631274,0.004666839057137717,0.004666839057137717,-0.043307135310701905,False,True,True,VALID_RANK,False,SUPPRESS_UNVERIFIED,ABSTAIN
41,MLP_DNN,SHAP,2,1,credit_score,False,-0.03024496308198962,0.03024496308198962,0.4524803959818362,0.45548223262011445,0.4490462625235887,0.0030018366382782435,-0.0034341334582475014,0.0034341334582475014,0.03647278134094918,False,False,True,VALID_RANK,False,SUPPRESS_UNVERIFIED,ABSTAIN
41,MLP_DNN,SHAP,3,4,employment_years,False,-0.02949391068989368,0.02949391068989368,0.4524803959818362,0.45464832255088733,0.45103691462078765,0.0021679265690511262,-0.0014434813610485486,0.0021679265690511262,0.028114106929529294,False,False,True,VALID_RANK,False,SUPPRESS_UNVERIFIED,ABSTAIN
42,MLP_DNN,SHAP,1,2,debt_to_income,False,0.07379761866866565,0.07379761866866565,0.46111353361840246,0.45667767320263514,0.46111353361840246,-0.004435860415767323,0.0,0.004435860415767323,-0.048074981736278395,False,False,True,VALID_RANK,False,SUPPRESS_UNVERIFIED,ABSTAIN
42,MLP_DNN,SHAP,2,4,employment_years,False,-0.048539904112965014,0.048539904112965014,0.46111353361840246,0.46722136644080636,0.46111353361840246,0.0061078328224039025,0.0,0.0061078328224039025,0.07823124376367585,False,False,True,VALID_RANK,False,SUPPRESS_UNVERIFIED,ABSTAIN
42,MLP_DNN,SHAP,3,7,housing_status_mortgage,False,-0.02300977454787182,0.02300977454787182,0.46111353361840246,0.46111353361840246,0.46258061586474225,0.0,0.0014670822463397903,0.0014670822463397903,-0.032557198205706704,False,True,True,VALID_RANK,False,SUPPRESS_UNVERIFIED,ABSTAIN
43,MLP_DNN,SHAP,1,3,loan_amount,False,0.023791080147941474,0.023791080147941474,0.5414912761392096,0.5374673863232678,0.5459654889446275,-0.004023889815941706,0.004474212805417932,0.004474212805417932,-0.04062674188005847,False,False,True,VALID_RANK,False,SUPPRESS_UNVERIFIED,ABSTAIN
43,MLP_DNN,SHAP,2,6,age,False,0.013611885349352312,0.013611885349352312,0.5414912761392096,0.5375745188306846,0.5456436987158326,-0.003916757308524921,0.004152422576623072,0.004152422576623072,-0.03917700189347529,False,False,True,VALID_RANK,False,SUPPRESS_UNVERIFIED,ABSTAIN
43,MLP_DNN,SHAP,3,1,credit_score,False,-0.013476797456353651,0.013476797456353651,0.5414912761392096,0.5454571082023364,0.5373601575388688,0.0039658320631268396,-0.004131118600340766,0.004131118600340766,0.04588559403601419,False,False,True,VALID_RANK,False,SUPPRESS_UNVERIFIED,ABSTAIN
44,MLP_DNN,SHAP,1,3,loan_amount,False,-0.10153672643858197,0.10153672643858197,0.4498749905472261,0.4498749905472261,0.45288885190785216,0.0,0.003013861360626091,0.003013861360626091,-0.028816636610784555,False,True,False,RANK_MISMATCH,False,SUPPRESS_UNVERIFIED,ABSTAIN
44,MLP_DNN,SHAP,2,2,debt_to_income,False,0.03202469921379081,0.03202469921379081,0.4498749905472261,0.44559968621305096,0.4540267050823472,-0.004275304334175112,0.004151714535121143,0.004275304334175112,-0.04566518558526502,False,False,False,RANK_MISMATCH,False,SUPPRESS_UNVERIFIED,ABSTAIN
44,MLP_DNN,SHAP,3,6,age,False,0.013084693470298713,0.013084693470298713,0.4498749905472261,0.4443057612397786,0.4548898681414467,-0.005569229307447465,0.005014877594220646,0.005569229307447465,-0.0513873258533499,False,False,False,RANK_MISMATCH,False,SUPPRESS_UNVERIFIED,ABSTAIN
45,MLP_DNN,SHAP,1,2,debt_to_income,False,-0.03975093770595018,0.03975093770595018,0.40430921593438407,0.403586851372382,0.40504620829141313,-0.0007223645620020869,0.0007369923570290648,0.0007369923570290648,-0.007908111465788535,False,True,False,RANK_MISMATCH,False,SUPPRESS_UNVERIFIED,ABSTAIN
45,MLP_DNN,SHAP,2,7,housing_status_mortgage,False,-0.01899339231350556,0.01899339231350556,0.40430921593438407,0.40430921593438407,0.405374904485722,0.0,0.0010656885513379288,0.0010656885513379288,-0.023649548945209924,False,True,False,RANK_MISMATCH,False,SUPPRESS_UNVERIFIED,ABSTAIN
45,MLP_DNN,SHAP,3,0,income,False,-0.017777295687047195,0.017777295687047195,0.40430921593438407,0.40754904250639096,0.40075176144000946,0.0032398265720068875,-0.0035574544943746123,0.0035574544943746123,0.04737757316185048,False,False,False,RANK_MISMATCH,False,SUPPRESS_UNVERIFIED,ABSTAIN
46,MLP_DNN,SHAP,1,2,debt_to_income,False,0.0871776948696201,0.0871776948696201,0.6187168347062394,0.6105684522500547,0.6268955115044851,-0.008148382456184655,0.008178676798245688,0.008178676798245688,-0.0884747266476031,False,False,True,VALID_RANK,False,SUPPRESS_UNVERIFIED,ABSTAIN
46,MLP_DNN,SHAP,2,1,credit_score,False,0.08186000784624799,0.08186000784624799,0.6187168347062394,0.6187168347062394,0.6141237035726229,0.0,-0.004593131133616479,0.004593131133616479,0.052058746387629425,False,True,True,VALID_RANK,False,SUPPRESS_UNVERIFIED,ABSTAIN
46,MLP_DNN,SHAP,3,6,age,False,-0.027021845636553094,0.027021845636553094,0.6187168347062394,0.6155391160334572,0.6216748956506839,-0.0031777186727821594,0.002958060944444507,0.0031777186727821594,-0.029790071990398778,False,True,True,VALID_RANK,False,SUPPRESS_UNVERIFIED,ABSTAIN
47,MLP_DNN,SHAP,1,3,loan_amount,False,0.022312650144522255,0.022312650144522255,0.5382889658564888,0.537240272127429,0.5400705332263208,-0.001048693729059802,0.0017815673698320378,0.0017815673698320378,-0.01353058350093833,False,False,False,RANK_MISMATCH,False,SUPPRESS_UNVERIFIED,ABSTAIN
47,MLP_DNN,SHAP,2,1,credit_score,False,0.010142252000457964,0.010142252000457964,0.5382889658564888,0.5407127259290062,0.5356229572132494,0.0024237600725174335,-0.0026660086432394037,0.0026660086432394037,0.028843829082738245,False,True,False,RANK_MISMATCH,False,SUPPRESS_UNVERIFIED,ABSTAIN
47,MLP_DNN,SHAP,3,4,employment_years,False,-0.006662207891039355,0.006662207891039355,0.5382889658564888,0.5407782014236898,0.5359691286387701,0.0024892355672010424,-0.0023198372177186677,0.0024892355672010424,0.03079813710145411,False,False,False,RANK_MISMATCH,False,SUPPRESS_UNVERIFIED,ABSTAIN
48,MLP_DNN,SHAP,1,4,employment_years,False,0.058246851450395654,0.058246851450395654,0.43745402029863945,0.43745402029863945,0.43514185308379094,0.0,-0.002312167214848504,0.002312167214848504,0.029615040598966677,False,True,True,VALID_RANK,False,SUPPRESS_UNVERIFIED,ABSTAIN
48,MLP_DNN,SHAP,2,2,debt_to_income,False,-0.04613792208955915,0.04613792208955915,0.43745402029863945,0.42991546734913083,0.4451791741383314,-0.0075385529495086145,0.007725153839691967,0.007725153839691967,-0.08271252432903618,False,True,True,VALID_RANK,False,SUPPRESS_UNVERIFIED,ABSTAIN
48,MLP_DNN,SHAP,3,3,loan_amount,False,-0.04332655641075723,0.04332655641075723,0.43745402029863945,0.4366511070439083,0.4385664586299172,-0.0008029132547311413,0.0011124383312777764,0.0011124383312777764,-0.009156690376833225,False,True,True,VALID_RANK,False,SUPPRESS_UNVERIFIED,ABSTAIN
49,MLP_DNN,SHAP,1,1,credit_score,False,-0.04519455649189325,0.04519455649189325,0.48416173123555234,0.4875519749869255,0.48416173123555234,0.0033902437513731454,0.0,0.0033902437513731454,0.03842516891217423,False,False,False,RANK_MISMATCH,False,SUPPRESS_UNVERIFIED,ABSTAIN
49,MLP_DNN,SHAP,2,3,loan_amount,False,-0.039516878018201036,0.039516878018201036,0.48416173123555234,0.48174750399246935,0.48662346879624363,-0.002414227243082989,0.0024617375606912906,0.0024617375606912906,-0.02331044614609444,False,True,False,RANK_MISMATCH,False,SUPPRESS_UNVERIFIED,ABSTAIN
49,MLP_DNN,SHAP,3,2,debt_to_income,False,0.02373333874756092,0.02373333874756092,0.48416173123555234,0.4782116062996996,0.49021793435772915,-0.00595012493585273,0.0060562031221768065,0.0060562031221768065,-0.06506110968436449,False,False,False,RANK_MISMATCH,False,SUPPRESS_UNVERIFIED,ABSTAIN
0,RandomForest,SHAP,1,2,debt_to_income,False,0.14417158684506723,0.14417158684506723,0.7451630036630037,0.7421074481074481,0.7591630036630036,-0.003055555555555589,0.013999999999999901,0.013999999999999901,-0.09242237638056709,False,False,False,RANK_MISMATCH,False,SUPPRESS_UNVERIFIED,ABSTAIN
0,RandomForest,SHAP,2,1,credit_score,False,0.07323704824094075,0.07323704824094075,0.7451630036630037,0.796496336996337,0.7028296703296703,0.05133333333333334,-0.042333333333333445,0.05133333333333334,0.5308110200998424,True,True,False,RANK_MISMATCH,False,SUPPRESS_UNVERIFIED,ABSTAIN
0,RandomForest,SHAP,3,0,income,False,0.06281713449823638,0.06281713449823638,0.7451630036630037,0.7943296703296703,0.7307185592185592,0.04916666666666658,-0.014444444444444482,0.04916666666666658,0.44337434941139076,True,True,False,RANK_MISMATCH,False,SUPPRESS_UNVERIFIED,ABSTAIN
1,RandomForest,SHAP,1,2,debt_to_income,False,0.25243192572878226,0.25243192572878226,0.46216137566137566,0.46216137566137566,0.46216137566137566,0.0,0.0,0.0,0.0,False,False,False,N/A_ZERO_VARIANCE,False,SUPPRESS_UNVERIFIED,ABSTAIN
1,RandomForest,SHAP,2,0,income,False,-0.1229688211967225,0.1229688211967225,0.46216137566137566,0.46216137566137566,0.46216137566137566,0.0,0.0,0.0,0.0,False,False,False,N/A_ZERO_VARIANCE,False,SUPPRESS_UNVERIFIED,ABSTAIN
1,RandomForest,SHAP,3,3,loan_amount,False,-0.04477851151535487,0.04477851151535487,0.46216137566137566,0.46216137566137566,0.46216137566137566,0.0,0.0,0.0,0.0,False,False,False,N/A_ZERO_VARIANCE,False,SUPPRESS_UNVERIFIED,ABSTAIN
2,RandomForest,SHAP,1,0,income,False,-0.14448234356502512,0.14448234356502512,0.40759470050646535,0.40759470050646535,0.40759470050646535,0.0,0.0,0.0,0.0,False,False,False,RANK_MISMATCH,False,SUPPRESS_UNVERIFIED,ABSTAIN
2,RandomForest,SHAP,2,2,debt_to_income,False,0.12237536478627337,0.12237536478627337,0.40759470050646535,0.406261367173132,0.4178071188071189,-0.001333333333333353,0.010212418300653558,0.010212418300653558,-0.06256529138772637,False,False,False,RANK_MISMATCH,False,SUPPRESS_UNVERIFIED,ABSTAIN
2,RandomForest,SHAP,3,3,loan_amount,False,0.04515973367344244,0.04515973367344244,0.40759470050646535,0.40870581161757646,0.4024835893953543,0.0011111111111111183,-0.005111111111111066,0.005111111111111066,0.029746477232130714,False,True,False,RANK_MISMATCH,False,SUPPRESS_UNVERIFIED,ABSTAIN
3,RandomForest,SHAP,1,0,income,False,0.19535933632419014,0.19535933632419014,0.802451603951604,0.802451603951604,0.7957849372849374,0.0,-0.006666666666666599,0.006666666666666599,0.04646718072433746,False,True,False,RANK_MISMATCH,False,SUPPRESS_UNVERIFIED,ABSTAIN
3,RandomForest,SHAP,2,2,debt_to_income,False,0.1241979822600813,0.1241979822600813,0.802451603951604,0.766515096015096,0.7971182706182708,-0.03593650793650793,-0.00533333333333319,0.03593650793650793,-0.165835590192401,True,False,False,RANK_MISMATCH,False,SUPPRESS_UNVERIFIED,ABSTAIN
3,RandomForest,SHAP,3,3,loan_amount,False,0.047713808090619994,0.047713808090619994,0.802451603951604,0.7884516039516041,0.8044516039516041,-0.013999999999999901,0.002000000000000113,0.013999999999999901,-0.07649094145405086,False,False,False,RANK_MISMATCH,False,SUPPRESS_UNVERIFIED,ABSTAIN
4,RandomForest,SHAP,1,2,debt_to_income,False,0.2115786193139271,0.2115786193139271,0.8656825396825396,0.8656825396825396,0.8656825396825396,0.0,0.0,0.0,0.0,False,False,False,RANK_MISMATCH,False,SUPPRESS_UNVERIFIED,ABSTAIN
4,RandomForest,SHAP,2,6,age,False,0.06301006002563275,0.06301006002563275,0.8656825396825396,0.8656825396825396,0.8656825396825396,0.0,0.0,0.0,0.0,False,False,False,RANK_MISMATCH,False,SUPPRESS_UNVERIFIED,ABSTAIN
4,RandomForest,SHAP,3,3,loan_amount,False,0.04564500784946309,0.04564500784946309,0.8656825396825396,0.8656825396825396,0.8723492063492063,0.0,0.00666666666666671,0.00666666666666671,-0.0318712256058547,False,False,False,RANK_MISMATCH,False,SUPPRESS_UNVERIFIED,ABSTAIN
5,RandomForest,SHAP,1,2,debt_to_income,False,0.17601022241936504,0.17601022241936504,0.9333333333333336,0.928888888888889,0.9344444444444445,-0.004444444444444584,0.0011111111111109517,0.004444444444444584,-0.030105008593018567,False,False,True,VALID_RANK,False,SUPPRESS_UNVERIFIED,ABSTAIN
5,RandomForest,SHAP,2,0,income,False,0.1316063217206094,0.1316063217206094,0.9333333333333336,0.9333333333333336,0.9333333333333336,0.0,0.0,0.0,0.0,False,False,True,VALID_RANK,False,SUPPRESS_UNVERIFIED,ABSTAIN
5,RandomForest,SHAP,3,1,credit_score,False,0.10182268605508088,0.10182268605508088,0.9333333333333336,0.9333333333333336,0.9333333333333336,0.0,0.0,0.0,0.0,False,False,True,VALID_RANK,False,SUPPRESS_UNVERIFIED,ABSTAIN
6,RandomForest,SHAP,1,2,debt_to_income,False,-0.2043809329234235,0.2043809329234235,0.19721717171717168,0.19721717171717168,0.2212171717171717,0.0,0.02400000000000002,0.02400000000000002,-0.1300536371218408,True,True,True,VALID_RANK,True,DISPLAY_TRUSTED,PARTIALLY_VERIFIED
6,RandomForest,SHAP,2,0,income,False,-0.09671346631234717,0.09671346631234717,0.19721717171717168,0.21999494949494947,0.20277272727272724,0.022777777777777786,0.005555555555555564,0.022777777777777786,0.12004021687120624,True,False,True,VALID_RANK,False,SUPPRESS_UNVERIFIED,PARTIALLY_VERIFIED
6,RandomForest,SHAP,3,1,credit_score,False,0.09228812306918101,0.09228812306918101,0.19721717171717168,0.19721717171717168,0.19499494949494947,0.0,-0.0022222222222222088,0.0022222222222222088,0.012593381259782644,False,True,True,VALID_RANK,False,SUPPRESS_UNVERIFIED,PARTIALLY_VERIFIED
7,RandomForest,SHAP,1,0,income,False,0.17613313176086365,0.17613313176086365,0.40511507936507946,0.40511507936507946,0.40511507936507946,0.0,0.0,0.0,0.0,False,False,False,RANK_MISMATCH,False,SUPPRESS_UNVERIFIED,ABSTAIN
7,RandomForest,SHAP,2,2,debt_to_income,False,-0.1581465127302485,0.1581465127302485,0.40511507936507946,0.39044841269841274,0.40511507936507946,-0.014666666666666717,0.0,0.014666666666666717,-0.07947722268556957,False,True,False,RANK_MISMATCH,False,SUPPRESS_UNVERIFIED,ABSTAIN
7,RandomForest,SHAP,3,1,credit_score,False,-0.14663975362134576,0.14663975362134576,0.40511507936507946,0.40511507936507946,0.40511507936507946,0.0,0.0,0.0,0.0,False,False,False,RANK_MISMATCH,False,SUPPRESS_UNVERIFIED,ABSTAIN
8,RandomForest,SHAP,1,2,debt_to_income,False,-0.1487029275994945,0.1487029275994945,0.320100169982523,0.3089890588714118,0.3356557255380785,-0.011111111111111183,0.01555555555555549,0.01555555555555549,-0.14450404124648966,False,True,True,VALID_RANK,False,SUPPRESS_UNVERIFIED,ABSTAIN
8,RandomForest,SHAP,2,1,credit_score,False,-0.09316052237180074,0.09316052237180074,0.320100169982523,0.33343350331585625,0.3056557255380785,0.013333333333333253,-0.014444444444444482,0.014444444444444482,0.15741726574728374,False,False,True,VALID_RANK,False,SUPPRESS_UNVERIFIED,ABSTAIN
8,RandomForest,SHAP,3,0,income,False,0.057684419197661374,0.057684419197661374,0.320100169982523,0.3234335033158563,0.30976683664918964,0.0033333333333332993,-0.010333333333333361,0.010333333333333361,0.09525772048489271,False,True,True,VALID_RANK,False,SUPPRESS_UNVERIFIED,ABSTAIN
9,RandomForest,SHAP,1,0,income,False,-0.13116852811724342,0.13116852811724342,0.35349206349206347,0.35349206349206347,0.35349206349206347,0.0,0.0,0.0,0.0,False,False,False,RANK_MISMATCH,False,SUPPRESS_UNVERIFIED,ABSTAIN
9,RandomForest,SHAP,2,1,credit_score,False,-0.1304383716416003,0.1304383716416003,0.35349206349206347,0.35460317460317453,0.3168253968253968,0.0011111111111110628,-0.03666666666666668,0.03666666666666668,0.21408748141630604,True,False,False,RANK_MISMATCH,False,SUPPRESS_UNVERIFIED,ABSTAIN
9,RandomForest,SHAP,3,2,debt_to_income,False,0.1069049561051982,0.1069049561051982,0.35349206349206347,0.3391129785247432,0.3646031746031745,-0.014379084967320266,0.011111111111111016,0.014379084967320266,-0.138128862956203,False,False,False,RANK_MISMATCH,False,SUPPRESS_UNVERIFIED,ABSTAIN
10,RandomForest,SHAP,1,1,credit_score,False,-0.09334668609662496,0.09334668609662496,0.2794990184107832,0.2861656850774498,0.27727679618856094,0.006666666666666654,-0.0022222222222222365,0.006666666666666654,0.05037352503913089,False,False,False,RANK_MISMATCH,False,SUPPRESS_UNVERIFIED,ABSTAIN
10,RandomForest,SHAP,2,0,income,False,-0.08854333236955535,0.08854333236955535,0.2794990184107832,0.3351656850774498,0.24983235174411642,0.05566666666666664,-0.029666666666666758,0.05566666666666664,0.594779913271526,True,False,False,RANK_MISMATCH,False,SUPPRESS_UNVERIFIED,ABSTAIN
10,RandomForest,SHAP,3,6,age,False,0.06829386578910186,0.06829386578910186,0.2794990184107832,0.27283235174411646,0.28616568507744977,-0.00666666666666671,0.006666666666666599,0.00666666666666671,-0.06473520638792357,False,False,False,RANK_MISMATCH,False,SUPPRESS_UNVERIFIED,ABSTAIN
11,RandomForest,SHAP,1,2,debt_to_income,False,0.16057714349318594,0.16057714349318594,0.615002886002886,0.6111793565911213,0.6183362193362193,-0.00382352941176467,0.0033333333333332993,0.00382352941176467,-0.03878233459924137,False,False,False,RANK_MISMATCH,False,SUPPRESS_UNVERIFIED,ABSTAIN
11,RandomForest,SHAP,2,0,income,False,-0.11516547064640896,0.11516547064640896,0.615002886002886,0.615002886002886,0.615002886002886,0.0,0.0,0.0,0.0,False,False,False,RANK_MISMATCH,False,SUPPRESS_UNVERIFIED,ABSTAIN
11,RandomForest,SHAP,3,1,credit_score,False,0.0680381068526242,0.0680381068526242,0.615002886002886,0.6598917748917748,0.5683362193362194,0.044888888888888756,-0.046666666666666634,0.046666666666666634,0.5188473079030472,True,True,False,RANK_MISMATCH,False,SUPPRESS_UNVERIFIED,ABSTAIN
12,RandomForest,SHAP,1,2,debt_to_income,False,-0.20945052028231914,0.20945052028231914,0.22545238095238096,0.22545238095238096,0.22545238095238096,0.0,0.0,0.0,0.0,False,False,False,RANK_MISMATCH,False,SUPPRESS_UNVERIFIED,ABSTAIN
12,RandomForest,SHAP,2,0,income,False,-0.10737461497279584,0.10737461497279584,0.22545238095238096,0.23211904761904767,0.23934126984126985,0.00666666666666671,0.013888888888888895,0.013888888888888895,-0.050339445784699136,False,True,False,RANK_MISMATCH,False,SUPPRESS_UNVERIFIED,ABSTAIN
12,RandomForest,SHAP,3,1,credit_score,False,0.07495566384790375,0.07495566384790375,0.22545238095238096,0.23211904761904767,0.21350793650793654,0.00666666666666671,-0.011944444444444424,0.011944444444444424,0.1054695680506804,False,True,False,RANK_MISMATCH,False,SUPPRESS_UNVERIFIED,ABSTAIN
13,RandomForest,SHAP,1,0,income,False,0.19229373513793405,0.19229373513793405,0.7375704110704111,0.743496336996337,0.7242370777370778,0.00592592592592589,-0.013333333333333308,0.013333333333333308,0.1342385220925313,False,True,True,VALID_RANK,False,SUPPRESS_UNVERIFIED,ABSTAIN
13,RandomForest,SHAP,2,2,debt_to_income,False,0.15541228327682086,0.15541228327682086,0.7375704110704111,0.7333481888481889,0.7628878713878713,-0.004222222222222238,0.025317460317460183,0.025317460317460183,-0.16007263140459294,True,False,True,VALID_RANK,False,SUPPRESS_UNVERIFIED,ABSTAIN
13,RandomForest,SHAP,3,1,credit_score,False,-0.061948621750440906,0.061948621750440906,0.7375704110704111,0.7442370777370777,0.7309037444037444,0.006666666666666599,-0.00666666666666671,0.00666666666666671,0.07556028755869622,False,False,True,VALID_RANK,False,SUPPRESS_UNVERIFIED,ABSTAIN
14,RandomForest,SHAP,1,2,debt_to_income,False,0.1547002730444064,0.1547002730444064,0.3559708994708995,0.35630423280423285,0.36402645502645503,0.00033333333333335213,0.008055555555555538,0.008055555555555538,-0.04184596194429581,False,False,False,RANK_MISMATCH,False,SUPPRESS_UNVERIFIED,ABSTAIN
14,RandomForest,SHAP,2,0,income,False,-0.1229420017127535,0.1229420017127535,0.3559708994708995,0.35569312169312167,0.3526375661375662,-0.0002777777777778212,-0.0033333333333332993,0.0033333333333332993,0.02129745783198768,False,False,False,RANK_MISMATCH,False,SUPPRESS_UNVERIFIED,ABSTAIN
14,RandomForest,SHAP,3,1,credit_score,False,-0.07067632930546437,0.07067632930546437,0.3559708994708995,0.36263756613756615,0.33930423280423283,0.006666666666666654,-0.016666666666666663,0.016666666666666663,0.1322305032277185,False,False,False,RANK_MISMATCH,False,SUPPRESS_UNVERIFIED,ABSTAIN
15,RandomForest,SHAP,1,0,income,False,-0.12734928485744865,0.12734928485744865,0.16544291819291818,0.18322069597069596,0.16544291819291818,0.01777777777777778,0.0,0.01777777777777778,0.12391248193156784,False,False,False,RANK_MISMATCH,False,SUPPRESS_UNVERIFIED,ABSTAIN
15,RandomForest,SHAP,2,1,credit_score,False,-0.11064876876559125,0.11064876876559125,0.16544291819291818,0.1575262515262515,0.17010958485958486,-0.007916666666666683,0.00466666666666668,0.007916666666666683,-0.07131002138351981,False,True,False,RANK_MISMATCH,False,SUPPRESS_UNVERIFIED,ABSTAIN
15,RandomForest,SHAP,3,4,employment_years,False,-0.053078238030643606,0.053078238030643606,0.16544291819291818,0.1637762515262515,0.22904609279609275,-0.0016666666666666774,0.06360317460317458,0.06360317460317458,-0.41799939612523007,True,True,False,RANK_MISMATCH,False,SUPPRESS_UNVERIFIED,ABSTAIN
16,RandomForest,SHAP,1,0,income,False,0.16631617481819502,0.16631617481819502,0.7285598290598291,0.7241153846153847,0.7285598290598291,-0.004444444444444362,0.0,0.004444444444444362,-0.03097812048289137,False,False,True,VALID_RANK,False,SUPPRESS_UNVERIFIED,ABSTAIN
16,RandomForest,SHAP,2,2,debt_to_income,False,0.13122574386020788,0.13122574386020788,0.7285598290598291,0.6971153846153847,0.7285598290598291,-0.031444444444444386,0.0,0.031444444444444386,-0.1703943486364856,True,False,True,VALID_RANK,False,SUPPRESS_UNVERIFIED,ABSTAIN
16,RandomForest,SHAP,3,5,existing_debts,False,-0.054387995595243786,0.054387995595243786,0.7285598290598291,0.7285598290598291,0.7285598290598291,0.0,0.0,0.0,0.0,False,False,True,VALID_RANK,False,SUPPRESS_UNVERIFIED,ABSTAIN
17,RandomForest,SHAP,1,2,debt_to_income,False,-0.1465616630803352,0.1465616630803352,0.18321031746031746,0.18143253968253967,0.18321031746031746,-0.0017777777777777948,0.0,0.0017777777777777948,-0.009633602749766068,False,True,False,RANK_MISMATCH,False,SUPPRESS_UNVERIFIED,ABSTAIN
17,RandomForest,SHAP,2,1,credit_score,False,-0.09637034989011899,0.09637034989011899,0.18321031746031746,0.18654365079365082,0.18321031746031746,0.003333333333333355,0.0,0.003333333333333355,0.0188900718896742,False,False,False,RANK_MISMATCH,False,SUPPRESS_UNVERIFIED,ABSTAIN
17,RandomForest,SHAP,3,0,income,False,-0.0839905774553435,0.0839905774553435,0.18321031746031746,0.18987698412698412,0.18321031746031746,0.006666666666666654,0.0,0.006666666666666654,0.04646718072433781,False,False,False,RANK_MISMATCH,False,SUPPRESS_UNVERIFIED,ABSTAIN
18,RandomForest,SHAP,1,1,credit_score,False,-0.13530782475603872,0.13530782475603872,0.30483333333333335,0.3209074074074074,0.3021666666666667,0.016074074074074074,-0.0026666666666666505,0.016074074074074074,0.10620418195750084,False,False,False,RANK_MISMATCH,False,SUPPRESS_UNVERIFIED,ABSTAIN
18,RandomForest,SHAP,2,0,income,False,-0.1332567785754853,0.1332567785754853,0.30483333333333335,0.2981666666666667,0.3081666666666667,-0.006666666666666654,0.003333333333333355,0.006666666666666654,-0.06970077108650691,False,True,False,RANK_MISMATCH,False,SUPPRESS_UNVERIFIED,ABSTAIN
18,RandomForest,SHAP,3,2,debt_to_income,False,0.08842798855693167,0.08842798855693167,0.30483333333333335,0.289534188034188,0.34927777777777785,-0.015299145299145334,0.04444444444444451,0.04444444444444451,-0.3237446308695402,True,False,False,RANK_MISMATCH,False,SUPPRESS_UNVERIFIED,ABSTAIN
19,RandomForest,SHAP,1,2,debt_to_income,False,-0.18611734432859567,0.18611734432859567,0.4485738705738706,0.4467619047619048,0.4485738705738706,-0.0018119658119657989,0.0,0.0018119658119657989,-0.009818864341107559,False,True,False,RANK_MISMATCH,False,SUPPRESS_UNVERIFIED,ABSTAIN
19,RandomForest,SHAP,2,1,credit_score,False,0.10489941883189022,0.10489941883189022,0.4485738705738706,0.4485738705738706,0.42190720390720393,0.0,-0.026666666666666672,0.026666666666666672,0.15112057511739266,True,True,False,RANK_MISMATCH,False,SUPPRESS_UNVERIFIED,ABSTAIN
19,RandomForest,SHAP,3,0,income,False,0.09903654933836094,0.09903654933836094,0.4485738705738706,0.4844627594627595,0.4412405372405373,0.035888888888888915,-0.007333333333333303,0.035888888888888915,0.30126222169612416,True,True,False,RANK_MISMATCH,False,SUPPRESS_UNVERIFIED,ABSTAIN
20,RandomForest,SHAP,1,0,income,False,0.17433300632725648,0.17433300632725648,0.8719725274725275,0.8719725274725275,0.8719725274725275,0.0,0.0,0.0,0.0,False,False,False,RANK_MISMATCH,False,SUPPRESS_UNVERIFIED,ABSTAIN
20,RandomForest,SHAP,2,2,debt_to_income,False,0.08431585117817297,0.08431585117817297,0.8719725274725275,0.8564169719169722,0.8753058608058609,-0.015555555555555323,0.0033333333333334103,0.015555555555555323,-0.10235702921626275,False,False,False,RANK_MISMATCH,False,SUPPRESS_UNVERIFIED,ABSTAIN
20,RandomForest,SHAP,3,1,credit_score,False,0.05834812334749557,0.05834812334749557,0.8719725274725275,0.8850201465201466,0.8427503052503054,0.013047619047619086,-0.02922222222222215,0.02922222222222215,0.23954410210572408,True,True,False,RANK_MISMATCH,False,SUPPRESS_UNVERIFIED,ABSTAIN
21,RandomForest,SHAP,1,1,credit_score,False,-0.13693717532841398,0.13693717532841398,0.39657690348866825,0.39257690348866825,0.39768801459977937,-0.0040000000000000036,0.0011111111111111183,0.0040000000000000036,-0.028964776897500315,False,True,False,RANK_MISMATCH,False,SUPPRESS_UNVERIFIED,ABSTAIN
21,RandomForest,SHAP,2,0,income,False,-0.12482344533622995,0.12482344533622995,0.39657690348866825,0.40074357015533496,0.39657690348866825,0.004166666666666707,0.0,0.004166666666666707,0.0290419879527115,False,False,False,RANK_MISMATCH,False,SUPPRESS_UNVERIFIED,ABSTAIN
21,RandomForest,SHAP,3,4,employment_years,False,0.11390500130520394,0.11390500130520394,0.39657690348866825,0.4083229352347,0.3695398664516313,0.011746031746031727,-0.02703703703703697,0.02703703703703697,0.24837350629036398,True,True,False,RANK_MISMATCH,False,SUPPRESS_UNVERIFIED,ABSTAIN
22,RandomForest,SHAP,1,0,income,False,0.15225266955445485,0.15225266955445485,0.6206601546601547,0.6295490435490436,0.6239934879934881,0.008888888888888946,0.0033333333333334103,0.008888888888888946,0.03872265060361478,False,True,False,RANK_MISMATCH,False,SUPPRESS_UNVERIFIED,ABSTAIN
22,RandomForest,SHAP,2,2,debt_to_income,False,0.0917115156598325,0.0917115156598325,0.6206601546601547,0.5951045991045991,0.640104599104599,-0.025555555555555554,0.019444444444444375,0.025555555555555554,-0.24385056960345097,True,False,False,RANK_MISMATCH,False,SUPPRESS_UNVERIFIED,ABSTAIN
22,RandomForest,SHAP,3,4,employment_years,False,-0.03732135921738005,0.03732135921738005,0.6206601546601547,0.5668188848188848,0.6441045991045992,-0.05384126984126991,0.02344444444444449,0.05384126984126991,-0.494951133203733,True,True,False,RANK_MISMATCH,False,SUPPRESS_UNVERIFIED,ABSTAIN
23,RandomForest,SHAP,1,0,income,False,0.16644263902190437,0.16644263902190437,0.4653622303622304,0.4675844525844526,0.4653622303622304,0.002222222222222181,0.0,0.002222222222222181,0.01548906024144569,False,True,False,RANK_MISMATCH,False,SUPPRESS_UNVERIFIED,ABSTAIN
23,RandomForest,SHAP,2,1,credit_score,False,-0.12468415615576474,0.12468415615576474,0.4653622303622304,0.4753622303622304,0.46768365893365893,0.010000000000000009,0.00232142857142853,0.010000000000000009,0.04351462988871379,False,False,False,RANK_MISMATCH,False,SUPPRESS_UNVERIFIED,ABSTAIN
23,RandomForest,SHAP,3,2,debt_to_income,False,-0.04792458037449539,0.04792458037449539,0.4653622303622304,0.45980667480667475,0.49308872608872617,-0.005555555555555647,0.02772649572649577,0.02772649572649577,-0.18035215917110042,True,True,False,RANK_MISMATCH,False,SUPPRESS_UNVERIFIED,ABSTAIN
24,RandomForest,SHAP,1,0,income,False,0.14639692697890164,0.14639692697890164,0.6964389499389498,0.7383833943833944,0.6508833943833945,0.04194444444444456,-0.04555555555555535,0.04555555555555535,0.6098817470069348,True,True,True,VALID_RANK,True,DISPLAY_TRUSTED,PARTIALLY_VERIFIED
24,RandomForest,SHAP,2,1,credit_score,False,0.12277489396624235,0.12277489396624235,0.6964389499389498,0.6886611721611722,0.6964389499389498,-0.007777777777777661,0.0,0.007777777777777661,-0.04407683440923886,False,False,True,VALID_RANK,False,SUPPRESS_UNVERIFIED,PARTIALLY_VERIFIED
24,RandomForest,SHAP,3,4,employment_years,False,-0.0434580989624574,0.0434580989624574,0.6964389499389498,0.7091056166056166,0.6831056166056165,0.012666666666666715,-0.013333333333333308,0.013333333333333308,0.16650851431253108,False,False,True,VALID_RANK,False,SUPPRESS_UNVERIFIED,PARTIALLY_VERIFIED
25,RandomForest,SHAP,1,1,credit_score,False,-0.14791385074651578,0.14791385074651578,0.23815608465608462,0.23815608465608462,0.2324417989417989,0.0,-0.005714285714285727,0.005714285714285727,0.0323829803822985,False,False,True,VALID_RANK,False,SUPPRESS_UNVERIFIED,PARTIALLY_VERIFIED
25,RandomForest,SHAP,2,2,debt_to_income,False,-0.1227552614423524,0.1227552614423524,0.23815608465608462,0.23637830687830685,0.3169920634920634,-0.001777777777777767,0.07883597883597876,0.07883597883597876,-0.4368380104030785,True,True,True,VALID_RANK,True,DISPLAY_TRUSTED,PARTIALLY_VERIFIED
25,RandomForest,SHAP,3,0,income,False,0.08709849387001928,0.08709849387001928,0.23815608465608462,0.24339417989417986,0.23815608465608462,0.005238095238095236,0.0,0.005238095238095236,0.036509927711979806,False,True,True,VALID_RANK,False,SUPPRESS_UNVERIFIED,PARTIALLY_VERIFIED
26,RandomForest,SHAP,1,2,debt_to_income,False,-0.16791077857770204,0.16791077857770204,0.1630013227513227,0.1580013227513227,0.1684775132275132,-0.0050000000000000044,0.005476190476190496,0.005476190476190496,-0.056769444775406776,False,True,True,VALID_RANK,False,SUPPRESS_UNVERIFIED,ABSTAIN
26,RandomForest,SHAP,2,1,credit_score,False,-0.1322192227120288,0.1322192227120288,0.1630013227513227,0.17944576719576716,0.15633465608465605,0.016444444444444456,-0.006666666666666654,0.016444444444444456,0.13097116510174037,False,False,True,VALID_RANK,False,SUPPRESS_UNVERIFIED,ABSTAIN
26,RandomForest,SHAP,3,0,income,False,0.09316582831889915,0.09316582831889915,0.1630013227513227,0.1630013227513227,0.15855687830687828,0.0,-0.0044444444444444176,0.0044444444444444176,0.030978120482891794,False,True,True,VALID_RANK,False,SUPPRESS_UNVERIFIED,ABSTAIN
27,RandomForest,SHAP,1,2,debt_to_income,False,0.1477985091996126,0.1477985091996126,0.3968071188071188,0.38847378547378547,0.4385185185185185,-0.008333333333333304,0.0417113997113997,0.0417113997113997,-0.2711874813024623,True,False,True,VALID_RANK,False,SUPPRESS_UNVERIFIED,ABSTAIN
27,RandomForest,SHAP,2,1,credit_score,False,-0.10916907258408226,0.10916907258408226,0.3968071188071188,0.413029341029341,0.3893997113997114,0.01622222222222225,-0.007407407407407363,0.01622222222222225,0.13390962072902282,False,False,True,VALID_RANK,False,SUPPRESS_UNVERIFIED,ABSTAIN
27,RandomForest,SHAP,3,0,income,False,-0.09737738538911836,0.09737738538911836,0.3968071188071188,0.4316960076960077,0.36682299182299183,0.034888888888888914,-0.029984126984126946,0.034888888888888914,0.45216992290564073,True,False,True,VALID_RANK,False,SUPPRESS_UNVERIFIED,ABSTAIN
28,RandomForest,SHAP,1,0,income,False,0.21328566022977083,0.21328566022977083,0.40851719576719575,0.40851719576719575,0.38851719576719573,0.0,-0.020000000000000018,0.020000000000000018,0.13940154217301381,True,True,False,RANK_MISMATCH,False,SUPPRESS_UNVERIFIED,ABSTAIN
28,RandomForest,SHAP,2,1,credit_score,False,-0.14581085470458324,0.14581085470458324,0.40851719576719575,0.40851719576719575,0.4061362433862433,0.0,-0.002380952380952428,0.002380952380952428,0.01349290849262461,False,False,False,RANK_MISMATCH,False,SUPPRESS_UNVERIFIED,ABSTAIN
28,RandomForest,SHAP,3,2,debt_to_income,False,-0.07858347409165044,0.07858347409165044,0.40851719576719575,0.3710727513227513,0.43525793650793654,-0.03744444444444445,0.026740740740740787,0.03744444444444445,-0.3478131992780096,True,True,False,RANK_MISMATCH,False,SUPPRESS_UNVERIFIED,ABSTAIN
29,RandomForest,SHAP,1,2,debt_to_income,False,-0.17416397014921517,0.17416397014921517,0.24492195767195768,0.24492195767195768,0.24492195767195768,0.0,0.0,0.0,0.0,False,False,False,RANK_MISMATCH,False,SUPPRESS_UNVERIFIED,ABSTAIN
29,RandomForest,SHAP,2,1,credit_score,False,-0.08494450719445273,0.08494450719445273,0.24492195767195768,0.23853306878306876,0.24492195767195768,-0.006388888888888916,0.0,0.006388888888888916,-0.03620597112187547,False,True,False,RANK_MISMATCH,False,SUPPRESS_UNVERIFIED,ABSTAIN
29,RandomForest,SHAP,3,0,income,False,0.04905899845887267,0.04905899845887267,0.24492195767195768,0.273255291005291,0.24158862433862432,0.02833333333333332,-0.003333333333333355,0.02833333333333332,0.22071910844060524,True,True,False,RANK_MISMATCH,False,SUPPRESS_UNVERIFIED,ABSTAIN
30,RandomForest,SHAP,1,1,credit_score,False,0.10958700389611697,0.10958700389611697,0.36861075199310495,0.3919440853264383,0.34477741865977163,0.023333333333333373,-0.023833333333333317,0.023833333333333317,0.26729451723888836,True,True,True,VALID_RANK,True,DISPLAY_TRUSTED,PARTIALLY_VERIFIED
30,RandomForest,SHAP,2,0,income,False,-0.07038731813978967,0.07038731813978967,0.36861075199310495,0.38861075199310496,0.32916630754866055,0.020000000000000018,-0.03944444444444439,0.03944444444444439,0.4143323614586796,True,False,True,VALID_RANK,False,SUPPRESS_UNVERIFIED,PARTIALLY_VERIFIED
30,RandomForest,SHAP,3,4,employment_years,False,-0.05116422267450384,0.05116422267450384,0.36861075199310495,0.36686472024707323,0.36527741865977165,-0.0017460317460317176,-0.0033333333333332993,0.0033333333333332993,0.010165354964134938,False,False,True,VALID_RANK,False,SUPPRESS_UNVERIFIED,PARTIALLY_VERIFIED
31,RandomForest,SHAP,1,2,debt_to_income,False,-0.1378177002513372,0.1378177002513372,0.30507671957671967,0.3089656084656085,0.30285449735449743,0.0038888888888888307,-0.0022222222222222365,0.0038888888888888307,0.03311550945232031,False,False,False,RANK_MISMATCH,False,SUPPRESS_UNVERIFIED,ABSTAIN
31,RandomForest,SHAP,2,4,employment_years,False,-0.04541727579208122,0.04541727579208122,0.30507671957671967,0.33118783068783075,0.30412433862433874,0.026111111111111085,-0.0009523809523809268,0.026111111111111085,0.1733193021385011,True,False,False,RANK_MISMATCH,False,SUPPRESS_UNVERIFIED,ABSTAIN
31,RandomForest,SHAP,3,0,income,False,-0.03845525057224604,0.03845525057224604,0.30507671957671967,0.38752116402116404,0.27218783068783076,0.08244444444444438,-0.03288888888888891,0.08244444444444438,0.8038822265310459,True,False,False,RANK_MISMATCH,False,SUPPRESS_UNVERIFIED,ABSTAIN
32,RandomForest,SHAP,1,1,credit_score,False,-0.1534530507877867,0.1534530507877867,0.21493007972419736,0.21493007972419736,0.21493007972419736,0.0,0.0,0.0,0.0,False,False,False,RANK_MISMATCH,False,SUPPRESS_UNVERIFIED,ABSTAIN
32,RandomForest,SHAP,2,0,income,False,-0.12164817415370718,0.12164817415370718,0.21493007972419736,0.21493007972419736,0.221596746390864,0.0,0.006666666666666626,0.006666666666666626,-0.046467180724337614,False,True,False,RANK_MISMATCH,False,SUPPRESS_UNVERIFIED,ABSTAIN
32,RandomForest,SHAP,3,4,employment_years,False,0.06017083868918567,0.06017083868918567,0.21493007972419736,0.21641156120567884,0.21270785750197513,0.0014814814814814725,-0.0022222222222222365,0.0022222222222222365,0.02371916158298164,False,True,False,RANK_MISMATCH,False,SUPPRESS_UNVERIFIED,ABSTAIN
33,RandomForest,SHAP,1,2,debt_to_income,False,-0.13728352169993713,0.13728352169993713,0.33426719576719577,0.32993386243386247,0.3502671957671958,-0.0043333333333333,0.016000000000000014,0.016000000000000014,-0.11018433145044829,False,True,True,VALID_RANK,False,SUPPRESS_UNVERIFIED,PARTIALLY_VERIFIED
33,RandomForest,SHAP,2,0,income,False,0.1177213473314351,0.1177213473314351,0.33426719576719577,0.3409338624338624,0.3012671957671958,0.006666666666666654,-0.032999999999999974,0.032999999999999974,0.27647972530981035,True,True,True,VALID_RANK,True,DISPLAY_TRUSTED,PARTIALLY_VERIFIED
33,RandomForest,SHAP,3,1,credit_score,False,-0.09086365707896349,0.09086365707896349,0.33426719576719577,0.33426719576719577,0.3231560846560847,0.0,-0.011111111111111072,0.011111111111111072,0.06296690629891337,False,False,True,VALID_RANK,False,SUPPRESS_UNVERIFIED,PARTIALLY_VERIFIED
34,RandomForest,SHAP,1,0,income,False,-0.13260302350149972,0.13260302350149972,0.3061534391534391,0.29948677248677247,0.3183756613756614,-0.006666666666666654,0.012222222222222301,0.012222222222222301,-0.13165701205229116,False,True,False,RANK_MISMATCH,False,SUPPRESS_UNVERIFIED,ABSTAIN
34,RandomForest,SHAP,2,2,debt_to_income,False,0.11977573285877963,0.11977573285877963,0.3061534391534391,0.30482010582010577,0.31337566137566136,-0.001333333333333353,0.007222222222222241,0.007222222222222241,-0.04636171323324897,False,False,False,RANK_MISMATCH,False,SUPPRESS_UNVERIFIED,ABSTAIN
34,RandomForest,SHAP,3,1,credit_score,False,-0.072392775152523,0.072392775152523,0.3061534391534391,0.3153201058201058,0.27282010582010585,0.009166666666666656,-0.03333333333333327,0.03333333333333327,0.24084841659334416,True,False,False,RANK_MISMATCH,False,SUPPRESS_UNVERIFIED,ABSTAIN
35,RandomForest,SHAP,1,2,debt_to_income,False,0.13595061377655496,0.13595061377655496,0.7787301587301587,0.7396190476190476,0.7733968253968254,-0.039111111111111097,-0.005333333333333301,0.039111111111111097,-0.18303845224555387,True,False,True,VALID_RANK,False,SUPPRESS_UNVERIFIED,PARTIALLY_VERIFIED
35,RandomForest,SHAP,2,0,income,False,0.09899216423559316,0.09899216423559316,0.7787301587301587,0.8092857142857144,0.7487301587301588,0.03055555555555567,-0.029999999999999916,0.03055555555555567,0.4220768915794031,True,True,True,VALID_RANK,True,DISPLAY_TRUSTED,PARTIALLY_VERIFIED
35,RandomForest,SHAP,3,6,age,False,0.07838741770268727,0.07838741770268727,0.7787301587301587,0.7448412698412699,0.7787301587301587,-0.03388888888888886,0.0,0.03388888888888886,-0.1645353162359726,True,False,True,VALID_RANK,False,SUPPRESS_UNVERIFIED,PARTIALLY_VERIFIED
36,RandomForest,SHAP,1,0,income,False,0.14037180478994046,0.14037180478994046,0.6120897435897436,0.6187564102564104,0.5904230769230769,0.006666666666666821,-0.021666666666666612,0.021666666666666612,0.19748551807843692,True,True,False,RANK_MISMATCH,False,SUPPRESS_UNVERIFIED,ABSTAIN
36,RandomForest,SHAP,2,1,credit_score,False,-0.08392418720297067,0.08392418720297067,0.6120897435897436,0.6170897435897437,0.6120897435897436,0.0050000000000001155,0.0,0.0050000000000001155,0.028335107834511774,False,False,False,RANK_MISMATCH,False,SUPPRESS_UNVERIFIED,ABSTAIN
36,RandomForest,SHAP,3,6,age,False,0.0810619959957141,0.0810619959957141,0.6120897435897436,0.5788952991452991,0.6154230769230771,-0.033194444444444415,0.0033333333333335213,0.033194444444444415,-0.17734749250025006,True,False,False,RANK_MISMATCH,False,SUPPRESS_UNVERIFIED,ABSTAIN
37,RandomForest,SHAP,1,2,debt_to_income,False,0.21313667722470434,0.21313667722470434,0.7334718614718614,0.730138528138528,0.7393607503607503,-0.0033333333333334103,0.0058888888888889435,0.0058888888888889435,-0.049974314264411714,False,False,True,VALID_RANK,False,SUPPRESS_UNVERIFIED,ABSTAIN
37,RandomForest,SHAP,2,1,credit_score,False,0.19682356049856806,0.19682356049856806,0.7334718614718614,0.7334718614718614,0.7334718614718614,0.0,0.0,0.0,0.0,False,False,True,VALID_RANK,False,SUPPRESS_UNVERIFIED,ABSTAIN
37,RandomForest,SHAP,3,0,income,False,-0.10225733949735738,0.10225733949735738,0.7334718614718614,0.7334718614718614,0.7334718614718614,0.0,0.0,0.0,0.0,False,False,True,VALID_RANK,False,SUPPRESS_UNVERIFIED,ABSTAIN
38,RandomForest,SHAP,1,1,credit_score,False,0.23873020105535986,0.23873020105535986,0.6487769996887643,0.6487769996887643,0.6381103330220976,0.0,-0.010666666666666713,0.010666666666666713,0.06044823004695732,False,True,True,VALID_RANK,False,SUPPRESS_UNVERIFIED,ABSTAIN
38,RandomForest,SHAP,2,0,income,False,-0.09920289930312232,0.09920289930312232,0.6487769996887643,0.6487769996887643,0.6543325552443199,0.0,0.005555555555555536,0.005555555555555536,-0.03872265060361478,False,True,True,VALID_RANK,False,SUPPRESS_UNVERIFIED,ABSTAIN
38,RandomForest,SHAP,3,3,loan_amount,False,0.052660488901898096,0.052660488901898096,0.6487769996887643,0.6487769996887643,0.6487769996887643,0.0,0.0,0.0,0.0,False,False,True,VALID_RANK,False,SUPPRESS_UNVERIFIED,ABSTAIN
39,RandomForest,SHAP,1,0,income,False,0.14046136648132218,0.14046136648132218,0.34660317460317464,0.339936507936508,0.3443809523809524,-0.006666666666666654,-0.0022222222222222365,0.006666666666666654,-0.03097812048289177,False,False,False,RANK_MISMATCH,False,SUPPRESS_UNVERIFIED,ABSTAIN
39,RandomForest,SHAP,2,1,credit_score,False,-0.12570860251517835,0.12570860251517835,0.34660317460317464,0.3482698412698413,0.3470198412698413,0.0016666666666666496,0.0004166666666666763,0.0016666666666666496,0.007083776958627629,False,False,False,RANK_MISMATCH,False,SUPPRESS_UNVERIFIED,ABSTAIN
39,RandomForest,SHAP,3,2,debt_to_income,False,-0.05786130637045683,0.05786130637045683,0.34660317460317464,0.339936507936508,0.39155189255189254,-0.006666666666666654,0.04494871794871791,0.04494871794871791,-0.2796986875280611,True,True,False,RANK_MISMATCH,False,SUPPRESS_UNVERIFIED,ABSTAIN
40,RandomForest,SHAP,1,2,debt_to_income,False,0.17040642009128767,0.17040642009128767,0.6562328042328043,0.5954074074074075,0.6693280423280423,-0.06082539682539678,0.013095238095238049,0.06082539682539678,-0.40056864290767946,True,False,False,RANK_MISMATCH,False,SUPPRESS_UNVERIFIED,ABSTAIN
40,RandomForest,SHAP,2,1,credit_score,False,-0.08711037046629473,0.08711037046629473,0.6562328042328043,0.657899470899471,0.6537883597883599,0.0016666666666667052,-0.0024444444444443603,0.0024444444444443603,0.023297755330597785,False,False,False,RANK_MISMATCH,False,SUPPRESS_UNVERIFIED,ABSTAIN
40,RandomForest,SHAP,3,0,income,False,0.05776461222905912,0.05776461222905912,0.6562328042328043,0.6824232804232805,0.5307513227513229,0.02619047619047621,-0.12548148148148142,0.12548148148148142,1.0571652401935483,True,True,False,RANK_MISMATCH,False,SUPPRESS_UNVERIFIED,ABSTAIN
41,RandomForest,SHAP,1,0,income,False,-0.1086838668671093,0.1086838668671093,0.1406810134310134,0.16834768009768006,0.13639529914529913,0.027666666666666645,-0.004285714285714282,0.027666666666666645,0.22271055904307663,True,False,True,VALID_RANK,False,SUPPRESS_UNVERIFIED,ABSTAIN
41,RandomForest,SHAP,2,1,credit_score,False,-0.10827496254266308,0.10827496254266308,0.1406810134310134,0.1406810134310134,0.1406810134310134,0.0,0.0,0.0,0.0,False,False,True,VALID_RANK,False,SUPPRESS_UNVERIFIED,ABSTAIN
41,RandomForest,SHAP,3,2,debt_to_income,False,-0.07150036159114678,0.07150036159114678,0.1406810134310134,0.1406810134310134,0.1406810134310134,0.0,0.0,0.0,0.0,False,False,True,VALID_RANK,False,SUPPRESS_UNVERIFIED,ABSTAIN
42,RandomForest,SHAP,1,2,debt_to_income,False,0.23062570260951412,0.23062570260951412,0.5454910459910461,0.5454910459910461,0.5454910459910461,0.0,0.0,0.0,0.0,False,False,False,RANK_MISMATCH,False,SUPPRESS_UNVERIFIED,ABSTAIN
42,RandomForest,SHAP,2,0,income,False,-0.05242059984533394,0.05242059984533394,0.5454910459910461,0.6141947496947496,0.49860215710215716,0.06870370370370349,-0.04688888888888898,0.06870370370370349,0.8056892835592141,True,False,False,RANK_MISMATCH,False,SUPPRESS_UNVERIFIED,ABSTAIN
42,RandomForest,SHAP,3,1,credit_score,False,-0.05216982932034172,0.05216982932034172,0.5454910459910461,0.5599672364672366,0.5538243793243794,0.01447619047619042,0.008333333333333304,0.01447619047619042,0.034811703910970666,False,False,False,RANK_MISMATCH,False,SUPPRESS_UNVERIFIED,ABSTAIN
43,RandomForest,SHAP,1,1,credit_score,False,-0.09559754895255468,0.09559754895255468,0.4987883967883968,0.5137883967883967,0.4551693491693492,0.014999999999999902,-0.04361904761904761,0.04361904761904761,0.3321954070884107,True,False,True,VALID_RANK,False,SUPPRESS_UNVERIFIED,ABSTAIN
43,RandomForest,SHAP,2,3,loan_amount,False,0.06604400705795543,0.06604400705795543,0.4987883967883968,0.4782328412328413,0.5054550634550635,-0.020555555555555494,0.00666666666666671,0.020555555555555494,-0.13014083789057243,True,False,True,VALID_RANK,False,SUPPRESS_UNVERIFIED,ABSTAIN
43,RandomForest,SHAP,3,4,employment_years,False,0.06599520382738551,0.06599520382738551,0.4987883967883968,0.494026492026492,0.49212173012173016,-0.0047619047619048005,-0.006666666666666654,0.006666666666666654,0.01219842595696164,False,True,True,VALID_RANK,False,SUPPRESS_UNVERIFIED,ABSTAIN
44,RandomForest,SHAP,1,2,debt_to_income,False,0.15184830786841674,0.15184830786841674,0.6264444444444446,0.5918412698412698,0.6386666666666667,-0.03460317460317475,0.012222222222222134,0.03460317460317475,-0.25374221528401514,True,False,True,VALID_RANK,False,SUPPRESS_UNVERIFIED,ABSTAIN
44,RandomForest,SHAP,2,0,income,False,0.15176995914185012,0.15176995914185012,0.6264444444444446,0.6264444444444446,0.6244444444444445,0.0,-0.002000000000000113,0.002000000000000113,0.013940154217302166,False,True,True,VALID_RANK,False,SUPPRESS_UNVERIFIED,ABSTAIN
44,RandomForest,SHAP,3,3,loan_amount,False,-0.09573072372588821,0.09573072372588821,0.6264444444444446,0.6264444444444446,0.6264444444444446,0.0,0.0,0.0,0.0,False,False,True,VALID_RANK,False,SUPPRESS_UNVERIFIED,ABSTAIN
45,RandomForest,SHAP,1,2,debt_to_income,False,-0.12947755109468462,0.12947755109468462,0.10590476190476188,0.09923809523809521,0.10368253968253965,-0.006666666666666668,-0.0022222222222222227,0.006666666666666668,-0.024084006874414945,False,True,False,RANK_MISMATCH,False,SUPPRESS_UNVERIFIED,ABSTAIN
45,RandomForest,SHAP,2,0,income,False,-0.11629213995961518,0.11629213995961518,0.10590476190476188,0.10257142857142854,0.11066666666666664,-0.003333333333333341,0.004761904761904759,0.004761904761904759,-0.05642443373669614,False,True,False,RANK_MISMATCH,False,SUPPRESS_UNVERIFIED,ABSTAIN
45,RandomForest,SHAP,3,4,employment_years,False,-0.046082093905128546,0.046082093905128546,0.10590476190476188,0.1342380952380952,0.09062698412698411,0.028333333333333335,-0.015277777777777765,0.028333333333333335,0.27929312763960856,True,False,False,RANK_MISMATCH,False,SUPPRESS_UNVERIFIED,ABSTAIN
46,RandomForest,SHAP,1,2,debt_to_income,False,0.227372303518941,0.227372303518941,0.8289179894179892,0.7969179894179893,0.8289179894179892,-0.03199999999999992,0.0,0.03199999999999992,-0.17340484949578713,True,False,True,VALID_RANK,False,SUPPRESS_UNVERIFIED,ABSTAIN
46,RandomForest,SHAP,2,1,credit_score,False,0.1969549108880641,0.1969549108880641,0.8289179894179892,0.8289179894179892,0.8289179894179892,0.0,0.0,0.0,0.0,False,False,True,VALID_RANK,False,SUPPRESS_UNVERIFIED,ABSTAIN
46,RandomForest,SHAP,3,0,income,False,-0.08080615998985306,0.08080615998985306,0.8289179894179892,0.8289179894179892,0.8289179894179892,0.0,0.0,0.0,0.0,False,False,True,VALID_RANK,False,SUPPRESS_UNVERIFIED,ABSTAIN
47,RandomForest,SHAP,1,0,income,False,-0.1402002005156742,0.1402002005156742,0.2828665876607053,0.2981443654384831,0.2828665876607053,0.015277777777777779,0.0,0.015277777777777779,0.1064872891599411,False,False,True,VALID_RANK,False,SUPPRESS_UNVERIFIED,ABSTAIN
47,RandomForest,SHAP,2,4,employment_years,False,-0.052456525746122216,0.052456525746122216,0.2828665876607053,0.3253665876607053,0.2761999209940386,0.04249999999999998,-0.00666666666666671,0.04249999999999998,0.31487187001408123,True,False,True,VALID_RANK,False,SUPPRESS_UNVERIFIED,ABSTAIN
47,RandomForest,SHAP,3,3,loan_amount,False,0.051061459403012474,0.051061459403012474,0.2828665876607053,0.2828665876607053,0.2861999209940386,0.0,0.0033333333333332993,0.0033333333333332993,-0.015935612802927095,False,False,True,VALID_RANK,False,SUPPRESS_UNVERIFIED,ABSTAIN
48,RandomForest,SHAP,1,4,employment_years,False,0.1647614325574471,0.1647614325574471,0.2913316498316498,0.2913316498316498,0.2913316498316498,0.0,0.0,0.0,0.0,False,False,False,RANK_MISMATCH,False,SUPPRESS_UNVERIFIED,ABSTAIN
48,RandomForest,SHAP,2,2,debt_to_income,False,-0.12626946713716786,0.12626946713716786,0.2913316498316498,0.28688720538720536,0.2913316498316498,-0.0044444444444444176,0.0,0.0044444444444444176,-0.024084006874414796,False,True,False,RANK_MISMATCH,False,SUPPRESS_UNVERIFIED,ABSTAIN
48,RandomForest,SHAP,3,0,income,False,-0.09462556750470892,0.09462556750470892,0.2913316498316498,0.2913316498316498,0.2859983164983165,0.0,-0.005333333333333301,0.005333333333333301,0.03717374457947009,False,False,False,RANK_MISMATCH,False,SUPPRESS_UNVERIFIED,ABSTAIN
49,RandomForest,SHAP,1,1,credit_score,False,-0.1440301890833755,0.1440301890833755,0.39205830280830267,0.39205830280830267,0.39205830280830267,0.0,0.0,0.0,0.0,False,False,False,RANK_MISMATCH,False,SUPPRESS_UNVERIFIED,ABSTAIN
49,RandomForest,SHAP,2,2,debt_to_income,False,0.06288186124441318,0.06288186124441318,0.39205830280830267,0.3487249694749694,0.4449471916971917,-0.04333333333333328,0.05288888888888904,0.05288888888888904,-0.5214187488310842,True,False,False,RANK_MISMATCH,False,SUPPRESS_UNVERIFIED,ABSTAIN
49,RandomForest,SHAP,3,3,loan_amount,False,-0.06117217800123462,0.06117217800123462,0.39205830280830267,0.39205830280830267,0.39205830280830267,0.0,0.0,0.0,0.0,False,False,False,RANK_MISMATCH,False,SUPPRESS_UNVERIFIED,ABSTAIN
